Link,Place,Title,Image,Date,Location,InfoLink,Member,Article
https://artemperor.tw/tidbits/19131,台灣,原顏藝術 UYart【金穗山梨 Golden Yamanashi 】盛正德個展 Sheng Jeng-De solo exhibition,https://d2onjhd726mt7c.cloudfront.net/images/datas/000/121/740/cb8c12fcw4d7wrqa25sry9eygnrqtfow_800x420^.jpg,2025-11-07 ~ 2025-11-16,日本山梨県甲府市北口1-2-14 （甲府北口プラザビル 708号室）,https://www.facebook.com/uyart28,盛正德,"《金穗山梨》——盛正德的光之詩篇
盛正德的畫作總是靜靜地發光。那不是耀眼的閃亮，而是一種從畫面深處緩緩滲出的溫度——柔和、細膩，卻又充滿力量。《金穗山梨》延續了他一貫的油性粉彩語彙，以光為筆、以色為詩，將山梨縣清晨的富士山轉化為一首金色的頌歌。
在這幅作品中，盛正德以細微的層疊筆觸構築出柔霧般的空氣感，陽光從山巒之間傾瀉而下，灑滿整片大地。金黃的光流在畫面中蔓延，如稻穗的波浪，也如心靈的呼吸。那是一種安靜的震撼——畫面沒有喧囂的對比，卻讓人感受到萬物蘇醒的脈動。
他擅長以油性粉彩堆疊出光的厚度，讓色彩在柔軟與堅實之間取得奇妙的平衡。盛正德筆下的「光」並非自然的再現，而是情感的延伸；那金色的稻田與晨曦，不僅屬於山梨，也屬於人心最深處對「溫暖」與「希望」的記憶。
畫中那棟小屋、那幾株樹、那幾道人影，皆不為主角，卻讓整幅畫充滿人間氣息。觀者彷彿能聽見遠方的風，嗅到陽光灑在土地上的氣味。盛正德以他獨有的靜謐筆調，描繪出自然中最細微卻最永恆的片刻——那是時間靜止的一秒，也是生命閃耀的一瞬。
《金穗山梨》不只是風景，更是一種心境的風光。它讓人想起收穫的季節，也喚起靈魂的金色記憶。盛正德以油性粉彩的溫度，讓畫面在光與靜之間流動，展現他作品中最迷人的特質——讓色彩說話，讓光成為情感的語言。
《金穗山梨｜盛正德 個展 》
Golden Yamanashi ｜Sheng Jeng-De solo exhibition
展期：2025.11/07（金）～11/16（日）
時間：pm13:00~pm18:00
会場：UYart 甲府會所
ADD：日本山梨県甲府市北口1-2-14
（甲府北口プラザビル 708号室）
連絡看展 line ID : uyart588"
https://artemperor.tw/tidbits/19102,國際，中國,寶吉祥藝術中心【2025 西岸藝術博覽會】,https://d2onjhd726mt7c.cloudfront.net/images/datas/000/121/595/6z98d7hqtoc1h864lg71bd965in0c3rz_800x420^.jpg,2025-11-13 ~ 2025-11-16,西岸國際會展中心,https://art-center.gloje.com/extend_reading.php?rely_id=180,井上有一、江基名、林郁珮、高定、黃至正,"寶吉祥藝術中心隆重宣布將參展2025年上海西岸藝術博覽會（West Bund Art & Design），展期自11月13日至11月16日，展位號2A11。此次策展以東亞當代藝術為核心，呈現橫跨不同世代與文化語境的創作脈絡。
寶吉祥藝術中心帶來日本書法藝術家井上有一（Yuichi Inoue , 1916–1985）在1960至1980年代的精選作品，重點呈現其筆墨語言的革新與精神張力，透過這些作品引領觀者感受東亞書法如何在當代語境中，超越語言、文化等形式的界限，回歸其以書寫為生命實踐的精神核心。井上有一其極具爆發力的筆墨語彙，不僅拓展書法與抽象藝術的疆界，也深刻影響當代東方藝術美學的發展。
同時，藝術中心亦將聚焦於近年推動的「跨世代計畫」，此次帶來四位台灣當代藝術家—江基名、林郁珮、高定與黃至正最具代表性的作品，他們分別以木雕、當代膠彩水墨與金屬箔材為媒介，從東方哲思與自然觀及成長背景中汲取靈感，形塑出個人化的當代視覺語言，他們的作品也呈現出東亞文化在當代藝術脈絡中煥發出的新生姿態。
本次展出中，江基名以細膩真摯的木雕語彙，探尋人、自然與科技之間既矛盾又共存的複雜關係，他以「花瓶」作為象徵起點—代表熟悉、安穩、美好的容器，不僅象徵承載著當代社會形象、角色與身份期待呈現的理想樣貌，成為一層表面的「殼」。
在作品中，「植物」成為唯一具有生命性的存在，既象徵著希望，也脫離自然的浪漫，成為混合了科技、工業的生長體，映照當代生命的處境：被規訓、被美化，卻仍不斷在裂縫中尋求突圍與重生的可能。
林郁珮則以膠彩描繪出能涵容創作者與觀者心靈的內在場域。她將觀察到心靈深處的意象描繪下來，重新組合成一幅幅心象的風景。她試圖回應並提供當代成人在面對內在張力與情緒衝突，所需要的一個心靈場域，一處安放困惑，去探索、去重組、去涵容那些看似矛盾的情緒和想法的空間，她透過創作的過程與觀看的體驗，引領觀者最終迎來那份寧靜與和解。
黃至正以其敏銳的情感感知與對材質語彙的獨特運用，並長期關注於記憶、身體、家庭與神話的當代意義，逐步建構出一套既詩意又帶有心理厚度的創作脈絡。他以金銀箔材為核心，從古典神話、自然生命到家族記憶中擷取靈感，重組觀看的記憶與視覺構成方式，呈現出一種細膩溫柔卻精準的認知干擾，邀請觀者重新思考「愛」、「時間」與「關係」的當代意義。
高定長期行走於台灣山林之間，將登山過程中的身體經驗與現場感受，轉化為筆墨之間的繪畫語言。其作品聚焦於台灣山脈稜線的轉折與結構，運用近乎執拗的乾筆皴法，層層堆疊出山脊如刀鋒般的肌理，高定並非以寫實方式再現山形，也非傳統山水的浪漫想像，而是一種介於身體與山勢之間的直接對話，使觀者仰望感受到山岳在雲霧背後所蘊藏的沉靜與莊嚴，更呈現人在自然面前的謙卑與敬畏，進一步引領觀者進入一種沉思與仰望的精神狀態。
透過此次參展，藝術中心期望在國際平台上進一步拓展東亞當代藝術的精神脈絡與多元敘事，為全球觀眾帶來富有深度與啟發性的藝術經驗與對話可能。
關於寶吉祥藝術中心
上海寶吉祥藝術中心於2018年9月由寶吉祥集團總裁創辦於上海外灘圓明園公寓，來年2019年在臺北市大直區成立臺北寶吉祥藝術中心。(上海寶吉祥藝術中心於2022年因疫情原因結束營運，保留辦公室持續運營)。
秉持寶吉祥集團對文化的支持，寶吉祥藝術中心旨在為專注創作、獨具風格的藝術家提供展覽平臺，將藝術中心打造成一個文化交流與輸出的視窗，透過純粹的展覽規劃完整呈現藝術的珍貴結晶; 作為宣揚美的場所，寶吉祥集團期盼透過這個平臺給大眾展示不同時期與風格的藝術品，帶來感官上美的衝擊與震撼。
展出藝術家｜Artist
井上有一 Yuichi Inoue • 江基名Chiang Chi Min • 林郁珮 Lin Yu Pei • 高定 Gao Ding • 黃至正 Huang Chih Cheng
展會時間｜Time
2025.11.13 - 11.16
展位｜Booth
2A11
展會地點｜Venue
西岸國際會展中心
上海市龍耀路7號
貴賓預覽｜VIP Preview
2025.11.13（週四｜Thu.） 13:00 - 19:00
公眾開放｜Public Days
2025.11.14（週五｜Fri.） 12:00 - 18:00
2025.11.15（週六｜Sat.） 12:00 - 18:00
2025.11.16（週日｜Sun.） 12:00 - 18:00"
https://artemperor.tw/tidbits/18907,台灣，屏東縣,島人藝術空間【umaumalran成為說故事的人】,https://d2onjhd726mt7c.cloudfront.net/images/datas/000/120/708/duomse00qtc4emad432dlrnwns659rh3_800x420^.jpg,2025-09-16 ~ 2025-11-16,臺灣原住民族文化園區 八角樓特展館,https://www.tacp.gov.tw/News/ExhibitionInfo?ID=0f76c060-8851-4d46-801b-30775c324d07,楊慕仁,"「我們總是在聽別人的故事，那麼自己的呢？」來自台東知本部落卑南族藝術家楊慕仁（Ushiw Pakaruku），用畫筆回答這個提問。
展覽名稱《umaumalran》是卑南語「成為說故事的人」之意。三件貫穿全場的核心作品《聽故事的人》、《說故事的人》、《成為說故事的人》以繪畫追尋族群的歷史、神話與語言記憶，串連起「聆聽、口述、創作」的歷程。他的作品融合部落長者的口述記憶、族服圖紋、神話植物與生活物件，畫出一座座視覺的部落劇場。
展覽展出的楊慕仁創作，不只是回望過去，更是對未來的發聲，誠摯邀請您一同走進這些故事，看見圖像中流動的語言與靈魂。
展覽資訊
展期｜2025年9月16日至11月16日
開幕活動｜2025年9月27日(六) 10:00-12:00
（報名連結：https://forms.gle/j8FqUT8jpWS9xqBH7）
地點｜臺灣原住民族文化園區 八角樓特展館
（90341屏東縣瑪家鄉北葉村風景104號）
指導單位：原住民族委員會
主辦單位：原住民族委員會原住民族文化發展中心
執行單位：島人國際創意整合有限公司"
https://artemperor.tw/tidbits/18899,台灣，台北市,Bluerider ART【西瑞．菲茲 : 天堂遺落的浪漫】Thierry Feuz : Romance from Heaven,https://d2onjhd726mt7c.cloudfront.net/images/datas/000/120/677/ucfebp1psi0hrcw9igat9i68vgc1528l_800x420^.jpg,2025-09-13 ~ 2025-11-16,台北市大安區敦化南路二段 77 號 1 樓,https://blueriderart.com/tw/viewingroom/2025-09-03/,Thierry Feuz,"「真正的天堂，是我們已失去的天堂。」— 馬塞爾·普魯斯特（Marcel Proust，法國作家，1871–1922）《追憶似水年華》
西瑞．菲茲 Thierry Feuz（瑞士，b. 1968），出生於維也納，擁有瑞士日內瓦藝術與設計大學碩士（Haute École d’Art et de Design），目前生活創作於日內瓦。在他的藝術世界中，藝術、科學、哲學相互交會，他關心人類普世間共有的「存在」（Existence）之意義，並以獨有的繪畫技術呈現未曾可見之境域。西瑞．菲茲 Thierry Feuz 的作品獲重要機構與美術館收藏，包括瑞士歷史與藝術博物館（Musée d’Art et d’Histoire, Neuchâtel）、新加坡藝術基金會（Singapore Art Foundation）、瑞士銀行（UBS）、美國薩克斯第五大道精品百貨（Saks Fifth Avenue），以及微風集團、玉山銀行等企業收藏。
當我們凝視西瑞．菲茲 Thierry Feuz的畫布時，所見不只是色彩的交響，而是一場關於記憶、自然與時間的浪漫追尋。這位瑞士藝術家將童年與爺爺共享的鄉間時光，化為其創作的原點：他在爺爺的引領下認識大地的紋理、動物的足跡、風的方向與氣味。他們躺在山丘上，仰望天空，看著生命萬物隨微風吹起——那樣的瞬間，簡單卻澄澈，猶如一段被時間珍藏的樂章。對菲茲Feuz而言，這就是生命最純粹的浪漫：短暫卻永恆，稍縱即逝卻深深烙印。
這種對記憶的凝視，與普魯斯特在《追憶似水年華》中所揭示的哲思不謀而合。普魯斯特透過一口馬德蓮的味道，喚醒了深藏於內心的童年場景。那種「非自願記憶」打開了時間的縫隙，使得過去與現在得以重疊。時間不再只是直線的流逝，而是如同多層堆疊的水晶，每一層都保存著獨特的光影。菲茲Feuz的創作正是這樣的結晶體——他將時間的碎片轉化為色彩的漂浮，讓畫布成為流動的記憶場域。
菲茲Feuz是個喜好探索技法的藝術家，他的色彩構圖並非靜止，而是如風般流動、如河流般生長。那些漂浮的形體與光暈，讓人彷彿感受到樹葉的低語、草地的律動。每一筆都是一次記憶的再現，讓觀者被帶回那片失落的天堂。知名瑞士策展人和藝評家Oliver Orest Tschirky 評論：「西瑞．菲茲的畫風，是後現代時代精神的哲學與主題認知，將古典、中世紀、巴洛克、印象派、超現實主義、與抽象表現主義等元素整合統一。」
普魯斯特曾在《重現的時光》中寫道：「Les vrais paradis sont les paradis qu’on a perdus.」（真正的天堂，是我們已失去的天堂。）這句話既是對失落之美的頌歌，也是菲茲Feuz藝術的精神座標。他的作品宛如拾起了天堂墜落的碎片：風中漂浮的塵光、山丘上被凝望的蒼穹、浮蝣般短暫而美好。這些記憶的碎片在他的筆下再度綻放，在視覺上重建出一個浪漫的永恆時空。正如浪漫主義者所追尋的，真正打動人心的，是自然與情感交織時的震顫，是心靈深處那份對不可企及之物的渴望。
藍騎士藝術 Bluerider ART 台北．敦化推出代理藝術家「西瑞．菲茲：天堂遺落的浪漫」（Thierry Feuz : Romance Fallen from Heaven）– 2025 個展，將展出近期精選作品：為台灣特別創作的近四米巨作《微風・玉山》（Silent Winds Panorama Jade），他以壯麗的色彩描繪出黎明雲霧下的群峰，雲海在畫布間翻湧，台灣特有的花朵與飛舞的生命交織其間，層巒如詩，氣象萬千。這不僅是對台灣自然之巔的致敬，更是召喚著我們內心深處那片被時間隱匿的天堂。《雨花園・金色星辰》（Raingarden Golden Astrales）融合自然、微觀與幻想意象，凝結雨後花園的詩意與靜謐，呈現真實與幻境交織的金色星辰景致。以波提切利（Botticelli）《Primavera》讚頌春日生機的精神為啟發的全新系列作品：《春之頌・金色穗影》（Primavera Golden Avena）以柔粉與金棕漸層襯托飄逸絮狀與光暈花朵，融合春日生機與夢幻氣息，營造出詩意且空靈的金色花園景致。《春之頌・金色光輝》（Primavera Golden Aurea）以絮狀花冠與幻彩植形綻放於金色氛圍中，寓意春日繁盛與光華，將自然生命的律動轉化為詩意樂章，呈現希望與新生的永恆讚歌。
當觀者走入展場，將如同踏進一片由記憶、自然與夢境交織而成的詩意空間。光與影在其中流轉，色彩彷彿有了呼吸。微風依舊吹拂，時間彷彿停止在那個山丘之上，而我們在畫布之間，尋找失落的天堂。這就是「天堂遺落的浪漫」：一場超越時空的追憶，一場對自然與記憶的詩意凝視，一場浪漫主義精神的當代迴響。"
https://artemperor.tw/tidbits/18853,台灣，連江縣,國立新竹生活美學館【再來一次! try again 】「藝術游擊」藝術家返場聯展,https://d2onjhd726mt7c.cloudfront.net/images/datas/000/120/481/mmf2xeoozawybbil3mczjetxk7wegpin_800x420^.jpg,2025-09-05 ~ 2025-11-16,東莒島（東莒大浦客廳、正泰養雞場）、西莒島(田澳老街、福餘商店),https://www.nhclac.gov.tw/,倪苑茹、李語晨、鄭伊里、黃建寰、邱雍晉、李奕芃,"文化部所屬國立新竹生活美學館自2019年起辦理「島嶼對話-馬祖文化交流」計畫，今年邁入第7年，其中「藝術游擊」藝術家駐村活動，徵選年輕藝術家進駐馬祖生活與創作。2021年起鼓勵曾參與本計畫之駐村藝術家再次返馬祖創作、展演或與在地團隊合作辦理相關活動，辦理藝術家返場計畫。今年配合第三屆「馬祖國際藝術島」活動，邀請6位曾參與駐村的藝術家倪苑茹、李語晨、鄭伊里、黃建寰、邱雍晉與李奕芃，分別於馬祖東莒大浦聚落、正泰養雞場及西莒田澳聚落「返場」展出。
時間的流淌，讓過往可憶不可追，「再來一次」是許多人心中的想望，有的事物有重來的機會，但有的沒有。重來不一定就是完整的原始再現，用不同的形式再現也是重來。這次展覽探索「物」與「人」及「時間」的聯繫，人類生活無所不與「物」共存，經由物質與他人產生聯繫與互動，我們使用、分享、談論、製造並賦予它意義，也寄託情感。物不只是物品，也滿足人類的各種需求，並間接形塑表現我們是怎麼樣的人。
在高度消費社會中，物件氾濫，除了實用性功能消失被人類淘汰視之為廢棄物之外，也有一些是被珍視之紀念物，二者的價值是否都會因不合時宜而消亡？它們是否還有重新循環再來一次的機會?當物件原始角色的轉換，可重溫過往也可以再賦新詞，都將產生出不同的面貌！激發不同的聯繫。經由藝術家的巧思，讓它們能夠脫胎換骨轉換成另一個物件型態與功能。
以「再來一次」為主題，另一面向也同步呼應創作者和馬祖在地的想望，對於藝術家們返場是再來一次馬祖創作的機會，對於老聚落來說是再一次傳述過往之風華；每個人在不同階段與場合都在扮演不同的角色與身分，期望大眾也能時時抱持著再來一次的信念，堅毅而勇敢展現多元化的自己。
聯展場地選擇於東莒大浦聚落、正泰養雞場及西莒田澳聚落，二個島嶼各安排3位藝術家展出。在西莒福餘商店展出的作品《島的棲息練習》是藝術家邱雍晉透過日常中移動的經驗，關注人與自然變化的過程，重組當下經歷的感知。他搭建出一座暫時性的小島空間，給過路人一個離岸的機會，可漂浮在現實與想像之間。觀眾進入這個既私密又開放的空間，反思「安身之地」的定義。
在田澳聚落的展出藝術家黃建寰，作品《島犬拾光》以廢石與漂流木構築的台座為記憶與失落的象徵，上方安置一隻由透明樹脂與海漂物組成的犬形雕塑，抽象回應古地名「西犬島」。半透明軀體封存浮具、漁網、海玻璃等海岸殘片，在陽光下折射海洋色光與時間痕跡，如同逐漸消逝的語言、人口與生活。
而另一位在田澳聚落的藝術家是曾於109年在南竿駐村的李奕芃，利用海漂浮球做出《獻給馬祖的一隻貓毛蟲》，傳達出他對馬祖的喜愛，讓觀眾也可以跟著貓毛蟲一起探索村莊。
因應東莒正泰養雞場空間未來將以餐食主題發展使用，藝術家也結合此空間調性構想。倪苑茹運用自身的金工技藝與設計思維，作品《海拾餐具》利用海陶瓷碎片以金繼技巧重製餐具系列，並特意將彰顯陶器圈足，讓這個具功能性但常被忽略的部分，經海濤打磨與手感痕跡，重新被看見。
同樣專注以海洋廢棄物為題材的李語晨，長期進行《海洋碎片》影像拍攝計畫，拍攝的主角海廢擬真如海洋生物一般，虛實難辨。作品《海神的餐桌》以環保角度去檢視海洋生態的永續性，當海廢成為海，這些生物們又將如何生存。
同樣在東莒展出的鄭伊里則延續將去年在西莒駐村時開發出來的海廢浮球音箱，在「大浦客廳」組合創建出《海廢互動家庭音響》讓大家體驗沉浸式音場。觀眾可以使用手機掃描喇叭上的 QR code，與音樂互動。為實踐環保概念，聲音裝置撤展後還能繼續作為日常使用的藍牙喇叭，成為永續使用的生活物件。"
https://artemperor.tw/tidbits/18683,台灣，台北市,臺北市立美術館【雙鉤廓填: 柯良志個展】,https://d2onjhd726mt7c.cloudfront.net/images/datas/000/119/810/cpon0k4zq2mkv00f3yjrxl27jrgq8la9_800x420^.jpg,2025-08-09 ~ 2025-11-16,臺北市立美術館（臺北市中山區中山北路三段181號）,https://www.tfam.museum/index.aspx?ddlLang=zh-tw,柯良志,"「雙鉤廓填」，取自古代書畫摹本的技法。「雙鉤」，用細勁墨線鉤勒字形輪廓，「廓填」，以墨填充其內。此一技法強調形式上的描繪與內涵上的填實，其本質即是「結構」與「內容」之間的共構關係。藝術家借用這一古典手法，不只是回應書法技藝的歷史脈絡，更透過此術語轉化為一種當代藝術創作的概念模型。這個模型意味著：對於當代社會各種表象的描摹（鉤勒），以及對其內部空洞、荒謬或重複問題的批判與填補（廓填），從而形成具有批判意識的藝術語言。本展旨在思考書法於當代的語彙與形式，探索其在生活脈絡中的流動與再生，並激發觀眾對「書寫」更開放且具想像力的體驗與認知。
▐ 藝術家
柯良志（1980- ），生於台中，現任國立臺東大學美術產業學系專任副教授，畢業於國立臺灣師範大學美術研究所博士。曾任空場Polymer藝術家、駐村藝術家與表演合作藝術家，展現跨域整合的實踐能量。創作涵蓋書法、繪畫、裝置與行為與文本語言，長期關注社會議題、日常經驗與書寫行為之間的關聯，致力於開拓當代書藝的實驗性表現。
他的展覽經歷豐富，除活躍於國內各展覽場域如橫山書法藝術館、國父紀念館、濕地替代空間、畫廊等，也積極參與國際藝術交流。代表性國際展覽包括義大利威尼斯「Two Points」當代藝術計畫、德國科隆藝術博覽會、上海AArt城市藝術博覽會、北京海峽兩岸書畫名家展等地的聯展交流。代表個展有「書寫的景深」、「好了就好了」、「今不同弊」、「書法喝咖啡」等，展現書法語言與身體、空間之間的深度對話。作品風格融合傳統筆墨精神與當代觀念辯證，常透過語境錯置與符號重構，探索書藝的文化脈絡與當代表現力，建立一種開放而深具文化辯證性的藝術對話。"
https://artemperor.tw/tidbits/18681,台灣，台北市,臺北市立美術館【未完成之作: 彭弘智個展】,https://d2onjhd726mt7c.cloudfront.net/images/datas/000/119/811/upj2otdrf4sq0vy7lcqmb59eustgrrr7_800x420^.jpg,2025-08-09 ~ 2025-11-16,臺北市立美術館（臺北市中山區中山北路三段181號）,https://www.tfam.museum/index.aspx?ddlLang=zh-tw,彭弘智,"彭弘智的創作核心關注宗教、文化、權力與身分的交錯關係，擅長運用幽默與象徵手法，挑戰觀者對社會結構與信仰體系的既定認知。他著名的《犬僧系列》作品中，透過狗的形象書寫宗教經文，探討神性與動物性之間的界線與轉換。 其創作風格融合東西方文化元素，透過多重媒材與符號的交錯，呈現對當代社會與人類處境的深刻反思。
本次個展聚焦在他近期的跨領域嘗試：劇場界有許多已逝或英年早逝的英才，例如:田啟元（1964-1996）、陳明才（1961-2003）、周逸昌（1948-2016）等。他們對台灣的劇場界都有深遠的影響，都是開拓者的角色，可惜好像有很多應該接下來要完成的作品或事業沒有 辦法完成就離開了。他非常渴望知道這些英年早逝的英才是否有所遺憾，是不是有未完成的作品想要幫忙繼續完成?所以思考是不是經由靈媒或觀落陰的方式可以把他們找出來，問他們有沒有要完成的劇本或故事，讓我們還在現世的後輩可以幫忙完成。一開始是黑白的紀錄片，記錄著探訪靈媒的過程，問這些靈媒他們三位有沒有未完成的作品。並且跟這三位亡靈討論這個作品要如何繼續發展，後面是彩色的影片，依據訪談後結果的一個表演作品。這是跟逝去亡靈的共同合作，最後根據他們所想要做的來完成一個新的電影和裝置。
▐ 藝術家
彭弘智是一位活躍於台灣與國際當代藝術界的跨媒材藝術家，1969年出生於台北市，籍貫為桃園楊梅。他於1992年畢業於國立台灣師範大學美術系，1997年取得美國舊金山藝術學院碩士學位，之後展開豐富的創作與展覽生涯，作品涵蓋錄像、裝置、雕塑、水墨、油畫、3D列印等多種形式。  他的作品曾於伊斯坦堡、光州、福岡、台北等地的雙年展展出，並在歐洲、美國、中國等地舉辦個展與聯展。他曾獲得第五屆台新藝術獎視覺藝術類首獎，作品被多家國內外美術館與藝術機構收藏。"
https://artemperor.tw/tidbits/18679,台灣，台北市,臺北市立美術館【力求失真的嗓音】,https://d2onjhd726mt7c.cloudfront.net/images/datas/000/119/813/2ezhgpvifbidm48xbynqgrh7tkylt9lw_800x420^.jpg,2025-08-09 ~ 2025-11-16,臺北市立美術館（臺北市中山區中山北路三段181號）,https://www.tfam.museum/index.aspx?ddlLang=zh-tw,李紫彤,"這次展覽包含兩件作品：《時差書寫》及《#迎靈者》。製作《時差書寫》時，我曾聽小說家舞鶴演講：「我看到文學圈每天同儕的競爭、得獎，但看著外面、卻沒辦法發展自己的語言。於是我做了一個很大的決定：回到淡水，閉關了十年。創作應是幸福的，這段時間，我用自己的方式田野，我覺得真正的實踐，才能讓一個主題從外在進入內在，轉化成熟出自己獨特的語言。」記得當年在芝加哥聽到這段話，淚流滿面，多麼令人羨慕，這種既痛苦又奢侈的決心。我便從藝術學校休學，在臺灣政黨與華盛頓DC等不同政治場域工作，帶著對創作徹底實踐的認同，進入不同的地方田野。
在拍攝前作《海浪》時，我曾經歷性別歧視及暴力，嚴重到即使才剛開始拿一些電影獎項，但已經喪失了在電影圈存活的免疫力。《時差書寫》原意是拍318後國族認同的轉變，卻在田野過程裡，不自覺地被運動裡性別歧視及暴力的故事吸引。因此，我以參與式影片的方式，訪問了多名臺灣原住民酷兒及女性，並堅持「由全女性劇組製作」。
＊
展場前半，充滿這十年田野間留下的影像與筆記。包括某位原運長輩在運動隊伍繞行全台部落的最後一天，或許因為聽到太多各部落受壓迫的故事因此有替代性創傷，那晚他做了在總統府前自我傷害的準備，好像只有如此才能顯現對於一切的怒恨與承擔。Kating Hongay阿嬤在訪問中表達祖靈的遺憾後，很快就過世了，我覺得他的一片靈魂與意志也被儲存到記憶卡裡面，就像臉書死後會成為數位墳墓一般，Kating Hongay阿嬤再次存活在數位世界裡。
這些故事推向我製作《#迎靈者》。當各地的創作者、研究者為經歷政治暴力的靈魂書寫社群媒體貼文，讓他們在數位世界「復活」—— 那些激情下的創傷，如何在廣大的歷史脈絡與地緣政治中被聆聽？歷史不義與跨世代創傷又如何在數位時代被繼承與療癒？
＊
時代有其意志，人們為時代的輝煌奉獻、為集體的悲傷共鳴，但我們需要的不是大局，而是時間。我曾決定讓《時差書寫》每數年剪接一次，以致有2016、2019、2021版本，讓我每數年回看政治激情與自我心境的變化。但近期，我發現我的行為是在說：「我希望，我的未來可以回去，回去那個性暴力之前。」我們同理、一起承受替代性創傷，卻在這些替代的傷痛中，隱藏與忘記自己。
近年，我終於在#Metoo運動裡，把十多年前做《海浪》時的經歷說了出來。甚至，因作為另一起性騷擾事件的發聲者，我看見了《時差書寫》某位受訪者的另外一面。或許因為這些經驗，這兩年我身體開始有一些病痛，也已經無法如同過往，緊緊的記憶、肩負與衝撞。
或許這個展覽，我試圖給一個夢「後」的時間——創作，是浦島太郎逛了海底神宮，寶盒被放映，我卻摀住了臉——那不僅是你我同在一個現場的羞怯，也是在「現在」這個未來，對辯證變化感到的畏懼。作為創作者，如同許多需要目睹、專述痛苦的記者、人文學者⋯我們試圖臨摹、貼近經驗，也僅能發出力求失真的嗓音。甚至，我們正在這些層層疊疊身份結構與自己苦痛的混沌之上，跳舞、唱歌、力求失真的走音。
▐ 藝術家
李紫彤是一位藝術家兼策展人，作品糅合人類學田野研究、政治行動和經濟批判。畢業於麻省理工學院建築碩士學位和芝加哥藝術學院藝術創作碩士學位，獲得新藝術社群全額獎學金（New Artist Society）和跨媒體藝術獎學金（Transmediale Fellowship）。他的作品探討邊緣化社群如何透過開源方法、去中心化工具和參與式計畫「酷異化(queer up)」當前威權與殖民體制。其作品在臺灣、國際間廣泛展出，包括國立臺灣美術館、麻省理工學院博物館、里斯本大學、柏林跨媒體藝術節、韓國美學館、北京現代汽車文化中心、英國不對稱基金會、愛爾蘭Beta藝術節、瑞典Skovde博物館等。
除了藝術實踐外，李紫彤曾在芝加哥組織哲學星期五（2016-2018），參與海外臺灣青年陣線及籌辦海外臺灣人反黑箱課綱（2016）、同婚遊行（2016）等活動。"
https://artemperor.tw/tidbits/18677,台灣，台北市,臺北市立美術館【不發音字母—翻閱165頁厚度】,https://d2onjhd726mt7c.cloudfront.net/images/datas/000/119/812/rigw598bzob7nz2f29mxjukvdkhqj5up_800x420^.jpg,2025-08-09 ~ 2025-11-16,臺北市立美術館（臺北市中山區中山北路三段181號）,https://www.tfam.museum/index.aspx?ddlLang=zh-tw,徐瑞謙,"不發音的字母成為構成單字的必要元素，卻在聲音中隱形了起來。
默默的在此，試著從視覺中發音。
日常生活裡，有形的東西衡量著我們周遭，講求明確與功能，被定義指向。
展覽裡透過物件與材料拼組構作，讓它們從切片與局部中延展開來。
像是翻閱書本，同時給了新的夾角，
扉頁，翻閱，才是內容的開始，一個換氣點與開始發聲。
因為這個空格，而有了連接與由此進入的邀請。
翻閱165頁的厚度，讓單位成為切片單字。
動作的翻閱，有了對於厚度的感受。
接觸與疊加，同時保有著直接與模糊。
不同視角看待單位，讓它更自在的在不同對象上。
物件、材料本身具備著被雕塑的潛力，此時此刻材料讓我有了虛構的可能。
物件、材料等媒介物，延伸投射，在空間裡成為不完整的句子。
開採，挖掘，飽和溶液，單字、物體、材料、草稿。
基礎材料，相遇加工，不可避免地留下痕跡。
破皮，少了敘事，夾雜著，有餘裕的虛無。
單字、單位，試著練習發音。
也讓所處當下的我可以保持在沒有明確的指涉下，留下些微。
▐ 藝術家
徐瑞謙透過創作回應，探索材料與物件的潛力，以及物質本身所蘊含的精神性。在反覆來回的構作過程中，他以直接而親密的方式喚醒那些尚未明朗的意識，進入一種模糊甚至矛盾的狀態，並從中持續探索。藉由對物質施加作用力，他觀察其所引發的影響與變化，作為切入現實世界的方式，進而貼近物的本質。
他讓感知回歸身體，成為創作的引導者。在好奇心的驅動下，透過與物件的交會，開啟對「單位」的想像，如同將物件視為單字，讓造句有了不同方式。他細緻地觀察、拆解、轉化並重新構築物件，以一種直接而親密的姿態，逐步揭示物質中潛藏的未明意識，並透過作品呈現其中的模糊與細柔。"
https://artemperor.tw/tidbits/19014,台灣，新北市,小北百貨板橋中正店【今日購物清單】Today’s Shopping Contingency,https://d2onjhd726mt7c.cloudfront.net/images/datas/000/121/178/dvea7l4t3rpdg1bt0vw7qcw4ay15r79f_800x420^.jpg,2025-10-09 ~ 2025-11-16,小北百貨板橋中正店（新北市板橋區中正路332號b1）,https://www.tfam.museum/index.aspx?ddlLang=zh-tw,李瑜芳、林祐聖、高登輝、潘怡安、簡詩翰,"「想不到的商品，想不到的服務，通通都在小北百貨。」 當你提著購物籃走在小北百貨，心裡一邊複誦著寫在備忘上的購物清單，耳裡一邊傳來店內播放的的廣告語，同時，腳步也隨著店員熟門熟路的指示穿梭在被商品堆得略顯擁擠的廊道裡......在這樣的購物經驗中，你是否曾在琳瑯滿目的商品層架前閃過一絲「這裡竟然還有賣這種東西啊」的想法？這個情境闡述著 —— 生活中會需要的東西，這家彷彿容納得下整個宇宙的百貨商行都先幫你做好萬全準備了。然而，儘管商場的多樣性折射出人們生活中的需求與缺口，但生活的變數卻永遠超乎準備。
在《今日購物清單》中，五位藝術家結合百貨商品與商場空間，在商品縫隙之中埋入意外事件。林祐聖的《當便利成為一種單位》思考便利服務如何重塑了生活，於是開始「量測便利性」，並在商品促銷區進行成果發表；簡詩翰在《這就是一本型錄》中，使用五大類別的小北商品為變裝皇后「漢娜」製作六組散佈於商場的代言形象，反問代言形象究竟在販售什麼；高登輝的《不為模模糊糊的未來擔憂，只為清清楚楚的現在努力》則將商場化為「靜物畫教室」，讓商品從消費對象轉換成繪畫中被凝視的靜物；李瑜芳在《家常便飯》中讓「功能性物件」承載繪畫，在效率生活的間隙填入了日常切片；潘怡安的《深處》重新轉譯滯銷商品，在銷售系統外，為物品尋得低語的可能性；找我劇場則透過語音引導觀眾遊走於商場，在《非官方導覽》中日常商品逐漸成為情感的容器。
「準備」本身有其局限性，這些意外事件改變了我們對物品與商品的想像，指向那些我們無法預測的未來——也許當意外出現時，我們需要的正是購物之外的這一點想像空間。
《今日購物清單》
Today’s Shopping Contingency
策展人｜蔡明岳
藝術家｜李瑜芳、林祐聖、高登輝、潘怡安、簡詩翰
非官方導覽｜找我劇場
展期｜2025.10.09（四）~2025.11.16（日）
地點｜小北百貨板橋中正店（新北市板橋區中正路332號b1）
活動資訊
開幕選品｜10/18 (六) 14:00-16:00 與談人：策展人 莊偉慈、參展藝術家
結帳時刻｜11/15 (六) 19:00-21:00 與談人：小說家 黃崇凱、參展藝術家
主辦單位｜両天工作室
贊助單位｜國家文化藝術基金會
合作單位｜小北百貨、板橋435藝文特區"
https://artemperor.tw/tidbits/19041,台灣，台北市,松山文創園區【2025原創基地節】沿之有物 TRACING THE ECHOES,https://d2onjhd726mt7c.cloudfront.net/images/datas/000/121/313/u0u3f5qgseoosftza3lvy4og6u4712qu_800x420^.jpg,2025-10-31 ~ 2025-11-16,台北市信義區光復南路133號,https://www.tfam.museum/index.aspx?ddlLang=zh-tw,三明治工、周學涵、陳協建、李俊誠、周柏慶、邱杰森、Margot Guillemot（莫珊嵐）,"松山文創園區年度指標盛事「原創基地節」將於10月31日盛大開展！原創基地節自2012年開辦至今已邁入第14屆，今年主題命名「沿之有物 TRACING THE ECHOES」，以舊產業鐵道為核心主軸，從一條不足500公尺的鐵路側線出發，追溯縱貫線與臺北城市發展的軌跡，深入探究松菸與鐵道、區域產業發展交織的歷史脈絡和城市記憶。活動期間將展出六件現地創作藝術作品、兩組現地表演及一間室內主題展，透過多元藝術展演詮釋主題觀點。
原創基地節自2023年起採取三年一期的策展形式，以松山菸廠與城市歷史相聯結的轉變為主題，從2023年回溯菸廠起源、2024年探索水圳發展到2025年最終章—聚焦舊鐵道支線，逐年從不同面向看松山菸廠在臺北城市發展中的角色、與歷史的聯結和轉變。
位在松山文創園區倉庫群後方的道路，前身為縱貫鐵路上的「松山菸廠專用側線」，用於載運菸葉與成品。隨著城市發展、產業更迭，這條專用側線逐漸淡出人們的記憶，直至2013年才將其命名為「菸廠路」，保留在地歷史回憶。2025年原創基地節「沿之有物」便將帶領民眾從菸廠路出發，沿著縱貫鐵路探索臺北城市鐵道廊帶的產業遺產群，望見臺北城市由西向東的規劃開發，並且重新發現過去所留下的歷史記憶。
2025年原創基地節串聯了「臺北製糖所文化園區」、「華山1914文化創意產業園區」、「台北啤酒工場」、「松山文創園區」與「瓶蓋工廠台北製造所」共五處臺北產業遺產群，共同推出《東西通行證：舊臺北產業線之旅》小冊，記錄臺北東西產業廊帶上所留下的產業遺產故事。民眾於《沿之有物：從鐵枝路到菸廠路》主題展填寫問卷或參加指定活動，即可索取限量小冊，帶著它從松菸出發、沿著舊產業鐵道線蒐集產業遺產群的前世今生。
今年邀請六位藝術家，各自創作出融入古蹟場域的現地戶外作品，轉譯鐵道與城市交織的記憶。藝術團隊「三明治工」作品《葉跡‧痕上‧軌道》以菸葉葉脈與鐵道路徑為靈感，創作出呈現極富紋理的陶藝裝置；《菸徑》為藝術家周學涵創作的巨幅陣列，作品呼應菸廠時期一貫化的生產作業，以勞動與物件回應產業歷史；漆作藝術家陳協建與新秀李俊誠將松菸場域的特色元素抽象化，重構並繪製成《菸縷時光》漆作壁畫。
亦有作品結合聲音或光影，如藝術家周柏慶使用報廢鋼軌等金屬媒材打造出聲音雕塑《共振於時間裡》，重現歷史場景的聲響肌理；藝術家邱杰森創作的互動裝置《Flux No.5 / Platform》，感應周圍的動靜與聲音，即時驅動光線變化，將人與空間的互動轉化為光的軌跡；藝術家Margot Guillemot（莫珊嵐）把細緻的手工描繪場景轉為雷雕壁畫《途境─市民大道II》，並以一道光束貫穿整幅作品，象徵都市的流動、交通與現代性。"
https://artemperor.tw/tidbits/19047,台灣，台北市,童里繪本洋行【在瞬間停留－速寫中的風景  In the Stillness of a Momen】何包蛋×黃一文×吳欣芷  三人聯展,https://d2onjhd726mt7c.cloudfront.net/images/datas/000/121/328/0jrdh3svmxqt2a8lcsv9i2b1no1c5vgu_800x420^.jpg,2025-10-18 ~ 2025-11-16,童里繪本洋行（台北市潮州街15號，近古亭捷運站),https://www.maisontempsreves.com/products/202510in-the-stillness-of-a-moment,何包蛋、黃一文、吳欣芷,"【展覽介紹】
「速寫」一詞，往往讓人聯想到迅速、隨性的筆觸。然而在何包蛋、黃一文與吳欣芷的筆下，它卻不只是速度的紀錄，而是一種觀看的姿態、一種與世界相處的方式。本次聯展《在瞬間停留－速寫中的風景》，將三人對速寫的獨特理解並置，邀請觀者在交錯的線條、符號與色彩間，感受那份在時間與感知中輕輕停留的美好。
對於何包蛋而言，速寫是以記憶的濾鏡溫柔描繪日常。她以鉛筆與水彩暈染街景，將注音符號巧妙置入畫面，使台灣的街道散發出模糊卻純真的氣息，帶領人們回到既熟悉又夢幻的童年時光。
黃一文則將速寫視為抉擇的藝術。每一次落筆，都在真實與虛構之間徘徊；有時需經過漫長猶疑，有時則因一瞬心動而完成。她的作品承載著未竟與完成的張力，彷彿時間在紙上凝固，使觀者看見當下的重量與脆弱。
至於吳欣芷，速寫是直覺與專注的交會。她在旅途與日常的間隙捕捉風景，任由線條與色塊在紙上交疊，像日記般隨性卻充滿樂趣，記錄與世界相遇的微光片刻。
三位藝術家的語言各自不同：一是旅程中的即興感受，一是時間裡的猶疑選擇，一是記憶深處的童年回聲。當這些作品相遇於同一展場，速寫不再只是技法，而是一種觀看世界的詩意方式。那些自由的線條與色彩，將瞬間輕輕留下，也邀請我們在其中尋找屬於自己的風景。
【展覽資訊】
✎  展覽日期｜2025.10.18（六）－11.16（日）  *週一店休
✎  藝  術  家｜何包蛋×黃一文×吳欣芷
✎  展覽地點｜童里繪本洋行（台北市大安區潮州街15號）
✎  參觀說明｜展覽自由入場，免費參觀
✎ 展覽詳情｜ https://reurl.cc/0WNY69
﹋﹋﹋﹋﹋﹋﹋﹋﹋﹋﹋﹋
【藝術家介紹】
✎﹏﹏何包蛋 ㄏㄜˊㄅㄠㄉㄢˋ
｜展覽概念｜
運用鉛筆和水彩模糊的暈染呈現街景，以直覺的方式畫下物品的輪廓，加入注音符號，彷彿畫裡的台灣街景就像回到童年一樣，純真美好卻模模糊糊的感覺。
｜藝術家介紹｜
以注音符號當作插畫，讓大家回歸兒時童真和當時單純的美好，運用花草和注音符號結合日常生活所看到的磁磚、街景、鐵花窗等想展現台灣可愛的另一面～
IG：@misshoegg
FB：何包蛋
﹋﹋﹋﹋﹋﹋﹋﹋﹋﹋﹋﹋
✎﹏﹏黃一文
｜展覽概念｜
雖然叫做[速寫]，但畫的並不快。對我而言，速寫並不是被定義好的「快速描繪」或「寫實紀錄」，而是對於眼前所見景色的觀看與再創造的過程。
一條線，或許需要長久的猶疑才能確定；看似真實的景色，或許只是對瞬間畫面的停留想像。於是，每一次的下筆，都在真實與虛構之間作出抉擇。而作品何時完成，何時停筆，這份屬於當下的判斷，正是我所理解的速寫，也是我所追尋的創作。
｜藝術家介紹｜
現為繪本作家與自由插畫工作者。 2018年投入故事創作。擅長使用複合媒材，希望創作出小孩和大人都能享受其中的圖畫書。作品入選2021年和2022年的波隆那插畫展，並榮獲2022年金鼎獎的兒童及少年圖書獎、2022openbook好書獎年度童書與2023年豐子愷兒童圖畫書獎。
出版繪本《動物園的秘密》(遠流出版)、《從前從前火車來到小島》(玉山社)、 《討厭綠色毛毛蟲的王子》(親子天下)
IG：@yiwen_illustration
FB：Yi Wen 一文
﹋﹋﹋﹋﹋﹋﹋﹋﹋﹋﹋﹋
✎﹏﹏吳欣芷
｜展覽概念｜
畫圖是一段需要不停「下決定」和練習「注意力」的過程，在速寫時，和一般在工作時的作畫似乎有所差異，後者為了溝通，會經歷草圖和相對嚴謹的確認過程，而速寫對我來說，一直都是相對直覺和自在的。
儘管面對相同的風景，每個人都能在其中找出想詮釋的部分完成作品，這大概是自己著迷於速寫的原因之一。
這次的展出，有的圖像是在搭乘交通工具的長途旅程中所「看見」的窗外風景、也有在咖啡廳尋找有趣人臉的堆疊或是隨性週末小旅行記錄的片刻，想透過這些圖像與大家分享自己在繪製過程中獲得的樂趣和形狀與線條之間在紙上的交會而成的樣貌。
｜藝術家介紹｜
吳欣芷Cindy Wume，1992年生，台灣臺南⼈。畢業於成功大學外⽂系、英國劍橋藝術學院 童書插畫碩士。 平時喜歡將腦袋裡的各種想像、概念以及關注的議題運用圖像方式呈現，以線條為主，結合不透明水彩、⾊鉛筆或數位媒材繪製。現為⾃由接案插畫家和專注於繪本創作，不⼯作時喜歡帶著速寫本四處畫畫旅行。
作品入圍2016和2018波隆那插畫展，繪本作品《The Best Sound in the World、《 Ten Little Dumplings 》、《 My Big Books of Questions About the World》,《 The Bookshop Cat》, 《The Gardening Dog》於英國和美加出版並譯為數種語言。
IG：@cindy_wume
FB：@CindyWume"
https://artemperor.tw/tidbits/19072,國際，新加坡,國璽藝術【Affordable Art Fair Singapore 2025】GSA Gallery｜Booth 3E-06,https://d2onjhd726mt7c.cloudfront.net/images/datas/000/121/465/4mzshhc6r1b921fj7w1sa6u09t5la5ku_800x420^.jpg,2025-11-13 ~ 2025-11-16,"F1 Pit Building, Singapore",https://artemperor.tw/artist/artworks/2997,曹文瑞、林文政、蔡英君、廖文彬、陳彥伯、李駿偉、廖敏君,"Affordable Art Fair Singapore 2025
▎Date展期｜2025.11.13 – 11.16
▎Venue地點｜F1 Pit Building, Singapore
▎Booth展位｜3E-06
▎Artists藝術家｜
Wen Jui TSAO 曹文瑞
Wen Jen LIN 林文政
Kimmy TSAI 蔡英君
Wen Pin LIAO 廖文彬
Yen Po CHEN 陳彥伯
Jun Wei LI 李駿偉
Min Chun LIAO 廖敏君
GSA Gallery is once again stepping onto Singapore’s vibrant art stage, honored to be invited to participate in the Affordable Art Fair Singapore 2025. This exhibition gathers seven artists of diverse styles and cultural backgrounds, coming together in Singapore Southeast Asia’s vital hub of economy and culture to present the multifaceted expressions of contemporary art and the dynamic power of cultural exchange.
Participating artists include Wen Jui TSAO, Wen Jen LIN, Kimmy TSAI, Wen Pin LIAO, Yen Po CHEN, Jun Wei LI, and Min Chun LIAO. Their works span oil painting, ink, acrylic, and mixed media, reflecting both profound cultural heritage and forward-looking contemporary aesthetics. Together, they form an artistic spectrum that harmoniously bridges tradition and modern thought.
Through distinctive creative languages, these seven artists depict intimate yet universal spiritual realms, responding to themes of self-exploration, reconstructed memory, and belonging within an ever-shifting contemporary era. Their works engage in subtle dialogues across perception and cultural transformation, converging into a landscape of delicate and sincere emotion.
GSA Gallery remains dedicated to fostering cross-border artistic exchange, envisioning art as a bridge that connects cultures and inspires reflection. Amid a diverse and rapidly changing world, the gallery continues to illuminate and sustain a vibrant and enduring future for contemporary art.
國璽藝術 GSA Gallery 將再次踏上新加坡藝術舞台，榮幸受邀參加《2025 Affordable Art Fair Singapore》。本次展覽匯聚七位風格多元、來自不同文化背景的藝術家，共同於東南亞重要的經濟與文化樞紐新加坡，展現當代藝術的多重面貌與文化交融的力量。
參展藝術家包括 Wen Jui TSAO 曹文瑞、Wen Jen LIN 林文政、Kimmy TSAI 蔡英君、Wen Pin LIAO 廖文彬、Yen Po CHEN 陳彥伯、Jun Wei LI 李駿偉，以及 Min Chun LIAO 廖敏君。作品橫跨油彩、水墨、壓克力與複合媒材，既承襲深厚的文化根基，也展現前瞻的當代視覺語彙，形成兼具傳統底蘊與現代思維的藝術光譜。七位藝術家以獨特的創作語言，勾勒出普世的精神場域，回應當代流動時代中的自我探尋、記憶重構與歸屬感議題。作品之間在感知與文化變異中低聲對話，凝聚成細膩而真摯的情感風景。
國璽藝術 GSA Gallery 持續致力於推動跨越疆界的藝術交流，期盼在多元與劇變的時代中，讓藝術成為連結文化、啟發思考的橋樑，開展並延續光彩不滅的未來。"
https://artemperor.tw/tidbits/18990,台灣，新竹市,國立新竹生活美學館【物哀花見攝影繪畫下的後風景 】莊淑芬個展,https://d2onjhd726mt7c.cloudfront.net/images/datas/000/121/043/rcnqvfs3f91yke0up31iojdm265xua0g_800x420^.jpg,2025-10-15 ~ 2025-11-16,國立新竹生活美學館（300新竹市武昌街110號）,https://www.nhclac.gov.tw/,莊淑芬,"文化部所屬國立新竹生活美學館「璞玉發光-全國藝術行銷活動」致力於扶植潛力藝術家，展覽支援計畫提供檔期予比賽得獎者作品展覽之機會，本檔展出者為113年比賽得獎者。
《物哀花見：攝影繪畫下的後風景》是一場由當代攝影語彙延展出的詩性視覺旅程。藝術家以攝影為主要創作媒介，取材自人物、動植物與大自然，透過融合繪畫語彙與質地，營造出介於現實與想像之間的圖像語言。作品中可見如水墨般氤氳的景觀氛圍，透過攝影中保留的污漬與肌理，轉化為具有情感重量與時間感的視覺表現。
這些影像不僅是對自然的再現，更是一種「後風景」的建構：藝術家凝視大地，以感性觸角傾聽萬物無聲的回應。在這些被時間洗鍊過的風景中，回應著日本美學「物哀」的精神，對萬物短暫存在的深刻體會與共鳴。影像成為與大地對話的中介，引導觀者進入一場詩性與感知交織的觀看體驗。
透過攝影與繪畫的交會，本展開啟了觀看自然的新方式，使我們得以在靜謐影像中重新連結土地與生命的本質，於無聲風景中感知時光與存在的流動。
藝術家簡歷-
莊淑芬
IG:@ chuangshufenartist
國立高雄師範大學美術系碩士
典藏
2024 藝術銀行典藏，桃花有源系列
2022 嘉義美術館作品典藏，記憶掃描
2020 文化部藝術銀行作品典藏，鳥人系列
個展
2023〈感知複寫〉莊淑芬影像創作個展，文化中心至真一館，高雄。
得獎
2024 大墩美展-入選
2023 桃城美展-優選
2022 國際版畫雙年展-入選
2022 桃城美展-首獎
2020 南瀛獎-優選
展覽資訊-
展覽名稱：物哀花見：攝影繪畫下的後風景 莊淑芬個展
時間: 2025/10/15(三)-11/16(日) 9:00~17:00(週一休館)
地點: 國立新竹生活美學館 藝海閣（300新竹市武昌街110號）"
https://artemperor.tw/tidbits/18980,台灣，台北市,若木藝廊 Ruomu Gallery【天若有情】邱建仁個展,https://d2onjhd726mt7c.cloudfront.net/images/datas/000/121/027/4tytx2qg7vwqkz34r55ucr0d6hzxz27r_800x420^.jpg,2025-10-11 ~ 2025-11-17,台北市杭州南路二段29號 若木藝廊,https://www.ruomugallery.com/,邱建仁,"候機室的窗景、街邊公園的廣場、旅人絡繹不絕的車站，藝術家邱建仁以隨手記錄日常與旅行中的影像為基礎，透過複雜多樣的筆觸，創造了一個關於城市、記憶與流動身體的對話領域。展名「天若有情」引用唐代詩人李賀的詩句，抒發了人們在流變的時空中，對世事無常與易逝的感嘆。畫布中潑灑奔流的顏料堆疊出時而破碎時而交連的複雜肌理，讓影像敘事不再只是決定性的瞬間（Images à la Sauvette），更是反映了觀者匯流其中的思緒片斷與豐沛情感。
台北藝術大學張懿文教授評論『邱建仁的作品，並非全然的冷峻與疏離，而是隱藏著一種深沉的、對人性溫度的追尋，他捕捉的是城市中「最孤寂的喧囂」，這份喧囂雖然孤獨，卻也因為被藝術家的凝視與轉譯，而獲得了一種被理解與被安撫的可能。在這些畫面中，彷彿能看到自己作為城市過客的身影，感受到那份與城市共感的、在流動中尋求立足點的身體經驗。』
若木藝廊邀請您，透過邱建仁的作品，在喧囂與變動的城市中，尋找一片靜謐的空間。
-
【天若有情- 邱建仁個展】
展期｜2025・10・11－11・17
開幕｜10・11 Sat. 3PM
地點｜台北市杭州南路二段29號 若木藝廊
開放時間｜11:00-19:00 週一休館
-
關於邱建仁
邱建仁於1981年出生屏東，2004年榮獲台北美術獎首獎，隔年又獲頒美術創作卓越獎，2007年於北美館舉辦個展，並於2017年獲得第15屆李仲生基金會視覺藝術獎。受邀至上海、巴黎、日本及新加坡等地展出，作品受國際重要藏家及美術館等重要機構典藏。邱建仁的創作一直聚焦於探討影像對於不同世代族群生活的影響，也企圖在影像與繪畫之間找尋另外視覺的平衡，正如他自己曾說的－「使影像不再是影像，繪畫不再只是繪畫」。"
https://artemperor.tw/tidbits/19030,台灣，桃園市,众藝術【Who is the speaker?】林沛瑤個展,https://d2onjhd726mt7c.cloudfront.net/images/datas/000/121/265/bzijptfe1yvrm2gsq9bs65hm697e0h3b_800x420^.jpg,2025-10-22 ~ 2025-11-19,Zone Art众藝術（桃園市桃園區中埔六街196巷22號）,https://www.facebook.com/ZATaoyuan,林沛瑤,"展覽簡介｜
說話時，聲音的位置在喉嚨；思考時，聲音的位置在哪裡？「說話」不只是一種表達的結果，而是一個動態的知覺過程：聲音如何在腦中出現？自我如何在說與聽之間被劃分？
林沛瑤個展《Who is the speaker?》帶領觀眾進入說話這個行為的內部機制，並在其中創造感知的位移。語音與思緒、說話與聆聽、內在與外在，在展覽中彼此交疊。觀者的身體成為感知的容器，也成為聲音流動的場域。
當話語融入思緒，思緒成為話語，模糊不清的發話者悄悄來訪，在觀眾的腦海中作客；而如果他們願意，觀眾也將能化身「聲音的訪客」，在恍惚與專注中，成為另一位說話者。
When we speak, the voice resonates in the throat—but where does it reside when we think? Speaking is not merely an act of expression, but a dynamic process of perception: how does a voice emerge in the mind, and how is the self divided between speaking and listening?
Lin Pei-Yao’s solo exhibition Who is the speaker? invites viewers into the internal mechanism of speech, creating shifts in perception along the way. Voice and thought, speaking and listening, the inner and the outer—these dimensions overlap throughout the exhibition. The viewer’s body becomes both a vessel of perception and a site through which sound flows.
As words merge into thought and thought becomes word, an indistinct speaker quietly arrives—an invisible guest inhabiting the mind. And if they are willing, the viewer too may become a visitor of voice, drifting between focus and reverie, becoming, for a moment, the one who speaks.
展覽資訊｜
展覽名稱｜《Who is the speaker?》林沛瑤個展
展覽日期｜2025.10.22（三）- 2025.11.19（三）
展覽地點｜众藝術 Zone Art (桃園市桃園區中埔六街196巷22號)
開幕茶會X導覽｜10.26 (日) 14:00-15:00
開幕座談｜10.26 (日)15:00-16:30
與談人｜林映彤 (國立陽明交通大學心智哲學所副教授)
導覽定目劇｜11.08 (六) ,11.15 (六) 15:00-18:00
表演者｜林沛瑤
指導單位｜國家文化藝術基金會、桃園市文化局
開放時間｜每週三至日，12:00-18:00（每週一二與國定假日休館，如有特殊因素請至FB查詢）
藝術家簡介｜
林沛瑤Lin Pei-Yao，1998年生於臺灣臺中。
創作以媒體藝術、影像和空間裝置為主。她採集日常生活中感覺與認知產生微妙落差的迷離瞬間，探索來回於現實與超現實、不斷變異的知覺空間，揣摩多重時間軸線和自我知覺生成的可能性，試圖創造出一種虛實交錯、若即若離的身體經驗。"
https://artemperor.tw/tidbits/19154,台灣，台北市,MAISON ACME｜圓山別邸【粼光小島潮汐的幻境 】Tidal Reverie:Gleaming Isle,https://d2onjhd726mt7c.cloudfront.net/images/datas/000/121/823/legnvtg6p3kiu231msztpfgrqh78k4lf_800x420^.jpg,2025-11-01 ~ 2025-11-21,MAISON ACME 圓山別邸,https://www.facebook.com/share/p/1SWT19HACu/,夏仙、唐宗謙,"台灣是海島國家，以獨特的海岸線與豐富的生態孕育出無數記憶與故事。展覽以「粼光」與「潮汐」作為雙重意象：
「粼光小島」以粼光閃閃的海面為起點，延伸出島嶼的風景記憶：駐村期間所見的海岸自然樣貌；
「潮汐幻境」則是自然的韻律與時間的隱喻，往復之間，牽動著人心與夢境。
本次展覽在這座「粼光小島」上，呈現百合盛開、林投堅韌、岩石紋理與月亮盈虧，都化為創作的靈感。
展出作品藉由兩位創作者不同的創作媒材呈現島嶼風光，服裝設計師唐宗謙以布料的肌理、色彩與結構，將現實的島嶼經驗轉化為「潮汐的幻境」：在守護與流動之間，讓觀者穿梭於自然與夢境的交界；
創作者夏仙以陶作留存土地的記憶，並以圖像映照風景的印象，試圖傳達島嶼自然的瞬間。"
https://artemperor.tw/tidbits/19111,台灣，台北市,米豆藝術空間【家裡的蒼蠅 : 張程鈞個展】Flies In The House: Chang Cheng-Chun Solo Exhibition,https://d2onjhd726mt7c.cloudfront.net/images/datas/000/121/644/3t2jkzvtv0xp9ubnb8rnlpjbn6egti7s_800x420^.jpg,2025-11-01 ~ 2025-11-22,太原路156巷13號1樓,https://www.instagram.com/the_middle_art_space/,張程鈞,"家裡的蒼蠅,很惱人阿,趕也趕不走。
戰爭、垃圾、耳邊的嗡嗡聲,不會消失,也無法驅使他離開,只能調適,和它們一起生活。
開幕活動｜11.01 (Sat.) 13:00 - 15:00 (當天畫廊營業時間至18:00)
｜關於藝術家｜
張程鈞（生於1996，高雄），畢業於國立臺南藝術大學造形藝術研究所，現居臺南。其創作多以幽默與變形的視覺語彙介入社會議題，關注人與環境之間的張力與協商。近年曾於鼴鼠error22、絕對空間（2023）及水谷藝術（2022）舉辦個展，並獲「臺北美術獎」（2022）入選、「世安美學獎」（2019）及「臺灣美術新貌獎」（2018）等肯定。"
https://artemperor.tw/tidbits/18963,台灣，台北市,安卓藝術【MSAC Art Salon 2025】｢安卓沙龍｣,https://d2onjhd726mt7c.cloudfront.net/images/datas/000/120/946/6b4eijupo3619lkxhkwxoohictcd0ids_800x420^.jpg,2025-10-04 ~ 2025-11-22,安卓藝術 MSAC Project Room,https://www.art-msac.com/exhibitions/146-msac-art-salon-2025/overview/,周楷倫、洪聖雄、高瑞廷、潘麒方、彭韋、王翔,"安卓藝術很開心於今年10月啟動一個全新藝術項目「安卓沙龍」(MSAC Art Salon)，安卓沙龍借鏡歐洲17與18世紀的沙龍文化對於藝文支持贊助、分享交流的精神，亦融入法國19世紀末到20世紀初以「獨立沙龍」與「秋季沙龍」為代表的前衛展覽個性，希望提供更多創作者一個展示機會外，也讓初入藝術收藏或對此領域感興趣的朋友，能進一步開啟個人收藏的生命之旅，提供收藏者更深入理解藝術、收藏、贊助文化和市場的一個管道。
首次的安卓沙龍將於MSAC Project Room舉辦，除了展示不超過3500美元定價的作品給新手入門外，亦將結合沙龍文化的講座分享、交流與對談，包括由畫廊主理人李政勇分享當代藝術欣賞、收藏與市場的內容，以及邀請藝術研究者、收藏家和藝術家針對展出相關的藝術議題進行分享，期能提供新進收藏者更多客觀的知識與訊息，積極培育當代藝術收藏的文化土壤。未來，安卓沙龍規劃於每年春秋兩季定期舉辦，春季沙龍由畫廊邀請青年創作者參與，秋季沙龍則擴大至畫廊全部空間，除畫廊邀請的藝術家外，亦將開放一半展間為公開徵件，同時邀請藝術創作、學術、收藏與贊助的專業人士，針對申請作品進行評選後安排展出。
首屆的安卓沙龍（MSAC Art Salon 2025），從2025年10月4日進行到11月22日，獲邀藝術家包含周楷倫(1996)、洪聖雄(1998) 、高瑞廷(2001)、潘麒方(1995)、彭韋（1997）、王翔(1998)等六名95後出生的創作新秀，展出作品涵蓋油畫、水墨、素描、雕塑與複合媒材等不同類型，主題則包括風景、寫生、抽象與人物。這些年輕藝術家的創作起點雖各有不同，但其長成於數位科技與線上世界的時代背景，讓他們的創作不論是從日常生活經驗、寫生自然或影像語言出發，最終都在視覺系統中發展成一種更接近於抽象化的語言，以及一股耐人咀嚼的詩性特質。"
https://artemperor.tw/tidbits/18984,台灣，台北市,阿波羅畫廊【第四屆《構圖·臺灣》入圍者聯展】,https://d2onjhd726mt7c.cloudfront.net/images/datas/000/121/037/ukqim8bhja70e9hson4nsmbj0givthya_800x420^.jpg,2025-10-11 ~ 2025-11-22,臺北市忠孝東路四段218-6號2樓 (阿波羅畫廊/大廈入口位於忠孝東路),https://www.art-msac.com/exhibitions/146-msac-art-salon-2025/overview/,余采軒、林千瑋、林芃穎、金祺龍、高冠羣、陳廷菲、陳怡安、傅聖雅、彭冠銘、劉康彥,"自2014年起，由阿波羅畫廊與王道銀行教育基金會攜手推動的「構圖‧臺灣」視覺藝術創作徵件，致力於發掘並扶植35歲以下具潛力的新銳藝術家。2025年迎來第四屆，陪伴青年創作者拓展視野，形塑個人創作語彙，累積穩健的基礎。
本屆入圍有十位藝術家，以多元的媒材，各自表現不一樣的臺灣樣貌。首獎陳怡安《魅他域的漫遊者系列－漂浮的邊界》以膠彩呈現現實與虛擬邊界日漸模糊景觀，反映當今時代現象。貳獎傅聖雅《平整收折的時間 02》將影像透過摺紙，勾勒與外婆生活的家族記憶，呈現女性在家庭角色被期待的身影。參獎由兩位藝術家獲得：陳廷菲《5000ml》從提水的生活經驗，日常的瓶裝水容器為出發，透過紅銅敲擊塑形，轉化成新的視覺語彙。劉康彥《你家就是我家》以油畫棒和墨，繪出臺灣特有建築肌理，重塑日常熟悉的城市風景。
入圍作品亦各懷特色。余采軒《遺落的顏色：臺灣海岸的低語》以攝影呈現人類遺留於自然的斑斕色彩，強烈對比訴說臺灣海岸對人類的控訴。林千瑋《+∞CXQD》以纖維表現臺灣季節流轉，展現臺灣島嶼隨時間不斷推移的多重輪廓。林芃穎《巷弄中的寧靜》以油彩捕捉陽光映照的臺灣巷弄，光影變化賦予平凡角落新的生命。金祺龍《台北東區夕象》臺北繁華都市街道，在夕陽照射下，金黃與藍紫光影相互輝映，構成另一面城市面貌。高冠羣《Land撕cape-城市風景線-售本區》取材自鐵皮圍籬中的塗鴉風景，標示「售本區」，呈現自然與文明的矛盾。彭冠銘《繩像-1》以臺灣傳統護身符為題材，透過互動裝置表現信仰與生命劫難的成長力量，期許配戴者能找回面對困境的能量。
本次展覽將與台北藝術週共襄盛舉，10月18日舉辦開幕。邀請觀眾將近距離感受臺灣新生代的創作能量，進入他們對時代與個人的深層凝視，展現當代藝術的多元風貌，見證臺灣當代藝術未來的無限可能。"
https://artemperor.tw/tidbits/18960,台灣，台北市,二空間【漠視的邊界】林偉民 個展,https://d2onjhd726mt7c.cloudfront.net/images/datas/000/120/932/0dqx6xffpje81z7i8l426ykm4qtxqrqx_800x420^.jpg,2025-11-01 ~ 2025-11-22,松江路226巷6號,https://www.facebook.com/spacetwo2016/,林偉民,"曾幾何時，我們與身體的連結、與週遭人、事、物的觸碰，竟逐漸淪為一種匆促的擦身。僅憑短暫而迅速的接觸，成就後便立刻奔赴、觸及下一個行動。
生活型態的轉變，加速了移動的節奏；高聳林立的垂直聚落，也在無形間改寫了我們的視角與想像。在不斷流轉的都市景觀裡，疊影般的複合錯置，何為輪廓？何為邊界？愈加模糊，甚至逐漸失焦。
在原應與自然共處的場域中，空間大景與小景；心像的巨視與微觀，本可相互呼應，然而在今日科技的即時媒介下，訊息以片段、跳接、碎裂的形式湧現，認知逐步傾向支離破碎。全貌正緩緩瓦解，邊界亦悄然被忽視。
本次展出，恰似向池中扔下ㄧ顆小石頭，蕩出ㄧ波波的廻圈，直到消失的邊界。
︱時間︱14:00～18:00
︱開放︱週三、六
︱預約︱週二、四、五（FB粉專預約）
︱地點︱二空間 台北市中山區松江路226巷6號
︱展介︱www.spacetwo.net"
https://artemperor.tw/tidbits/18892,台灣，台北市,安卓藝術【｢金銀島｣ 】黨若洪個展,https://d2onjhd726mt7c.cloudfront.net/images/datas/000/120/676/u57ilj2d99dkxz4xrf0o2zms2tfemcng_800x420^.jpg,2025-10-04 ~ 2025-11-22,安卓藝術,https://www.art-msac.com/exhibitions/145/overview/,黨若洪,"安卓藝術很榮幸於2025年秋季推出藝術家黨若洪在畫廊的第五次個展「金銀島」。此展亦為黨若洪於2023年以「高枕無憂的你」摘下第21屆台新藝術獎之年度大獎後的首次全新創作發表。展覽精選出藝術家過往三年完成的近30件作品，包含外界熟悉的油畫創作以及首次發表的陶土雕塑。展覽訂於2025年10月4日至11月22日之間舉行，並於10月4日(星期六)開展當天下午三點半由藝術家於現場進行導覽，開幕酒會隨後於當日下午4點展開。我們誠摯邀請您的蒞臨。
黨若洪的繪畫創作看似即興率性，其中卻蘊含他日常生活的許多體驗與長年回應時代變動下的生命思維。「金銀島」延續三年前「高枕無憂的你」對台灣島上生存狀態的反思，以寓言手法和語調暗示出這塊土地上持續交織的命運和故事。他借用蘇格蘭作家羅伯•路易斯•史蒂文生的名著《金銀島》，以文學中描述尋寶與廝殺的各種驚險橋段出發，從「島」的意象聯想到當下飄搖不定的世界局勢中的台灣—坐擁豐富寶藏的同時，也因為歷史與地緣政治等多重因素一直在眾多外來勢力與其建構的敘事中拉扯。藝術家由此創作出多幅與「島」相關的豐富意象。展覽同名作品《金銀島》中，黨若洪描繪一個戴著西洋風格帽子的年輕男子划船前行的情景。這位下半身裸露的男子神情有些窘迫，其背後是一位體型高大的修女形象，仿佛在給他指引或者催促，背景裡火紅的天空與墨綠色山丘更凸顯出身不由己，四面八方似乎已被困境環繞的危局。"
https://artemperor.tw/tidbits/18805,台灣，新竹市,絕版影像館【母親小島】吳家昀個展,https://d2onjhd726mt7c.cloudfront.net/images/datas/000/120/260/cbzc1ifqn0flc0ihh17cpz3afux6b4g6_800x420^.jpg,2025-09-20 ~ 2025-11-22,絕版影像館一樓（新竹市東南街53巷47-1號）,https://uniquephoto.com.tw/,吳家昀,"絕版影像館自2019年展出藝術家吳家昀燈箱作品《孤島》(2017)以來,便持續關注她的創作脈絡。其後,她延續從檔案夾撿拾影像的方式,嘗試以影像「製造」影像,藉由解構並重構新的影像空間,干擾或合併其原有的個體性,將來自不同時空的被攝物置於一種懸擱狀態。去年於二樓放映室展出的多部電影作品,以個展《這趟旅途沒有回程》,更讓我們深刻感受到她在影像敘事上的敏銳感知與表達力。近年來,藝術家不斷突破自我,並移居紐約,投入更廣闊的國際創作環境。她近期也以新作《母親小島》入選迪奧攝影與視覺藝術獎,該獎項由迪奧創立並與阿爾勒 LUMA 基金會及法國國立高等攝影學院(ENSP)合作。同時藝術家也將參與今年度的台北雙年展與台灣美術雙年展,展現其備受矚目的藝術能量。
此次個展將結合《母親小島》、《旅》與《倒影的河》,呈現藝術家持續探索「抓拍與敘事」、「偶然與實驗」之間的創作脈絡。因傾向不打擾他人,她的攝影始終以抓拍親人與遠景為主;自開始拍照以來,檔案夾裡也累積了大量來自不同時間、地點且不帶任何目的的影像。透過這些元素,她展現作為來自台灣的旅人,如何在家、國家與世界之間不斷追問與凝視,而這種無法被完全解答的狀態,已成為她一生的執念。
《母親小島》關乎自由、歸屬感與虛無,描繪一種無法言說的平靜與空洞。藝術家藉由父母、家人與地景的抓拍攝影,將意識流的片段具象化,試圖解構其流動性的本質,在碎裂的影像裡重建希望的地圖。此系列結合手繪、噴漆、版畫等複合媒材,透過層疊與空鏡,營造疏離而感性的氛圍,探索自由與禁錮之間的矛盾張力。水的意象在其中成為核心,不僅象徵著身份認同的孤立與不安,也傳達出家國既絕美又孤獨的情境。
母親小島
藝術家｜吳家昀
時間｜2025年9月20日-11月22日
開幕｜2025年9月20日(六)15:00*藝術家將親臨開幕
地點｜絕版影像館一樓"
https://artemperor.tw/tidbits/18609,台灣，台中市,大象藝術空間館【風起火行穿越抽象的形與光】Shifting Wind and FireAcross Abstract Form and Light,https://d2onjhd726mt7c.cloudfront.net/images/datas/000/120/143/laj49y9zyhap8dl6oqchbdxq3jwnp1fr_800x420^.jpg,2025-08-26 ~ 2025-11-22,台中市西屯區市政路386號13樓之5,https://daxiang.com.tw/exhib/detail/284,尹明老、伯納德．奧貝坦、李芳枝、里查．塞拉、林學明、侯珊瑚、埃澤奎爾．塔維拉斯、陳貽僮、陳銀輝、陳艷淑、園山晴巳、奧拉齊奧．巴奇、蘇信義,"風起火行：穿越抽象的形與光
從原始動能到未來意識，抽象藝術的當代表述
在抽象藝術的世界裡，「形」與「光」從不只是視覺形式的選擇，而是創作者內在能量與世界感知的轉譯語言。《風起火行：穿越抽象的形與光》匯聚東、西方十三位藝術家，作品橫跨1960至2020年代，將抽象藝術視為一種流動、變形、不斷生成的語言。策展以五組主題展開，策展脈絡由原始動能出發，串聯筆觸、結構等繪畫語彙，並納入東方水墨的媒材語境與西方風景圖像的轉譯，進而拓展至當代感知與科技語境，呈現東西方抽象藝術在不同文化與時代脈絡下的交融與多元樣態。
火的筆觸：以行動與物質轉化書寫畫面
里查．塞拉（Richard Serra）、伯納德．奧貝坦（Bernard Aubertin）、園山晴巳的創作，以原始的動能與物質衝突喚起對「畫面生成」的根本想像。里查．塞拉（Richard Serra）以厚重金屬與單色蝕刻構築視覺張力，作品如重力的遺跡；伯納德．奧貝坦（Bernard Aubertin）將火焰視為創作主體，讓燒灼的痕跡成為畫面本身，強化時間與物質的交會瞬間；園山晴巳則以折痕與手勢轉化紙面結構，使抽象不僅是畫而是觸感與語言的形狀。他們的作品不在敘述，而在行動，激發觀者對藝術行為的感知力與記憶力。
筆痕視界：抽象畫中的節奏與心象
筆觸作為藝術家心靈的延伸與節奏的記錄，李芳枝、陳貽僮與陳銀輝的作品則展現抽象畫如何透過層層疊構與顏料質地，呈現畫者內在風景與節奏。李芳枝早年將東方筆墨語彙簡化為符號與結構，是台灣現代主義初期的關鍵實踐者，她的作品如視覺詩行，在符號與色面間開啟一種冥想性的觀看。陳貽僮以抽象噴塗、色塊與線性構成製造出流動的科技幻景，筆下的宇宙既是未來幻想，也是內在視覺的外投。陳銀輝則透過沉靜筆法與透明感色層，在冷靜與感性之間建立詩意節奏，構築一種不言而喻的空氣氛圍。
秩序之外：幾何的破壞與生成
幾何在現代藝術中常與秩序、理性相連結，但在蘇信義與陳艷淑的手中，它被拆解、重構，成為創造新秩序的起點。蘇信義運用具象符號與圓形色塊對照，創造理性之外的情感場域；陳艷淑則將書寫與幾何融合，草書筆意與結構交織成語言與空間之間的節奏錯位。在他們筆下，幾何圖形不再是固定的構成，而是生成性的能量軌道。
墨的生成：筆勢與空間的當代表述
尹明老、侯珊瑚與林學明的創作延續筆墨傳統，同時也挑戰水墨在當代語境中的再生可能。他們不以再現為目的，而是在筆勢與材質的穿插中建構出一種動態空間。尹明老以風為題，在畫面中留下筆與墨的速度感；侯珊瑚的墨線跳動如脈搏，充滿節奏與張力；林學明則將觸感引入畫面，畫布不僅是觀看的場域，也是感官碰觸的地景。
未來圖層：抽象中的科技與意識流
進入當代抽象的多維層次：科技、拼貼、訊號與語言殘片。奧拉齊奧．巴奇(Orazio Bacci)以精確線條與節奏排列重構現代感圖像；埃澤奎爾．塔維拉斯(Ezequiel Taveras)結合拼貼、數位印刷與語言片段，創造出流動記憶的資訊地景。他們的作品彷彿是未來的壁畫，是電子脈衝下誕生的新抽象視覺；它們既是語言，又是不穩定的知覺介面，暗示科技如何滲入人類經驗深處。
抽象，是一種活的語言
抽象藝術不是去除意義，而是轉化意義；不是無言，而是另一種語言。從火與筆的物質衝突，到光與墨的感知書寫，再進入幾何邏輯與意識殘影，本展邀請觀者穿越抽象中不斷轉換的形與光——那既是藝術家的內在風暴，也是我們感知世界的潛在可能。風起之處，火行之時，抽象成為時代精神與身體語言的共同載體。這不是觀看，而是一場進入感官與思維深處的旅程。"
https://artemperor.tw/tidbits/18946,台灣，台北市,台北當代藝術館【當街典藏展】記憶的容身之地,https://d2onjhd726mt7c.cloudfront.net/images/datas/000/120/863/seymqn6pqahffs59br4gigmxc8bxou3k_800x420^.jpg,2025-09-27 ~ 2025-11-23,台北當代藝術館（台北市大同區103長安西路39號）,https://www.moca.taipei/tw,石梓廷、李珮瑜、孫知行、郭品君、陳世育、劉紀汎×劉紀彤,"台北當代藝術館自2012年便開啟了與鄰近街區合作的展覽計畫，透過藝術家的作品或展演活動，走出白盒子，在日常生活中製造各種與藝術相遇的可能。作品不斷地進場與退場，店家也持續地開店關店，公共空間更因應著國家政策產生了不同的地景。隨著展覽的累積，歷年展出過的藝術作品藉由曾經設置的地點，在地圖上逐漸勾勒出一個既模糊也清晰的場域。
本展覽發想起因於2019年街區藝術計畫「呼吸容易換氣難，質感生活多簡單」，當時參展藝術家劉紀汎與劉紀彤於展覽結束後，受店家邀請完成一委託創作，並與店家保持聯絡至今。六年後的現在，在開展前，已有作品發生，故而引發這一系列的思考。
為了討論該場域不可見的歷時性，本展現地虛擬了一座「當代藝術館街區典藏庫房」，並將展覽簡稱為「當街典藏展」，以「記憶的容身之地」為副標，試圖探討「當街」的「典藏」如何可能？藝術家現地創作的作品，讓「當街」的意義既是與當下的對話，也是與過去的參照。當事件成為展覽，如何再現並書寫之？作品的意義不僅是對「物」的詮釋和解讀，更包含了從作品開始設置到離開現場期間，所有一同討論、溝通和協商的人的共同參與。作品看似是物件的，其實更是事件的，也是歷史的，每一次的「當街」都是「典藏庫房」的開放。
本展除了劉紀汎與劉紀彤，亦邀請李珮瑜、郭品君、石梓廷、孫知行、陳世育等共七位藝術家，以「當街」作為開啟與社區對話的起手勢，透過繪畫、影像、雕塑、裝置等形式，讓創作轉化為主動的典藏實踐與公共評論。此次街區藝術計畫也不忘開箱街區（典藏室），與公共空間進行概念上的置換，引領台北當代藝術館周圍神秘、容易被遺忘的場所，讓離開白盒子成為走入典藏庫房的必經之路。
本次典藏庫房的開放範圍，包含歷史悠久的中山市場、熙來攘往的中山商圈、美術館周邊各具特色的商家，本展也納入更多藝術行動：劉紀汎與劉紀彤重訪中山市場中的攤商，透過繪畫及錄製口述訪談，讓市場攤商與訪客的日常得以視覺化與敘事化；李珮瑜與新雅典美髮院合作，舉辦傳統理髮廳體驗工作坊，讓參與者親身感受在地生活文化；石梓廷使用金屬剩料，以螺旋和工地筆跡為靈感，轉化金屬造型，回應過往產業與當前街區被忽略的一隅。孫知行因地制宜，以新光三越百貨電視牆為載體，播放了適用「放空」與「等待」的影像，讓「廣告」成為「正片」。陳世育以游擊式的訪談和出版計畫，帶領我們回看歷年作品曾經設置的地點，清點當街典藏品。觀光、消費、自拍等商圈街區的特質，讓郭品君著迷，此次於老爺會館台北南西現地創作，客房化身為攝影棚，完成「讓旅人彷彿回家」的祝福與行銷，另外，作品延伸至PAR STORE，觀展與收藏，一次滿足，當「自拍」是最好的「收藏」，街區將成為展場與庫房。
承上述，當策展作為一種重新定義空間的方法，其目的並非要讓空間產生實質性的改變，更不是單純地為藝術作品爭取更多公共領地，而是透過各種與社會交往的藝術實踐，檢視那些我們認為應該敏銳的感知究竟為何。最終，讓參與者各取所需，走出一條從身體感官出發、感知街區、理解都市紋理的路徑。
這是一次反思策展策略的實驗，它讓城市街區的過去和現在，在被人觀看的同時，重新展現出策展如何在當代變成一種藝術事件、引發關注與參與。讓街區的記憶不再只是消失，或被動地等待被發現，而是讓「典藏」成為一種主動的態度，一種不讓記憶隨風而逝的意志。
▐ 策展人
走路草農／藝團
（黃至理、陳漢聲、劉星佑）
▐ 參展藝術家
石梓廷
李珮瑜
孫知行
郭品君
陳世育
劉紀汎×劉紀彤
▐ 館校合作計畫
建成國中九年級全體學生
▐ 駐校藝術家
莊禾
▐  指導單位
臺北市政府文化局
▐  主辦單位
台北市文化基金會
台北當代藝術館
▐ 年度贊助單位
THERMOS 膳魔師
當代藝術基金會
財團法人紀慧能藝術文化基金會
老爺會館
▐ 年度指定電視/螢幕
SONY
▐ 合作單位
臺北市立建成國中
臺北大眾捷運股份有限公司
新光三越台北南西店
老爺會館台北南西・台北林森
中山市場
新雅典髮型
PAR STORE
聖于工業有限公司
台灣電力公司"
https://artemperor.tw/tidbits/18695,台灣，宜蘭縣,宜蘭美術館【我回來了】田名璋影像裝置展,https://d2onjhd726mt7c.cloudfront.net/images/datas/000/119/932/f1dxftzgxlz3ptq7cflf4l0759yg62ge_800x420^.jpg,2025-08-09 ~ 2025-11-23,宜蘭美術館（宜蘭縣宜蘭市中山路三段1號）,https://www.moca.taipei/tw,田名璋,"「我回來了」這句日常用語，道盡一位鄉愁創作者離開故鄉四十年後的回返。
田名璋出生在宜蘭縣蘇澳鎮的一個簡單的家庭裡，在60至80年代，過著可以跟很多鄰居小孩一起往山裡、小溪、海邊玩耍的童年歲月。在那個沒有什麼玩具的童年，反倒需要發揮創意，創造遊戲來娛樂自己，打發無聊與發呆的日子，這應該是他擁有豐富創造力的來源。
從工業革命以來，人口移居，都市劇烈膨脹，而鄉村地區相對地外流嚴重。在無法阻擋的大遷徙下，藝術家經歷了故鄉人口銳減、幼稚園關閉、小學從九百人縮減剩一百多人。人口迅速流失加上少子化，小鎮不再熱鬧，沒了孩子的嬉鬧聲，只剩下長輩們的閒話鄉音，變得十分寂寥。
全球經濟發展，帶來人類前所未有的快速遷徙，而藝術家田名璋也身處在此洪流之中。18歲離家北上讀書後，因就業在臺灣各地移動，甚至遠赴英國求學，他心中總是惦記著要回宜蘭照顧父母，但總是無法如願返鄉。因此親人與老家成為他一輩子的眷念，鄉愁時常濃烈得縈繞不去，而這樣充滿思鄉與無力感成為他生命創作之旅由開啟。
從90年代起田名璋開始創作，就很有意識的把自己的生命故事往影像的世界投射，以自己、家人、家鄉、流離、鄉愁、童年回憶等為創作題材。就如同希臘神話裡的奧德修斯（Odysseus）歷經千辛萬苦，在一次又一次的阻礙後，最終才得以返家。而在這些自我觀照的作品裡，反映了個人的鄉愁，也反映了時代的巨變。
其創作歷程可以分為三個階段：
第一階段的「流離他鄉」，運用強烈的分割手法，試圖將分離兩地的自己拼湊成一個完整的自我。這手法顯露出藝術家對於離鄉的分裂感概。人在此地心在故鄉，是如此無法妥協的強烈。這些雙連作品(Diptych form)，組合了一個看似怪誕的藝術家自身，反映了鄉愁對他的巨大影響。
第二階段的「童時顯影」，透過行動與拍攝，回到老家、母親、遊戲場、故鄉等。其中，回到童年的幼稚園，透過挖掘行動，試圖回憶/回返那個曾經的歲月。這個行動開啟了返鄉的計畫，檢視自我的思鄉狀態，用行動來回看自我，也回應了自身對於童年的積極回憶和想像。
第三階段的「回看故鄉」，在定居花蓮多年後，開始試圖認同這塊土地，把臺灣當成故鄉，透過「複語」系列，遊走於大街小巷，只想著細看這多年不見的故土和鄉人，從一開始對於街頭景象的嘲諷，到接受其為了生存而做的創意拼貼，理解臺灣文化的養成，反應到自我對故鄉的深刻理解。如同學者段義孚所言，地方感（sense of place）視同是家居感（homeliness）的延伸，家的概念被往外擴及，觀看的視線由內而外，開始尋覓這塊土地的種種，家鄉（Homeland）成為家（Home）的延伸，是對於這塊土地的親密認同，藝術家這樣告訴自己：「我回來了！」。
藝術家在經歷80年代都市化拉遠了家人的實體距離，2000年後遠在天邊近在眼前的網路世界虛擬彼此的距離，家園、地方、全球與在地，在當今是一個共通的議題。實體距離不變的當下，快速交通工具縮短移動時間，身體感知在網路虛擬世界被稀釋或以一種幻影式的補足。田名璋在這個跨實體與虛擬世代的流動的生命經驗中，用自己的感知力量，透過攝影和錄像，用切切實實的身體實踐，來揭露其在地方的鄉愁與存在感。他用影像作為見證，並以其獨特的影像裝置展現，讓人身歷其境。這是藝術家個人的故事，但也是快速變遷時代下你我的生命故事。"
https://artemperor.tw/tidbits/18865,台灣，苗栗縣,富貴美術館【未染 Pristine】自然的終始 日本創作聯展,https://d2onjhd726mt7c.cloudfront.net/images/datas/000/120/532/8v47snmffyxmpor2k53r08mc64auz9p2_800x420^.jpg,2025-10-04 ~ 2025-11-23,富貴三義館美術館（苗栗縣三義鄉八股路館前三巷1-10號）,http://www.fuguei.com  ,久米圭子、小島修、村田彩、竹内紘三、官野良太、新宮さやか,"未染 Pristine — 自然的終始 日本創作聯展
▎日期 Date：2025.10.04－2025.11.23
▎策展人：鍾雯婷
▎參展藝術家：久米圭子、小島修、村田彩、竹内紘三、官野良太、新宮さやか
▎館址 Address：富貴三義美術館（苗栗縣三義鄉八股路館前三巷1-10號）
▎電話 Telephone：037-870-861（採預約制，週二館休）
More Artworks｜更多作品
富貴三義美術館將於10月4日隆重推出《未染—自然的終始》 日本創作聯展，本次展覽由策展人鍾雯婷歷時近三年精心策劃，以「未染」為核心主題，象徵回歸本質，邀請六位日本藝術家—久米圭子、小島修、村田彩、竹内紘三、官野良太與新宮さやか，作品分別著眼於生命的不同環節，在展場中扮演生命不同階段的角色，他們透過各自獨到的藝術語彙，細膩詮釋自然的起始與終焉，引領觀者沉浸於詩意與哲思交織的美學經驗中。
歡迎賓客於開幕茶會10月4日預約蒞臨展場參觀，將由策展人、日本藝術家親臨現場與您一同分享創作歷程與精彩的展品！
預約專線037-870-861 (名額有限請來電預約)"
https://artemperor.tw/tidbits/18957,台灣，台北市,大安覺風藝文空間【雲樾晨色-塵三個展】,https://d2onjhd726mt7c.cloudfront.net/images/datas/000/120/927/rlt32b4miheaubxu63j9mkc38qewf9ww_800x420^.jpg,2025-10-05 ~ 2025-11-23,台北市大安區大安路一段106巷22號1樓(捷運忠孝復興站3號出口),https://forms.gle/6uVDKMKJQeNZYb5k8,塵三,"以色彩的磅礴詩意，造心中山水勝境；以心性的光明自在，開顯創造力源泉。大安覺風藝文空間，將於10月5日起，鄭重推出「雲樾晨色-塵三個展」。
近年旅居江蘇的台灣藝術家塵三先生，由兩岸多家專業藝廊代理。本次大安覺風舉辦其個展，得以展出藝術家眾多水墨及油畫新作、傑作，殊為難得！
塵三老師將專程回台參加展覽開幕式，並與臺灣藝術大學書畫系何堯智教授對談其創作的養份與精神。僅此唯一機會，歡迎大家出席！
-
◆新展覽資訊
『雲樾晨色』  塵三個展
展期｜2025/10/5（日）-2025/11/23（日）
時間｜週一至週日；10：00~17：00
地點｜大安覺風佛教藝術中心（大安覺風藝文空間）
（台北市大安區大安路一段106巷22號1樓）*捷運忠孝復興站3號出口
洽詢｜（02）2731-7830
◆活動資訊
10/5（日）14:00 開幕茶會暨座談
藝術家塵三vs 何堯智教授
11/2（日）14:00 專題講座：
「雲山盡是胸中逸氣」演講-策展人王暉之
活動報名：https://forms.gle/6uVDKMKJQeNZYb5k8
◆展期內另有多場專題導覽，詳情請關注「大安覺風藝文空間」粉專。"
https://artemperor.tw/tidbits/19095,台灣，台北市,POMA【某日的窗邊 いつかの窓辺 】宮城有加 個展  Miyagi Yuka Solo Exhibition,https://d2onjhd726mt7c.cloudfront.net/images/datas/000/121/561/t0vnpl5q5ct6yp325jq1g4g4utirte3a_800x420^.jpg,2025-11-06 ~ 2025-11-23,POMA project,https://forms.gle/6uVDKMKJQeNZYb5k8,宮城有加  Miyagi Yuka,"某 日 的 窗 邊
いつかの窓辺
宮 城 有 加 個 展
．
日常生活節奏匆忙，時間總在轉眼之間流逝。
在這樣的流動中，我以陶藝雕塑表現了不同時間感的存在。
彷彿永遠延續的人生、在冰箱中被暫停卻仍逐漸腐壞的水果，
以及從窗邊望見那緩慢變化的街景、環繞其周圍的自然與動物。
對我而言，創作與日常生活是相連不斷的。
雕塑的行為，就像是在留下自己曾經存在過的印記。
當我重新凝視那些經由此行為誕生的作品，
並從自身所在之處想像那延伸至未知遠方的連續空間時，
這些作品便成為了一種裝置。
讓人能在不斷延續的日常之中，稍作切換與呼吸。
我希望這次展覽能成為一個契機，
讓觀者暫時遠離日常的喧囂，
重新感受時間與空間的流動與存在。
．
Someday by the Window｜ Yuka Miyagi Solo Exhibition
Time moves swiftly—our days pass in a gentle rush, moments slipping quietly into memory.
Yet within that flow, certain scenes seem to linger:
a life that feels endless in its unfolding,
a piece of fruit in the refrigerator slowly surrendering to decay,
the city outside the window changing at its own unhurried pace,
and the quiet pulse of nature and animals that surround it.
Through ceramic sculpture, I translate these different tempos of time into form.
For me, art-making is not separate from daily life—it is a seamless continuation of it.
Each act of sculpting feels like leaving a small, living record of my own existence.
When I stand before these works again, I imagine unseen places connected by the same thread of time,
as if each piece gently turns the page of an unending day.
I hope this exhibition offers a moment of stillness—
a pause from the noise of everyday life,
where you might become aware of the quiet presence of time and space that always surrounds us.
.
展覽期間 Exhibition Date｜11.06 (Thur.) - 11.23 (Sun.)  2025
開放時間 Open Hour｜週四、五、六、日   13:00 - 17:00
展覽開幕 Opening    ｜11.08.2025 (Sat.)  14:00
展覽位址｜ POMA project  （ 台北市忠孝東路二段64巷6號2F）"
https://artemperor.tw/tidbits/19128,台灣，台北市,Node94【混 凝土的人 Concrete Drifter】黎國輝 Mathew Lai 首次台灣個展,https://d2onjhd726mt7c.cloudfront.net/images/datas/000/121/731/rr630pgfqid7xp5a9qcdldjtmff53bg4_800x420^.jpg,2025-11-08 ~ 2025-11-23,"Node94(台北市大安區潮州街 94 號 B1,捷運古亭站)",https://forms.gle/6uVDKMKJQeNZYb5k8,黎國輝 Mathew Lai,"在高樓林立、霓虹閃爍的城市之中,香港攝影師黎國輝(Mathew Lai)以黑白影像凝視都市生活的真實面貌。Mathew 將於 2025 年 11 月 8 日至 23 日在台北 Node94 舉辦個展《混 凝土的人 Concrete Drifter》,他以冷靜的鏡頭描繪當代都市的孤獨與秩序,紀錄著人們存在「混凝土」建構的都市叢林裡,如何適應、反之凝視。
Mathew 長期專注於都市影像敘事,並活躍於香港攝影社群,多次擔任「香港街頭攝影展」策展人。他的作品屢獲國際肯定,包括 Bruxelles Art Vue《Street Life 2022》、連續三年入選International Photography Awards(IPA 2022–2024),以及 2024 Re-Focus Award。
《混 凝土的人》呈現的不僅關乎香港,也折射出台灣與多數亞洲城市的共同經驗——高樓林立、持續擴張的高樓、縱橫街道間的高架橋,以及連結城際的高速公路。混凝土無所不在,人們幾乎在它的包圍中成長。
「我就在那裡一直混,混在那些高樓林立的街道之間,混在那些喧鬧人潮與霓虹之中,也混在那些不容易被看見的情緒裡。」
Mathew 自 2009 年起接受專業攝影訓練,法律背景使他養成冷靜嚴謹的思維,而攝影則成為他追尋詩意與感性平衡的出口。他以 Leica M Monochrom 相機拍攝黑白作品,摒除色彩的干擾,剝去城市的偽裝,讓光影成為唯一的語言。他延續暗房經驗,保留粗糙與不規則的時間痕跡,使數位影像仍帶有底片質感,又較傳統底片更具當代感。這樣的影像語言,同時回應著他對都市與個體關係的凝視與思考。
本次展覽由 Avocado Art Lab 主辦,並邀請 Chaos Control 團隊策展,以橋墩與街景為主要意象,捕捉都市的靜謐秩序,也回到藝術家的日常,呈現人類活動痕跡與城市景觀交織的情境。策展團隊透過展名中的「混」指涉語言與文化的多重層次,也隱喻當代人於城市中的生存策略——在秩序與混沌之間不斷調適。
展覽名稱將隨著觀者理解而不斷地被重新詮釋。怎麼混?是種抽象,也是種開放。本次展覽是 Mathew 在台灣的首次個展,透過與攝影機構Avocado Art Lab的合作,一同於潮州接龍藝術節亮相,備受當代攝影圈關注與期待。他的作品不僅展現獨特的影像語彙,也回應亞洲都市共同的時代處境。誠摯邀請對攝影與藝術有熱忱的媒體朋友蒞臨現場,感受一種未曾想像過的都市敘事與觀看視角——不刻意、不嚴肅、沒有對錯的生活方式。在這混凝土包圍的世界裡,不再從模組裡生長,而是長成自己舒服的樣子,或許輕鬆、或許拼搏地「混」著日子。
▌展覽資訊
展覽名稱|《混 凝土的人 Concrete Drifter》
藝術家|Mathew Lai
展期|2025 年 11 月 8 日(六)至 11 月 23 日(日)
媒體預展|2025 年 11 月 7 日(五)15:00
貴賓開幕|2025 年 11 月 7 日(五)18:00
地點|Node94(台北市大安區潮州街 94 號 B1,捷運古亭站)
展覽策劃|Avocado Art Lab
策展|Chaos Control 混沌控制
▌關於Avocado
Avocado成立於2014年,是結合「當代畫廊」與「專業輸出中心」的創新藝文平台。以「以科技成就創作」為核心,專注於頂級微噴輸出、色彩管理與無酸裝裱,曾協助無數知名藝術家完美呈現作品。
自2020年起,Avocado進一步拓展畫廊業務,代理多位國際藝術家,聚焦當代攝影、錄像、新媒體與複合媒材,積極策展並參與國際博覽會。透過輸出與策展的雙軌並進,Avocado正打造一個藝術家、藏家與觀眾共創共榮的未來平台。
相關連結:https://linktr.ee/avocadoartlab"
https://artemperor.tw/tidbits/19126,台灣，台北市,1839當代藝廊【1839當代藝廊】再現19世紀古典藍晒技法《青之距離》Aki NORTON (諾頓·晶) 攝影個展,https://d2onjhd726mt7c.cloudfront.net/images/datas/000/121/723/vagk810qcapdev96mx23r2smxegx2ii5_800x420^.jpg,2025-11-07 ~ 2025-11-23,1839當代藝廊 (台北市大安區延吉街120號地下樓),https://www.1839cg.com/archives/8338,Aki NORTON (諾頓·晶),"1839當代藝廊呈現- 再現19世紀古典藍晒技法「青の距離」將於2025年11月8日隆重開幕。
攝影家Aki Norton透過古典氰版攝影技法探索身心關係~
Norton 的作品曾在巴黎、美國和東京的畫廊展出，此次她運用19世紀氰版印相技術，呈現全新創作系列。展覽透過空靈的藍色影像，探討心靈與身體間的複雜關係，將人體形態轉化為感知與記憶的痕跡。
展覽分為四個主題區域，創造一段從「起始・生成」經「探索・動態」、「呼吸・靜謐」到最終「空無」的冥想之旅。
展覽於2025年11月8日開幕，下午2:30舉行開幕茶會，隨後3:00-5:00進行藝術家座談。展期至2025年11月23日。
地點： 1839當代藝廊 | [聯絡資訊（FB) 1839cg  (IG)1839cg_taipei  | 展覽資訊：https://www.1839cg.com/archives/8338
1839 Contemporary Gallery presents “INTIMATE DISTANCE / 青の距離” a reinterpretation of the classic 19th-century cyanotype process, opening on November 8, 2025.
Photographer Aki NORTON explores the mind-body relationship through classic cyanotype photography.
Norton’s work has been exhibited in galleries in Paris, the United States, and Tokyo. This new series utilizes 19th-century cyanotype printing. Through ethereal blue images, the exhibition explores the complex relationship between mind and body, transforming the human form into traces of perception and memory.
The exhibition is divided into four thematic areas, creating a meditative journey from ""Beginning and Life"" passing through ""Exploration and dynamism,"" ""Breathing and Tranquility,"" to the final ""Emptiness.""
The exhibition opens on November 8, 2025, with reception party at 2:30 PM, followed by an artist talk from 3:00 PM to 5:00 PM. The exhibition runs until November 23, 2025.
Venue: 1839 Contemporary Gallery | [Contact Information (FB) 1839cg (IG) 1839cg_taipei | Exhibition Information: https://english.1839cg.com/archives/6105"
https://artemperor.tw/tidbits/19017,台灣，台北市,Mind the G【GDAP #23  糖分攝取】鍾濬丞創作個展,https://d2onjhd726mt7c.cloudfront.net/images/datas/000/121/189/dkv7jx9q988tqmuoccor8unex30mbtiv_800x420^.jpg,2025-11-01 ~ 2025-11-23,東方廣告暨東梨學院藝文空間-台北市大同區迪化街一段256號,https://www.gdaptw.org/,鍾濬丞,"展覽簡介：
本計畫以高雄橋頭糖廠的在地經驗為起點，援引皮耶・諾拉（Pierre Nora）的「記憶場域」，將私密的身體感知與殖民體制下的臺灣糖業宏觀敘事進行嚴密的編織與對話。
《糖分攝取》延展此脈絡，將「糖」視為一種跨感官的歷史媒介物（Historical Mediator），聚焦於集體文化與社會結構。相異於大眾對糖的繽紛、甜蜜意象，糖對於作者想像更近似於一種褐色、低飽和略帶黏稠的回憶甘 甜。
透過可食裝置、錄像、香氛、口述歷史等跨媒材策略，本計畫旨在喚起觀眾的感官經驗，重構記憶的感知路徑。藝術家賦予觀眾從見證者轉為記憶實踐的行動者的身份，探索藝術如何在糖的物質性在場與歷史追索的交會處，建立一套融合味覺、語言、物件與感知的文化敘事。
-
作者簡介：鍾濬丞
創作的核心專注於空間與主題間的互動性。作品透過整合物件、聲音、影像，以及身體的運用，將個體的情感與經驗進行系統性的物質化與轉譯。
近期的探究聚焦於懷舊（Nostalgia）與記憶的構築。作品試圖在個人敘事與集體歷史經驗交織的肌理中，進行一種批判性的審視：身份（Identity）如何作為一個動態的節點，隨著時間的綿延與空間的流動而持續地變形與重塑。藝術實踐旨在捕捉這種時間性的流動與空間的痕跡，將其凝結成一個辯證性的場域。
GDAP #23 《 糖分攝取 》活動資訊
▍開幕茶會：2025/11/08 14:00-16:00
▍展覽時間：2025/11/01-23 / 12:00 ~ 17:30（週一、週二公休）
▍地點：台北市大同區迪化街一段256號"
https://artemperor.tw/tidbits/19013,台灣，高雄市,衛武營藝術村WeR【《沐森藝術節—復現 Re-Emergence》】歷史｜記憶｜自然｜復現,https://d2onjhd726mt7c.cloudfront.net/images/datas/000/121/177/q24cutf5qm5o7n0l006zgpgibdh5u2tf_800x420^.jpg,2025-10-24 ~ 2025-11-23,高雄市鳳山區輜汽路281號（衛武營都會公園三連棟Ｒ棟周圍）,https://www.facebook.com/WeRArtVillage/?locale=zh_TW,王國仁、林純用、何佳眞、陳彥名、陳靜智、鄭雅芬、連宏珠、陳姿仰、鄭雋、陳宜君、李昆晏、張漢恭、屋特,"《復現 Re-Emergence》是藝術村今年相當重要的計畫，是一場把目標專注在日常公園的藝術行動。
我們藉由藝術從歷史｜記憶｜自然三條線索出發，邀請大家用五感以及腳步，透過作品一起把被遮蔽的過往土地故事再次喚起。
藝術聯展主要由三大部分組成，藝術家聯展、民眾創作以及生態論壇，由原WeR藝術家以及徵選出的藝術家，以環境為題，在戶外公園境地創造出一系列裝置藝術，作品藉由對大地的想法、材料的運用以及對土地歷史過往的情誼，沿著歷史、記憶與自然三個線索展開，大家可以在裝置前停留、閱讀，以自有節奏慢慢靠近理解。
當在其間行走、停留、呼吸，讓創作、生態與自己的關係更為貼近。
✦ ݁  ˖《復現 Re-Emergence》展覽資訊 ✦ ‧₊˚ ⋅
✿ 藝術聯展｜10/24（五）– 11/23（日）　每週三～日 14:30–17:30
✿ 開幕茶會｜10/24（五）15:00–17:00
✿ 生態論壇｜11/15（六）14:30-16:30  分享者/黃建雄、蔡佩桂、呂昀珊｜與談人/洪威喆
✿ 復現刻印｜2025/10/24–11/23 每週六、日 15:00–16:30（藝術家帶領）
✿ 鉛筆拓印｜2025/10/24–11/23 每週三～日 15:00–18:00（自由參與）"
https://artemperor.tw/tidbits/18988,台灣，台北市,Hiro Hiro Art Space【泉啓司 : 風景悄然成形】,https://d2onjhd726mt7c.cloudfront.net/images/datas/000/121/041/3bg9nnk7xny8skamzgsxfvrgf59td14s_800x420^.jpg,2025-10-18 ~ 2025-11-23,Hiro Hiro Art Space （台北市中正區紹興南街10號）,https://www.facebook.com/WeRArtVillage/?locale=zh_TW,泉啓司,"繼首次個展廣受好評，Hiro Hiro Art Space 將於台北再度與日本藝術家泉啓司（IZUMI Keiji）合作，發表其最新個展「風景悄然成形」，展覽期間從2025年10月18日至11月23日。泉啓司以其獨特的建構式木雕，以人的形象作為起點，透過他細膩的觀察，捕捉個體思想的幽微、性格的樣貌，乃至其情感的連結，並將這些無形的存在，轉譯成雕塑上多樣的幾何零件，使人物的思想如同渦漩般擴散、性格蔓生成林、內在精神迸發為明滅的電光，最終一個完整的世界從作品中成形。
藝術家泉啓司的木雕創作，總是圍繞著「人物」展開。他刀下的臉孔，經常以其身邊的熟人作為謬思。「對我來說，他們與其說是刻劃對象，不如說是我思考『人是什麼？』這個問題的提示。」泉啓司細膩地雕琢他們的神情，卻非意在復刻肖像，而是將一個個具象寫實的個體，與抽象訊息一同化作心像風景。
創作的發軔，從決定好要雕刻哪個人開始，繼而潛心回憶、反覆思索其樣貌與質地，然後，再將「某些東西」與他組合。他並非總是由一整塊木頭中鑿出形體，也會耐心地鑿刻、打磨出數十個獨立的木頭零件，有時是圓潤的球體，有時是長長短短的方形木條，甚至是纏繞的金屬支架。接著，他以近乎建築的方式，將這些零件一一串連、栓合、組裝起來。於是，人物性格中那份風雨無阻的勇敢、天馬行空的奇想，或是對世界充滿魄力的好奇都找到了對應的幾何語彙，化為構築風景的基石。
有些銜接處如同生物的「關節」可被轉動，宛若剛硬的木條獲得了自由，能夠彼此彎折、改變角度，賦予了整個結構一種更有機的、可以呼吸的生命感。這迷人的不確定性，暗示了眼前的形態並非唯一的、固定的答案，而是一個充滿可能性的有機體，彷彿只要輕輕一推，這片由木頭構築的「風景」就會翻騰、變幻，展現出另一種樣貌。這份流動感，恰好呼應了泉啓司在創作中即興的、非預設的探索狀態。反覆的、勞動密集的雕刻和組裝過程，呼應的正是泉啓司內心那份尋找「契合感」的具象顯現。每一塊木頭的嵌入與咬合，都是一次試探，直到所有部件達到一種微妙的平衡，那難以言喻的「對了」的感覺才會浮現。
泉啓司更大膽地為這些木質結構漆上飽滿、鮮明的色彩。溫潤的木頭原色之上，出現了明亮的橘、搶眼的螢光黃、沉靜的藍與生機的綠。色彩，賦予了這些抽象的幾何結構一種情感的溫度與個性，讓它們脫離了純粹的形式，成為思想、情緒或關係的視覺化身。於是，我們看到，一道道飽和色的、戲劇性交織的思緒從一顆木刻人形中爆發開來，也化作團團熾熱火光；或是蒼蒼雨幕傾天而降、蔥蔥樹林拔地而生，共同織就色澤萬千的景象。「我在思考『人是什麼？』的過程中，一個像風景的畫面，會自己悄然幻化成形，」泉啓司說，「那不是傳統的山與海，而是一種從人物內心長出來的精神地景。」泉啓司邀請我們觀看的，不僅是木雕中的人，更是那圍繞著他、從他身上綻放開來，由無數零件與色彩共同構築的風景。
.
【關於 藝術家】
泉啓司，1973年出生於日本福島，畢業於東京造形大學主修雕刻。
從事雕塑以來，持續地將自身對「人」的興趣實踐於木頭雕刻，將人物與自然元素、幾何圖形結合，建構出日常又非日常、詼諧而奇幻的造型。作品受國立國際美術館(大阪，日本)、Nasunogahara 博物館(栃木縣，日本)收藏。"
https://artemperor.tw/tidbits/18966,台灣，台中市,中友時尚藝廊【夢窻】曾肅良2025年書畫創作展,https://d2onjhd726mt7c.cloudfront.net/images/datas/000/120/966/uwfdtnfilaznt1a2jk4t21r3b9um48t7_800x420^.jpg,2025-10-02 ~ 2025-11-24,台中市北區三民路三段161號 中友百貨A棟12F時尚藝廊,https://www.chungyo.com.tw/gallery.html,曾肅良,"暨2014年「荒怪意象外」、2018年「繁花小誌」後，2025年中友時尚藝廊再度邀請曾教授展出「夢窻-曾肅良2025年書畫創作展」，這11年以來，中友時尚藝廊透過展覽推廣，讓許多中部地區的觀眾近距離接觸、認識了曾教授作品，曾教授參與並見證了藝廊成長的過程、看見了藝廊的發展與茁壯。
曾肅良教授為英國萊斯特大學博物館學博士，更擁有書畫創作者、藝術史研究學者、與海內外文物古董鑑定專家等多重身份。不僅擁有自身豐富的學術專業之外，也擅長以書法、彩墨進行創作，長期以來更是國內各大節目競相邀請的藝術鑑定達人。
中友時尚藝廊自2011年以來目前已邁入第14年，作為少數常態設置於百貨商場的藝廊，已累積策劃超過百位藝術家的展覽，其中不乏與重量級藝術家合作。此次將展出曾教授作品共43件。包含書法及書畫創作、其中包含今年首度曝光的5件全新力作。中友時尚藝廊邀請您一同進入曾教授的窗裡與窗外，體會其筆下如夢似幻的文人畫虛實世界以及揮灑自如的書畫魅力。"
https://artemperor.tw/tidbits/19185,台灣，新北市,板橋435藝文特區【另一種影像實驗】煙花宇宙展覽 Endospace Exhibition,https://d2onjhd726mt7c.cloudfront.net/images/datas/000/122/076/e1mhz0u6at35b2bqkcvuvc6eqzq5le6a_800x420^.jpg,2025-11-10 ~ 2025-11-24,板橋435藝文特區│新北市板橋區中正路435號,https://www.instagram.com/435_art_zone/,煙花宇宙數位音像工作室,"2025-26年 板橋435藝術聚落
進駐者冬季展覽
2025-26 435 Art Zone
Winter Exhibitions with
Resident Artists
--------------------------
另一種影像實驗
煙花宇宙 個展
展覽日期 │ 2025.11.10-11.24
展覽時間 │ 平日9-17時，假日9-18時
展覽地點 │ 板橋435藝文特區 華翠館
--------------------------
自2022年於板橋435藝文園區枋橋大劇院演出的《離人》後，煙花宇宙總結過去以影像來詮釋音樂的音像演出（VJing）經驗，提出《另一種影像實驗》作為反思自身創作的起點，藉此探討過去創作中慣用的美學、潛在的意識形態與形式主義等，運用與過去「相反的」影像手法做初步的實驗。
煙花宇宙的音像演出（VJing）過去以精準對點、強烈且華麗的視覺風格，與黑白影像為基底點綴單色高彩度的畫面為主要策略。美學上，明顯承載過往設計領域的薰陶，以及商業領域應用的創作軌跡。而創作者個體或對於社會的理解，形塑出的意識形態，和對於實驗電影與宗教的愛好，類似的形式符號也常見於作品當中。
而《另一種影像實驗》的任務，則是試圖將上述內容進行深入探討或採用相反的手法，例如：以「模糊」作為對應，直觀性使用柔性且減少後期修飾的視覺影像，從技術上改變慣性的創作方法；針對應用美學，拋棄過往具歷史脈絡的文化景點題材，轉而直接拍攝較無歷史脈絡、繁華的純商業區，側重都市人日常生活的環境，移除奇觀或批判式構圖策略。
本作試圖藉由外在創作手法，進一步探究自身意識形態，通過不同視角挑戰既定的慣性觀點，為影像內容注入多元的觀點與詮釋。
--------------------------
煙花宇宙
煙花宇宙為新媒體創作團隊，自 2012 年成立數位音像實驗室，以新媒體藝術詮釋影像與空間。
早期以即時音像演出發跡，後以劇場、藝文活動和展覽為主要場域。擅長製作跨領域專案、現場音像演出、建築光雕及影像裝置，將影像帶入生活日常，走進城市脈絡。
現持續活躍於藝術圈，運用光與色彩突破實體疆界，呈現出萬千腦海裡的迷幻宇宙。"
https://artemperor.tw/tidbits/18919,台灣，新北市,鶯歌光點美學館【幻花】曾祥軒陶藝與彩繪創作展,https://d2onjhd726mt7c.cloudfront.net/images/datas/000/120/762/mnkbdacrq8vfyxi2kuu60uwschsqblnj_800x420^.jpg,2025-10-03 ~ 2025-11-25,新北市鶯歌區陶瓷街18號3F,https://www.instagram.com/435_art_zone/,曾祥軒,"展覽名稱｜【幻花】曾祥軒陶藝與彩繪創作展
展覽期間｜2025.10.03－2025.11.25
開幕茶會｜2025.10.05 Sun. 15:00
(懇辭花籃! 歡迎來賞花~)
開放時間｜10：00－19：00（每月一、三週之星期二休館）
地　　點｜光點藝術中心　三樓展覽廳
地　　址｜新北市鶯歌區陶瓷街18號
展覽專線｜02-2678-6577
展覽介紹｜
在陶瓷之都鶯歌長大，我自小耳濡目染泥與火的溫度，也在青花瓷繪與傳統釉下彩的筆墨中找到創作的起點。高中進入鶯歌高職陶瓷工程科，在師承汪弘玉師傅的過程中，學會了細膩的筆法、線條的節奏與構圖的平衡，並對陶瓷裝飾與色彩層次產生深厚的情感。
之後進入國立臺灣藝術大學工藝設計學系主修，並輔修書畫藝術，吸收了工筆畫的精緻與寫意畫的氣韻。水墨的留白教會我在線條間呼吸，花卉設色的渲染讓我掌握層疊的色彩語彙，並將其延伸至陶瓷與彩繪之中，形成結合平面與立體的創作語言。
在研究所期間，師承梁家豪教授的啟發，我嘗試將傳統書畫的神韻與當代藝術的表現手法融合，探索跨媒材的可能性。於是，花成為我作品中的核心意象——它既是自然的縮影，也是文化與記憶的載體。從嚴謹細描的工筆花卉，到寫意中花朵綻放的瞬間，再到顯微鏡下花蕊與花粉的結構觀察，我將這些細微元素拆解、量化、重組，使花呈現既真亦幻的立體結構。
我喜歡讓作品在色彩與形態中保持流動感。書畫筆墨的自由、陶瓷釉色的自然變化，以及工筆設色的層層疊染，共同構築出花的多樣姿態。它們時而輕盈如雲，時而堅韌如石，虛實相生、意脈相連，不再只是具象的花朵，而是生命與時光交織的呼吸。
「幻花」承載著對自然的觀察、對文化的回應，以及對自我創作語彙的探尋。我希望透過陶藝造形與書畫彩繪與的交融，將藝術植入生活，在那細緻卻深邃的花之微境中，持續探索無限的可能，尋找那一處細緻卻深刻的幻花綻放之地。"
https://artemperor.tw/tidbits/19050,台灣，台中市,財團法人英才文教基金會【「對話Echoing Conversation」鄧志浩、陳德興創作雙聯展】,https://d2onjhd726mt7c.cloudfront.net/images/datas/000/121/336/48qiw6bcidb5u25fd50n4gkcvf4ll0if_800x420^.jpg,2025-11-03 ~ 2025-11-25,台中市西屯區府會園道179號4樓(緊臨新市政中心),http://www.foundation.org.tw/_bin/,鄧志浩、陳德興,"「對話Echoing Conversation」鄧志浩、陳德興創作雙聯展訂於2025年11月3日至11月25日（周一至周五/例假日休館）AM9:00~PM12:00/PM13:30~PM17:00在財團法人英才文教基金會全球藝術中心（台中市西屯區府會園道179號4樓）展出，開幕式訂於11月7日（週五）下午2:30舉行，歡迎喜歡藝術的朋友，踴躍蒞臨參觀指教。
台灣籍的鄧志浩老師藝術創作橫跨美術、音樂、戲劇等專業領域，是個多元發展的藝術家。1995年因緣際會師承新加坡抽象畫大師黃意會，自此開啟其抽象畫創作人生。鄧志浩因其多元的創作背景，與深厚的生活底蘊，使其作品呈現靜謐、精妙、純淨、優雅而富有生命力度的意境。
新加坡籍的陳德興老師是一位全職藝術家，用心鑽研陶藝30餘年，他那出自胸豁、師法自然的藝術性、以及對全球藝術教育的推廣，獲得聯合國教科文組織重視而敦聘為國際陶藝會員，對於各國之間的陶藝文化教育交流著墨甚深。
當抽象畫遇上陶藝，會產生什麼樣的靈魂共鳴？
來自新加坡的國際陶藝家 陳德興與台灣抽象畫家 鄧志浩聯袂前來全球藝術中心，共譜一段「跨界藝術」的深度對話，展現其遊走天地之間、自由灑脫的創作旅程。兩位來自不同媒材領域的藝術家，以各自獨到的眼光與技藝，凝視生活、體悟自然，無論塵世喧囂或心靈淨域，皆為創作的素材。他們的作品，不拘形式，不受限規矩，從日月光華、天地萬象中汲取靈感，展現一種脫俗灑脫、自在自足的藝術風貌：正是「創作即是修行，藝術即是生活」的最佳寫照。
誠摯邀請您蒞臨指教，與我們一同見證兩位藝術家的跨媒材對話之境。"
https://artemperor.tw/tidbits/19172,台灣，台中市,凱昇藝術中心【聯覺體】六人聯展,https://d2onjhd726mt7c.cloudfront.net/images/datas/000/121/943/sv04oz7w7pxcjkryc59nq8sclaropsmu_800x420^.jpg,2025-11-12 ~ 2025-11-26,凱昇藝術中心（台中市西區五廊街70號）,http://www.foundation.org.tw/_bin/,陳佑甯、何孟洧、洪帷欣、林志城、蔡昕恩、楊世濱,"「聯覺」是一種感覺現象，指某種感官的發生導致另一種感官的發生，而這種感受的轉變因人而異。
展覽名稱：《聯覺體》六人聯展
地點：凱昇藝術中心（台中市西區五廊街70號）
展期：2025/11/12 - 2025/11/26 （週二至週日 10:00-18:00）
策展人：周書亞
參展人：陳佑甯、何孟洧、洪帷欣、林志城、蔡昕恩、楊世濱
.
身體，是世界生成經驗的第一場域。在生命誕生之前，我們無法感受任何已存在的事物，而當我們有感官之時，「感知」才得以形成。知覺並非只有被動的接收，也可能是一種主動的行為。
《聯覺體》試圖返回這個原始的狀態，在每一個感官作用的瞬間，身體如何轉譯世界，並以自身的存在構築出所感受的「資訊」。此處的「資訊」並非外在的資料或符號，而是一種潛於感官之間的流動，在身體中被組織、篩選、回應，最終成為我們對世界的知覺結構。
展覽中的藝術實踐，皆以肉身為感知的核心與邊界。，藝術家透過物質、聲響、空間與身體之間的互動，探問訊息如何被創作者吸收與轉譯。而當觀者進入展場時，也不再只是作為觀看的角色，而是共同經歷的一員，在這樣的經驗中，感官被重新喚起，資訊不再處於身外，而在身體之內發生。"
https://artemperor.tw/tidbits/19059,台灣，新北市,新北青創板橋藝術基地【可見光的彼方邱掇、陳薈茗 雙個展】,https://d2onjhd726mt7c.cloudfront.net/images/datas/000/121/419/9s6pnx37u6f38jn9e0x7uv0qtgbn4rue_800x420^.jpg,2025-11-08 ~ 2025-11-28,新北市板橋區成都街63巷6、8號,https://www.instagram.com/p/DQQ38BhEpe5/,邱掇 、陳薈茗,"一場結合繪畫與錄像的當代藝術展覽，由兩位藝術家透過不同媒材的實踐，展現對於「光」的探索與凝視。展覽涵蓋抽象繪畫、錄像裝置與紙上創作，嘗試打開一種介於可見與不可見之間的感知通道，藉由光譜的延伸，形塑精神與物質、內在與外在風景之間的對話。二人在媒材與語言上各具差異，卻同樣關注創作如何回應生命經驗，並探索其中的精神深度。
《可見光的彼方》寓意著一場超越視覺邊界的行走，既朝向未知的遠方，也深入內在的心境。展覽將繪畫與錄像交織，透過多樣媒材建構一種介於真實與象徵之間的感知經驗。
展覽地位於新北市板橋舊創藝術倉庫，空間由老屋改造而成，歷史的痕跡與開放的結構，與「光」的延展性相互呼應。觀眾將在展場自由穿梭，於色彩、線條、影像之間，體驗藝術所帶來的靜謐、瞬間與迴響。
【藝術家介紹】
邱掇
國立清華大學藝術與設計研所碩士，職業藝術家，作品多次被收藏。曾在香港、日本、韓國、德國、荷蘭、紐約…..等地展出，以空間中的造型為元素，創作描繪出自己內心情緒的抽象表現。早期以黑白、點線面繪畫構成幾何畫面，這幾年的作品中，試著跳脫自己過往使用顏料的繪畫表現方式與主題，讓顏料在畫布、紙張上面，自由遊走。顏料的推疊，是情感的延伸；抽象性的表現，是過往思緒的累積、未來的嚮往、以及此刻自我生命狀態的陳述。
陳薈茗
新媒體藝術家，現就讀於國立臺北藝術大學新媒體藝術研究所。創作專注於3D影像與錄像媒材，關注感知經驗、內在情境與當代存在狀態的交會。作品常透過象徵性物件與抽象構成，營造詩意而疏離的視覺語境，探索個體於幽微時刻中的遲疑、渴望與位移。其藝術語言揉合數位技術與凝靜敘事，擅於將荒廢場景、自然元素與日常物件轉化為具有精神隱喻的影像載體。除創作實踐外，亦從事攝影、平面設計與藝術策展，關注藝術如何成為感知與思想生成的場所，並持續探索當代藝術語彙中形式與意念之間的詩性潛能與深層張力。
【展覽資訊】
展覽時間｜2025.11.08（六）— 11.28（五）
開館時間｜週三至週日 10:00–18:00（週一、二休館）
展覽地點｜新北青創板橋藝術基地
新北市板橋區成都街63巷6、8號（近捷運府中站 2 號出口）"
https://artemperor.tw/tidbits/19086,台灣，台北市,穎川畫廊【移形．朔影-白雨｜黃立穎聯展  】Transformation-Bai Yu ｜Huang Li Ying  Joint Exhibition,https://d2onjhd726mt7c.cloudfront.net/images/datas/000/121/529/jqe0pi54k3ol492cyq9xbu2kyaggv4f8_800x420^.jpg,2025-10-18 ~ 2025-11-28,仁愛路一段45號2F,https://www.inriver.com.tw/,白雨、黃立穎,"此展「移形．朔影」透過白雨與黃立穎兩位藝術家，以不同媒材—水墨與石墨—創造出不同時空條件下東方精神語境的呈現，卻又各自有個人特色的獨特表現，使作品不僅是藝術家在當代藝術潮流中嘗試開創新局的啟航，更是一場創造與感知的旅程。
白雨以五代、北宋的巨碑式山水畫為靈感，回望那個純然面對自然、回應心性的時代。他希望能以作品為介質，去訴說他當下的觸動與感受。儘管那一瞬間所捕捉到的那一道光和那一陣風的始末無法捉摸，但在時間的長河中，依然能被留存、傳承與感知。面對大自然，藝術家捕捉的瞬間往往是人們習以為常的日常景象，那些在光影、風與溫度影響下微妙變化的瞬間，不只是一次對未知的探索，更是通向內心的媒介。這次的創作開始嘗試不同於以往絹本的媒材，部分作品使用紙本創作。從去過的冰島或小琉球等處轉化成內心對廣闊無垠宇宙與心靈的嚮往，每一筆都蘊含著心理的痕跡與情感，透過反覆調整的過程使作品更深入至性靈的深處。白雨以畫筆記錄大自然的變化莫測，畫作的流動感彷如時間的延展，將光影、氣息與情緒凝結於畫布之上，讓觀者在觀賞當下彷彿置身其境，與山水共呼吸。
黃立穎自述 : 他運用石墨本身獨特的反光特性，將媒材轉化為一種哲學性的感知裝置。在光線的變化下產生微妙的流動與層次，與空間及觀者形成動態的觀看關係。這種對光、質地與時間感的敏銳處理，使作品在東方的氣韻觀與西方的空間構成之間找到平衡，同時也回應了當代藝術中對「觀看條件」的反思。此次創作並不依附於單一的文化傳統，而是將不同文化的繪畫語彙轉化為一種開放的視覺經驗。這種開放性來自於處理方式：筆觸在畫面上既是痕跡，也是時間的存檔；留白不僅是空間的缺席，更是觀者介入與思考的場域。作品因此呈現一種「可進入性」——觀者能以自身的感知、記憶與情感，重新構築畫面的內在結構。 黃立穎透過實踐過程中，不斷調整觀看的距離與方式，因此使作品既是視覺語言的延伸，也與當代藝術在全球語境中持續發生對話。
「移形」像是一場穿越時空與古人的對話，更是對自然生生不息的讚嘆 ! 當巨大的山體壟罩於前的心靈震撼，不下於如今看到歲月沖刷下留下的蝕痕，而產生對時間的感概，對未知世界探求的熱情是白雨持續前進的目標。而黃立穎畫面上因媒材產生的光影轉折，不僅使作品本身成為一種關於「觀看與被觀看」的動態實驗；延續西方藝術對光線與形構的探討與東方藝術中線條與留白的畫面思索。軌跡的形成，成為能夠容納不確定與模糊的場域，亦如「朔影」的呈現。
誠摯邀請大家來欣賞這檔展覽，挑戰對未知與不同觀看視角的視覺饗宴 !"
https://artemperor.tw/tidbits/18246,台灣，新竹市,國立清華大學文物館【捷英·蒔光】文物館從藍圖到新章,https://d2onjhd726mt7c.cloudfront.net/images/datas/000/117/595/7s90v7z4lpqjvfpdwhaa7iv9w1pwc06m_800x420^.jpg,2025-04-23 ~ 2025-11-28,光復路二段101號 旺宏館一樓文物館展覽廳,https://nthumuseum.wixsite.com/jieyingtakingroots,白雨、黃立穎,"經過多年的醞釀與精心規劃，國立清華大學凝聚歷史記憶與未來希望的寶庫——「捷英文物館」正逐步成形。這裡不僅記錄東亞時代跨越的進程，更將成為未來世代編織夢想的起點。
​特別感謝台積電文教基金會董事長、清華名譽博士曾繁城先生及夫人的信任與無私，慨捐新臺幣1.1億元，讓文物館興建計畫得以在2021年啟動。曾博士伉儷緬懷雙親劬勞，以父母之名為館舍命名，這份跨越家族與社會的深情厚誼，使文物館以「捷英館」之姿，迎向嶄新的篇章。
​值此時刻，我們誠摯邀請所有清華人一同回顧這段理想孕育與實踐的歷程，聆聽捷英文物館在清華之森中的願景與期盼，攜手見證這座融合記憶與創新的文化地標所開啟的無限可能。
​展覽分成兩個部份，第一單元為「捷英館啟航」，呈現建館過程的各個階段，由描繪藍圖、起建動土、嶄新落成，並展望未來館舍發展。第二單元「展覽回顧」呈現文物館籌備建館過程中曾舉辦的展覽，精選展出焦點展件，回顧歷年展示的精彩時刻。"
https://artemperor.tw/tidbits/18937,台灣，台北市,穎川畫廊【移形．朔影-白雨｜黃立穎聯展  】Transformation-Bai Yu ｜Huang Li Ying  Joint Exhibition,https://d2onjhd726mt7c.cloudfront.net/images/datas/000/120/887/fmy91lsnx8ohs70jxcr1okmzjmc1tfv5_800x420^.jpg,2025-10-18 ~ 2025-11-28,仁愛路一段45號2F,https://www.inriver.com.tw/,白雨、黃立穎,"此展「移形．朔影」透過白雨與黃立穎兩位藝術家，以不同媒材—水墨與石墨—創造出不同時空條件下東方精神語境的呈現，卻又各自有個人特色的獨特表現，使作品不僅是藝術家在當代藝術潮流中嘗試開創新局的啟航，更是一場創造與感知的旅程。
白雨以五代、北宋的巨碑式山水畫為靈感，回望那個純然面對自然、回應心性的時代。他希望能以作品為介質，去訴說他當下的觸動與感受。儘管那一瞬間所捕捉到的那一道光和那一陣風的始末無法捉摸，但在時間的長河中，依然能被留存、傳承與感知。面對大自然，藝術家捕捉的瞬間往往是人們習以為常的日常景象，那些在光影、風與溫度影響下微妙變化的瞬間，不只是一次對未知的探索，更是通向內心的媒介。這次的創作開始嘗試不同於以往絹本的媒材，部分作品使用紙本創作。從去過的冰島或小琉球等處轉化成內心對廣闊無垠宇宙與心靈的嚮往，每一筆都蘊含著心理的痕跡與情感，透過反覆調整的過程使作品更深入至性靈的深處。白雨以畫筆記錄大自然的變化莫測，畫作的流動感彷如時間的延展，將光影、氣息與情緒凝結於畫布之上，讓觀者在觀賞當下彷彿置身其境，與山水共呼吸。
黃立穎自述 : 他運用石墨本身獨特的反光特性，將媒材轉化為一種哲學性的感知裝置。在光線的變化下產生微妙的流動與層次，與空間及觀者形成動態的觀看關係。這種對光、質地與時間感的敏銳處理，使作品在東方的氣韻觀與西方的空間構成之間找到平衡，同時也回應了當代藝術中對「觀看條件」的反思。此次創作並不依附於單一的文化傳統，而是將不同文化的繪畫語彙轉化為一種開放的視覺經驗。這種開放性來自於處理方式：筆觸在畫面上既是痕跡，也是時間的存檔；留白不僅是空間的缺席，更是觀者介入與思考的場域。作品因此呈現一種「可進入性」——觀者能以自身的感知、記憶與情感，重新構築畫面的內在結構。 黃立穎透過實踐過程中，不斷調整觀看的距離與方式，因此使作品既是視覺語言的延伸，也與當代藝術在全球語境中持續發生對話。
「移形」像是一場穿越時空與古人的對話，更是對自然生生不息的讚嘆 ! 當巨大的山體壟罩於前的心靈震撼，不下於如今看到歲月沖刷下留下的蝕痕，而產生對時間的感概，對未知世界探求的熱情是白雨持續前進的目標。而黃立穎畫面上因媒材產生的光影轉折，不僅使作品本身成為一種關於「觀看與被觀看」的動態實驗；延續西方藝術對光線與形構的探討與東方藝術中線條與留白的畫面思索。軌跡的形成，成為能夠容納不確定與模糊的場域，亦如「朔影」的呈現。
誠摯邀請大家來欣賞這檔展覽，挑戰對未知與不同觀看視角的視覺饗宴 !"
https://artemperor.tw/tidbits/18839,台灣，新竹縣,卡特室內設計【〈房間裡的怪獸〉 褚耘成個展】Monsters In The Rooms,https://d2onjhd726mt7c.cloudfront.net/images/datas/000/120/446/jhrpfmk0gawh1y9fenq52td1oyzo4gjp_800x420^.jpg,2025-08-28 ~ 2025-11-28,嘉祥五路9號,https://www.instagram.com/carte_designnn/,褚耘成,"房間裡的怪獸，象徵當代人類被空間所壓縮、壓迫的感觀情緒。
透過日常人們之於社會文化下的縮影，將內心潛意識的焦慮情緒化為具象。
怪獸代表著扭曲變形的現代生活，與場域以及物件成為一體兩面的工具。
ㅤ
將存在主義中「無意義」視為此系列的發展核心，
並透過阿德勒正向心理學設計與實驗改變空間的過程。
ㅤ
ㅤ
結合結合服裝、傢俱、潮流藝術等多元媒材，
「怪獸家具」在產業裡顯得格外新鮮，打破既有分類的框架。
也正因如此，它們遊走於藝術與設計的邊界，開啟更多想像。
家俱不再只是功能性的物件，而能化身為治癒的陪伴角色，"
https://artemperor.tw/tidbits/19138,台灣，台北市,99°藝術中心【2025李建中回顧展】,https://d2onjhd726mt7c.cloudfront.net/images/datas/000/121/757/xbxg6y9zk8tgcd5i9kovjyqvp56jdtln_800x420^.jpg,2025-11-08 ~ 2025-11-29,台北市北投區承德路七段286號,https://99dac.com/exhibition-detail.php?id=237,李建中,"2025李建中回顧展
展期：2025/11/08(六)～11 /29(六)
展覽地點：99°藝術中心-S7美術館  3樓（112台北市北投區承德路七段286號）
開放時間：11:00-18:30（日、一公休）
-----------------------------------------------------------------
Date：2025.11.8 (Sat.)～11.29 (Sat.)
Venue：99° Art Center- S7 Art Museum 3F
（No. 286, Sec. 7, Chengde Rd., Beitou Dist., Taipei City）
Business Hours：11:00-18:30
（Closed on Sunday and Monday）
-----------------------------------------------------------------
展覽論述：
李建中（1923-2017）山東煙台人，1969、1971年兩度受邀參加巴西聖保羅國際雙年展，1978年旅居美國，創作與展覽不輟。
以木雕、彩墨、油彩、壓克力等多元媒材創作，融合工業設計與印染技術，藝術家發展出打洞、凹凸皴、沙敷、噴霧、螢光繪畫、蠟染等獨特技法，在平面中營造立體與質感。他以幾何構成展現形上思維，作品冷峻抽象卻蘊含老莊哲理的遊藝精神，於技與藝之間流動，保持對生命與世界的疏離。
-----------------------------------------------------------------
Exhibition Statement:
LI, CHUIEN-CHUNG (1923–2017), born in Yantai, Shandong, was twice invited to participate in the São Paulo International Biennial in 1969 and 1971. In 1978, he moved to the United States, where he continued to create and exhibit actively.
Working across diverse media such as wood sculpture, ink and color, oil, and acrylic, LI merged techniques from industrial design and textile printing to develop his own distinctive methods—piercing, relief texture, sand application, spray, fluorescent painting, and wax-dyeing. These approaches create a unique sense of depth and materiality within the pictorial plane.
Through geometric compositions, LI expresses a metaphysical mode of thought; his cool abstraction is infused with the Daoist spirit of playfulness derived from Laozi and Zhuangzi. Moving fluidly between craftsmanship and artistry, his work maintains a deliberate detachment from life and the world."
https://artemperor.tw/tidbits/19118,台灣，台北市,晴山藝術中心有限公司【曾新耀『城 市 印 象』油畫創作個展 】,https://d2onjhd726mt7c.cloudfront.net/images/datas/000/121/676/yiga37fidl61084uo350wfth4mkgdub9_800x420^.jpg,2025-11-08 ~ 2025-11-29,晴山藝術中心,https://www.imavision.com.tw,曾新耀,"展期：2025.11.8 - 29日
開幕茶會：11月8日 (周六) 下午三點
展場: 晴山藝術中心 ( 台北市北投區承德路七段286號2樓)
-----------------------------------------------------------------
城 市 印 象
『 記憶是模糊而破碎的，我用流動碎片式的筆觸，重組勾勒出旅途中短暫的城市印象。』
這次的展覽主題是『流逝與重生』的意象延伸。我在後疫情走訪歐洲倫敦，荷蘭，日本東京等城市，創作作品以都市風貌為媒介，揉合主觀記憶與現場觀察速寫，畫面中既有對歷史建築的凝視，也有日常生活中的瞬間情緒投射。在旅途中略過的光影、聲音與片段記憶，時而清晰，時而消散。透過流動、碎片式的筆觸與豐富色彩，嘗試捕捉這些瞬間，描繪出城市的光影節奏、空間與情感，對不同「光線」更細膩的紀錄，重組內心對這些城市的印象與感受。
這是一場介於現實與記憶之間的視覺探索，也是一次對印象派大師們的致敬，一次對城市精神的再詮釋。"
https://artemperor.tw/tidbits/19124,台灣，台北市,一票人票畫空間＆畫庫【愛之絆 Tether Love】洪永欣 個展,https://d2onjhd726mt7c.cloudfront.net/images/datas/000/121/710/9sa0nn0qjz2pvgqsw1vkrbxub5c6b681_800x420^.jpg,2025-11-11 ~ 2025-11-29,台北市大安區永康街44號＆63-1號,https://www.facebook.com/share/1BQHKcEqmQ/,洪永欣,"【 愛之絆 Tether Love 】
展覽名稱《愛之絆》取自日治時期《台灣日日新報》的一段文字：「我皇軍在戰場上，人與人、人與動物、甚至動物與動物之間，都結成了強烈的愛之絆。」這句話原意在歌頌戰場中的情感與忠誠，如今讀來卻帶有一種奇異的溫柔與距離感。它將犧牲包裹在「愛」的語彙之下，顯示出人類如何以情感的名義，延伸並正當化對其他生命的支配。
本展以「作為戰爭資源的動物」為核心，回望牠們在人類歷史中被徵召、訓練與消耗的形象。牠們曾是運輸與通訊的工具，是軍隊精神的象徵，是被讚頌為忠誠與勇氣代表的生命。從軍犬、戰馬到吉祥物式的動物標誌，這些身影在戰爭語境中被轉化為媒介與符號，承載人類對「愛」、「榮譽」與「犧牲」的想像。
然而，在被美化的敘事背後，也潛藏著難以忽視的矛盾：人類在愛護動物的同時，也宰殺並利用牠們。溫情與殘酷並存於同一場景中，戰場上的人與獸，共同被置於國家與權力的體系之下——有的被紀念，有的被遺忘。
在當代社會，人與動物的關係依舊延續著類似的張力。從過去的戰場到今日的都市，牠們仍被視為伴侶、慰藉與投射的對象，同時也存在於勞動與娛樂的體系中。《愛之絆》並非單一立場的陳述，而是一場對人與動物關係的凝視。作品以膠彩、礦物顏料與植物性色彩構築出曖昧的畫面，嘗試在歷史與情感之間尋找觀看的距離。牠們不再是具體的戰象與軍犬，而是被象徵化的身體與被情感覆蓋的形象。
展覽中亦展出部分〈標本抽樣〉系列作品，延伸對此關係的思考。人類製作標本的動機中，也包含了「愛」與「留住」的意圖。那是一種矛盾的愛：越想保存，就越奪走了對方的生命流動。這使得標本不只是死亡的物件，也是一種情感的殘留。在這個層次上，掠奪與哀悼幾乎重疊——我們以愛之名，奪取、保存、凝視，同時也試圖理解與懷念。
文／洪永欣
【 Tether Love 】
The title “Tether Love” is taken from a passage in the Taiwan Daily News (Taiwan Nichi Nichi Shimpō) during the Japanese colonial period:
“On the battlefield, among our Imperial soldiers, strong bonds of love are formed—between people, between humans and animals, even between animals themselves.”
Originally meant to praise the emotions and loyalty found in war, this sentence now reads with a strange tenderness and sense of distance. It wraps the idea of sacrifice within the language of “love,” revealing how humanity often extends and justifies its domination over other living beings in the name of emotion.
This exhibition centers on the notion of animals as resources of war, revisiting their roles as beings conscripted, trained, and expended throughout human history. They once served as instruments of transport and communication, as symbols of military spirit, as embodiments of loyalty and courage. From war dogs and battle horses to mascot-like emblems, these figures were transformed within the context of warfare into media and symbols that carried human ideals of “love,” “honor,” and “sacrifice.”
Yet behind such beautified narratives lies an undeniable contradiction: even as humans express affection toward animals, they also slaughter and exploit them. Tenderness and cruelty coexist within the same scene. On the battlefield, humans and beasts alike are placed under the structures of nation and power—some remembered, others forgotten.
In contemporary society, the tension between humans and animals continues. From past battlefields to modern cities, animals remain our companions, comforters, and mirrors, while also existing within systems of labor and entertainment. “Tether Love” is not a statement of a single position, but a sustained gaze upon the complexities of this relationship. Through the use of mineral pigments, plant-based colors, and traditional gouache, the works construct ambiguous images that seek a distance between history and emotion. The animals depicted are no longer concrete war elephants or military dogs, but symbolic bodies—figures veiled in sentiment.
The exhibition also includes works from the Specimen Sampling series, extending this reflection further. The human impulse to create specimens often arises from a desire to “love” and “preserve.” Yet this is a paradoxical form of love: the more we try to preserve, the more we deprive the other of life’s flow. The specimen thus becomes not merely an object of death, but a residue of emotion. At this juncture, possession and mourning nearly overlap—we take, preserve, and gaze in the name of love, while also striving to understand and remember.
Text / Hong Yong-Hsin
＿＿＿＿＿＿＿＿＿＿＿＿＿＿＿＿＿＿
【 愛之絆 Tether Love 】洪永欣 個展
▋展期｜2025／11／11 (Tue.) – 2025／11／29 (Sat.)
▋開幕茶會｜2025 / 11 / 15 3:00 PM
▋時間｜週一公休、週二-週六13:00-21:00、週日11:00-18:00
▋地點｜台北市大安區永康街44＆63-1號
-
-
想看更多：
FB: https://www.facebook.com/piaopiao.art
IG: https://instagram.com/piaopiaogallery
作品清單及線上問價：
LINE: https://lin.ee/zQJKPNPd"
https://artemperor.tw/tidbits/19159,台灣，台北市,99°藝術中心【2025林良材、吳丁賢精選作品展】,https://d2onjhd726mt7c.cloudfront.net/images/datas/000/121/838/pjx6fe9anxmbq47dca9g9bfwm1ku4wu9_800x420^.jpg,2025-11-08 ~ 2025-11-29,台北市北投區承德路七段286號,https://99dac.com/exhibition-detail.php?id=238,林良材、吳丁賢,"2025林良材、吳丁賢精選作品展
2025 Lin Liang-Tsai & Wu Ting-Hsien Selected Works Exhibition
展期：2025/11/08(六)～12 /29(六)
展覽地點：99°藝術中心-S7美術館  1樓（112台北市北投區承德路七段286號）
開放時間：11:00-18:30（日、一公休）
-----------------------------------------------------------------
Date：2025.11.8 (Sat.)～11.29 (Sat.)
Venue：99° Art Center- S7 Art Museum 1F
（No. 286, Sec. 7, Chengde Rd., Beitou Dist., Taipei City）
Business Hours：11:00-18:30
（Closed on Sunday and Monday）"
https://artemperor.tw/tidbits/19045,台灣，台北市,青雲畫廊【映色浮影】台日韓當代藝術聯展,https://d2onjhd726mt7c.cloudfront.net/images/datas/000/121/326/btdoojyaxig4qqxpv3wk7h276l2rndu9_800x420^.jpg,2025-10-18 ~ 2025-11-29,青雲畫廊（台北市中山區明水路471號）,https://www.instagram.com/cloudgallery1997/,木下真子、王仁傑、平片仁也、池炫貞、宋周妍、金汝玉、河麗、Onram,"《映色浮影》由青雲畫廊策劃，邀請來自日本、韓國與台灣的藝術家共同參與，透過平面與立體當代藝術形式，開展一場跨文化的藝術對話。展覽作品呈現藝術家對自然、記憶、城市及生命經驗的凝視與反思，展現不同文化背景下創作者對當代社會的回應與思考。無論是細膩的寫實描繪，或是更自由的形式探索，每件作品皆以各自的語彙訴說獨特觀點，同時也在彼此映照下形成新的視覺與情感層次。
本展亦呼應 2025 年台北藝術週「萬花筒 Kaleidoscope」主題，探索差異與共感之間的藝術可能性，呈現多重視角交錯的展覽景觀，映照出台北作為亞洲文化交會城市的豐富面貌。展覽名稱「映色浮影」寓意色彩與影像的相互映照與流動，如水面上短暫卻動人的倒影。這一意象不僅象徵觀者在作品中獲得的瞬間共鳴，也暗示不同文化、情感與視角之間的對話與呼應，提醒人們在瞬息萬變的世界中，理解與感受彼此的存在。"
https://artemperor.tw/tidbits/18976,台灣，台北市,"當代一畫廊【《空谷回聲》趙南開 個展 】〈Echo Valley〉 CHAO, Nan-Kai Solo Exhibition",https://d2onjhd726mt7c.cloudfront.net/images/datas/000/121/004/v76p9qbj304vznlazc7n335d182ettle_800x420^.jpg,2025-10-17 ~ 2025-11-29,台北市松山區光復南路22巷32號1樓,https://sissyleelee1.wixsite.com/agallery,趙南開,"▎ 關於展覽 ABOUT EXHIBITION
本期展覽呈現藝術家趙南開的個展《空谷回聲》，趙南開將黑白視為紙墨的延伸表現，捨棄色彩，詮釋虛無的存在與無限性。作品以霧面溫潤的呈現方式，取代常見透亮光滑的玻璃質地，以平面玻璃作畫布，注重表面肌理細節。擅長利用熔合方式，將玻璃本質發揮至極。創作中保留許多繪畫符號與偶發的自然狀態，透過其極簡作品，展現無限可能。
音諭具有象徵或擬聲性質，如類似漫畫中常見用來表達聲音、情緒或動作的音諭圖像語言，對人類溝通方式、符號學或視覺文化。聲音本質是短暫、流動的，但當它被編碼為符號，轉化為可見的形狀、紋理或圖像時，它便獲得了新的記憶載體與延展性。
空谷回聲關注的不是語言的語意本身，而是聲音作為感知介質所留下的視覺印記與記憶連鎖。觀者在面對這些符號時，可能不一定能解讀其具體語意，卻會因過往聽覺經驗與文化背景而產生共感與聯想。這是一場無聲的交流，也是一種跨越語言障礙的溝通方式。"
https://artemperor.tw/tidbits/19080,台灣，台北市,"也趣藝廊 AKI Gallery【The Scenes 】Christian BRANDL, Falk GERNEGROSS, Julius HOFMANN",https://d2onjhd726mt7c.cloudfront.net/images/datas/000/121/519/kcq8n22jt8zhlvjbkjzlvwiqsrkotk3b_800x420^.jpg,2025-11-08 ~ 2025-11-29,也趣藝廊（台北市大同區民族西路141號）,https://sissyleelee1.wixsite.com/agallery,Christian BRANDL、Falk GERNEGROSS、Julius HOFMANN,"今年11月，也趣藝廊推出《The Scenes》聯展，將德國新萊比錫畫派備受矚目藝術家：Christian BRANDL、Falk GERNEGROSS 與 Julius HOFMANN 引介至台灣觀眾的視野中。三位藝術家皆師承自新萊比錫畫派的核心體系 Neo Rauch、Arno Rink、Ulrich Hachulla 與 Heribert C. Ottersbach 等關鍵人物。新萊比錫畫派誕生於90年代，正值觀念藝術與抽象語言在歐洲藝術圈高度主導的時期。在那個影像被大量消解、繪畫被視為過時媒介的年代，萊比錫藝術家選擇回到畫，以繪畫為武器，在影像過剩與媒體疲乏的時代，重新建立「圖像作為思考載體」的精神性。
因此，《The Scenes》所提出的「場景」並非單純的視覺片段，而更像是一個開放的問句，每一個場景都是由觀看者與圖像交會所生成的未完成敘事。
▎Christian BRANDL (b.1970) 的繪畫宛如被擷取的一幀電影舞台式構圖，人物姿態是自然抓拍的瞬間，卻又因其冷靜精準的安排，形成一種刻意的視覺停格。畫中主角各自朝向不同的視線方向奔往未知，亦在無聲之中製造出敘事的張力。這種「電影化卻又刻意平面化」的處理方式，也呼應了新萊比錫畫派（Neue Leipziger Schule）的核心特徵。BRANDL對光線具有高度控制力，無論室內場景、自然風景還是城市空間，光線都成為凝視的機制，觀者被引導注視那些沉默的人物，以及他們未被說出的秘密。而作品中的人物在情緒上的「冷視角」，是種存於日常表層下、游移於「熟悉」與「陌異」之間的心理狀態。這些人物並未與觀者直接建立對話，而是各自沿著自身的敘事軌跡游離並在可辨認的語彙中，保持一種優雅而疏離的觀察姿態。
▎Falk GERNEGROSS (b.1973) 筆下的女性形象誕生於日常與禁忌的縫隙間，他重啟了文藝復興的繪畫傳統，運用蛋彩與油彩層疊的釉質技法，讓肌膚光澤與曖昧視線的在畫面中交纏。GERNEGROSS的創作挪用與重構「圖像再生」：藝術史的典故、宗教與世俗、神聖與情色。畫中人物的凝視冷峻而自覺，她們既是凝視的對象，也是反觀的主體。藝術家透過這種雙重的觀看機制，揭露慾望被製造與被消費的邏輯。活潑愉悅的色調游走於真實與漫畫化之間，形成既純真又挑釁的張力。這種遊戲般的語彙拆解了高雅藝術與通俗文化的界線。藝術家既是敘事的佈局者，也是心理的變形者。他以畫布為心理劇場，演繹慾望、羞恥與觀看儀式。
▎Julius HOFMANN (b.1983) 剖析繪畫在數位時代下如何被重新定義，從古典透視的穩定秩序，到3D圖形與的動態生成，他在兩者間建立起充滿力道的過渡帶。HOFMANN借鑑早期電腦圖像的生硬質感，刻意調整解析度與焦點，使圖像游離於清晰與模糊、擬真與錯位之間，從而對西方古典繪畫追求的統一視角與和諧構圖提出挑戰。在這裡，扭曲的透視、分割的鏡頭感與荒謬的形體不再是「錯誤」，而是一種後數位時代的新繪畫文法。像是一扇供精神進入的「界面」，錯位的光源、無邏輯的陰影、不合比例的肢體、隨時可能崩塌的視覺架構，在混亂中生成一種奇異的秩序感，HOFMANN不僅呈現當代生活的破碎狀態，而是將破碎本身變成遊玩機制。
2025.11.08 (六) - 2025.11.29 (六) 邀您親臨現場，凝視畫布製造出需要停留、需要思考的觀看場域，在一切都被即時影像沖淡的時代，我們是否仍有能力觀望一個場景，並與之建立一段真正的精神關係？"
https://artemperor.tw/tidbits/18978,台灣，台北市,鳳甲美術館【羅曼菲林 Sugar Nocturne】Candy Bird 個展,https://d2onjhd726mt7c.cloudfront.net/images/datas/000/121/022/i7e0lny69jgl2z6pkpbfkid18wzj7vgc_800x420^.jpg,2025-10-18 ~ 2025-11-30,臺北市北投區大業路166號11樓,https://sissyleelee1.wixsite.com/agallery,Candy Bird,"羅曼菲林 Sugar Nocturne
Candy Bird 個展
開幕：2025.10.18 (六) 15:00
展期：2025.10.18-11.30
鳳甲美術館很榮幸推出藝術家Candy Bird全新個展「羅曼菲林 Sugar Nocturne」。本次展出包含一系列空間裝置作品，圍繞近期Candy Bird的創作核心：探問華人的遷徙與離散，如何與當代政治結構交織。在「羅曼菲林」中，Candy Bird 將中國內戰後來台的華人移民軌跡，置於東亞持續延宕的冷戰遺緒與新浮現的地緣政治衝突中。透過營造介於日常與寓言之間的氛圍，召喚觀眾的感官經驗，凝視台灣的後威權社會內在，同時也映照著當代民主的脆弱性。
本館於2018年首次和藝術家Candy Bird合作，在街區藝術計畫「Video On The Phone」當中，以網路直播的方式，邀請Candy Bird以說書人的角色，帶領一段從鳳甲美術館出發步行至空場藝術聚落（當時位於北投路一段）的旅程，途中結合Candy Bird擅長的塗鴉繪畫，以融合街區地景的即興創作搭配敘事演說，該次合作拓展了Candy Bird的創作手法，藝術家進而開始思考創作過程中的表演性，以及議題表現上不同於地景塗鴉、更為多元的敘事方法。2022年本館進而在聯展「你到哪了呢？一個距離的想像」當中，再次邀請Candy Bird從移動、行旅的經驗出發，思考關於距離的詩性表現，該展當中Candy Bird展出強調光影變化的影像裝置與平面繪畫，並於戶外舉辦了一場「此時此刻 The Moment」的口述表演，將散落的日期和新聞事件，串成一段日常與異常交織的故事，提供觀眾投射都會生活共感的可能。
近年來Candy Bird的創作轉型逐漸明確，以往直接回應社會議題的街頭塗鴉已淡出檯面，但藝術家對社會矛盾的敏感和關懷並未減弱，反而是花更多時間精力去探究與分析，對外他將台灣特有的省籍矛盾置放於東亞新冷戰的格局中；對內他回望自身家庭背景，探討意識形態衝突以及民主政治的脆弱性，如何以忽隱忽現又如影隨形的方式影響著他的日常生活，這種雙向的凝視，使個人經驗成為解析歷史遺緒的感官入口，與台灣的政治、歷史、社會主流敘事形成另一種對照。在形式語言上，其手法也與不同表演者合作，例如透過舞者或演員來傳達更為強烈的情緒，在影像編輯上冷冽的都會感和意識流的敘事也慢慢樹立出個人風格。
本次展覽中，他藉由數個流動影像與仿古家具的陳設，配合鳳甲美術館狹長的廊道與鄰近機房的展場結構，營造日常與寓言之間的張力氛圍。帶有居家符號的房間、碎片般的壁紙花紋、木質調的衣帽架、皮沙發與椅凳，促使觀眾感受敘事聚焦在一段凝結的時空，而刻意用簡體中文呈現的文本、故事中男女主角的對話，都指涉了一種難以回返的複雜狀態。期待觀眾透過各種投射或想像，以展覽明狀當今宏大的歷史或政治敘事之下，被忽略的日常經驗與感受。
Sugar Nocturne
Candy Bird Solo Exhibition
Opening: 15:00. 18th Oct. 2025
Date: 18th Oct. to 30th Nov. 2025
Hong-Gah Museum is honored to present Candy Bird’s new solo exhibition, Sugar Nocturne. The exhibition features a series of spatial installations that center on the artist’s recent explorations: an inquiry into how migration and memory intersect with contemporary structures of politics. In Sugar Nocturne, Candy Bird situates the trajectories of Chinese migrants who came to Taiwan after the Chinese Civil War within East Asia’s enduring Cold War legacies and its newly emerging geopolitics. Through atmospheres that hover between the everyday and the allegorical, he engages the audience’s senses, reflecting on the fragility of contemporary democracy while also confronting the inner tensions of Taiwan’s post-authoritarian society.
The museum first collaborated with Candy Bird in 2018 on the community art project Video On The Phone. In this project, the artist played the role of storyteller, walking from Hong-Gah Museum to Polymer Art Studio while weaving graffiti interventions into the urban landscape with live narration. This marked a shift in his practice from site-specific graffiti toward performative storytelling and narrative installation, aligning his work with broader artistic conversations about how art mediates between urban experience and memory. In 2022, he participated in the group exhibition Where Are You Now? Imagining Distance, presenting video works and paintings that explored the poetics of light and shadow, alongside an outdoor performance The Moment, which intertwined scattered news fragments and daily events into a story of urban resonance.
In recent years, Candy Bird has moved away from direct street graffiti but deepened his reflection on social contradictions. He situates the lingering ethnic and identity divisions between post–Chinese Civil War mainland migrants and local Taiwanese within East Asia’s enduring Cold War legacies. These tensions are further framed against the region’s emerging geopolitical divides. At the same time, he revisits his own family background to probe ideological conflicts and the fragility of Taiwan’s democratic experiment in daily life. This dual lens transforms personal experience into a gateway for examining historical residues, offering an alternative counterpoint to dominant political and historical narratives. Formally, Candy Bird frequently collaborates with dancers and actors, using embodied performance to convey heightened emotion. His video editing juxtaposes the cool detachment of the urban environment with stream-of-consciousness narration, gradually shaping a distinctive aesthetic idiom.
In Sugar Nocturne, he combines moving images with furniture arrangements, constructing an atmosphere of tension between the everyday and the allegorical, where intimacy intersects with estrangement. The exhibition is composed of multiple moving-image works and spatial installations, staged in dialogue with the museum’s elongated corridors and adjacent projection rooms. Domestic motifs—a fragmentary wallpaper pattern, a wooden coat stand, leather sofas and stools—concentrate the narrative within a suspended temporality, evoking both familiarity and unease. The use of Simplified Chinese texts, together with dialogues between male and female characters, underscores disjunctions of identity and belonging, pointing toward a complex, irretrievable state. The exhibition invites audiences to project and imagine, bringing into focus the overlooked textures of daily experience and affect that lie beneath sweeping historical and political narratives."
https://artemperor.tw/tidbits/19077,台灣，台中市,ZASSO草也【非週期性擾動 Perturbation】黃位政 個展 Hwang Wey-Jeng Solo Exhibition,https://d2onjhd726mt7c.cloudfront.net/images/datas/000/121/508/723mpdzz4i7vopapbrfhm9luhu4xzd1w_800x420^.jpg,2025-11-01 ~ 2025-11-30,台中市西區五權西六街72號,https://sissyleelee1.wixsite.com/agallery,黃位政,"非週期性擾動｜黃位政 個展
Perturbation｜Hwang Wey-Jeng Solo Exhibition
展覽期間｜11,1 - 11,30 2025
開幕茶會｜11,1（六） 3:00 - 5:00 pm
「擾動」在生態學中用以描述那些使生態系統結構暫時失衡的變化，它突然而至、短暫卻深刻。展覽《非週期性擾動》試圖以此形容黃位政在平靜的生活中，被突如其來的事件所使，日常脫離軌跡所造成的不安的波動。或許是一場公路車的翻覆，又或許是身體狀況的轉變，使得日常的運動被迫減少，或是必須被加入日程的藥盒。黃位政的創作以身體為核心，圍繞著生活，擾動牽動著近年的創作發展。這次展覽透過2024-2025年的作品，窺探黃位政的身體境況。
一直以來，黃位政的創作都圍繞著「身體」展開。從早期對人體結構的純粹描繪，到後來以身體之姿映照情緒、政治與社會的現實，他筆下的身體從來不僅是形體，而是一種感受世界的方式。近年的創作似乎又回到自身，透過重複出現的自畫像與象徵自我的馬形象，凝視那個受擾的身體。
〈113K 日誌I〉作為展覽的開端，畫面中描繪著日常騎行的場景，左下角鮮豔的三角錐像是某種警示或暗示著某種即將發生的擾動。穿插一些描繪日常的作品後，以〈意外 那個鬼日子〉 的兩張系列連作回應了開端的猜測，作品描繪著藝術家某次公路車摔車事件，騰空扭曲的姿態生動地描繪事件發生的衝擊瞬間。再往後，〈那個你不再能自如的（日子）身體〉這張自畫像揭秘了藝術家近期遇到的擾動，身體上的痕跡似乎可以穿透進身體窺視那無法自如的原因。
接續的幾件作品都描繪著無論是騎馬、行走、奔跑的身體圖像，前進帶著速度感，模糊掉自身以及周遭，速度感與模糊的邊界讓畫面介於前進與暫停之間。那種掙扎的律動像是身體與心靈重新協調的過程。
這次也展出黃位政的雕塑新作〈身體記憶標本〉，將平面繪畫中那些皺褶、摺痕與扭曲的身體語彙立體化，彷彿試圖將身體的記憶與疼痛具象保存下來。這件作品延續他對「身體痕跡」的關注，將擾動的能量凝結成可被觀看、被感知的體，使畫面中的記憶得以轉化為一種真的存在。
展覽的最後，以〈獨行之路—惠來公園赤腳行走在草皮上的心情（愉悅複雜）〉做結尾，中央孤身前行的身影，在旁邊成群結隊的人群襯托下顯得格外寂寞，卻依然邁出有力的步伐。那是一種重新習慣、重新感受，嘗試適應失衡過後日常生活的姿態。
《非週期性擾動》透過描繪日常與事件的作品交錯編排，試圖讓觀者感受黃位政這段不同往昔的經歷所交織出的複雜情感。凝視作品中各種色彩與扭曲律動的身體姿態，或許能在其中感受到衝擊與靜謐並存的瞬間，以此回應展覽核心的「擾動」。
｜關於藝術家｜
黃位政，1955 年生於南投，台灣當代藝術家與教育家。早年受李仲生啟蒙，後赴法國巴黎高等美術學院深造。五十年來，他以身體感受為出發點，持續探索「人」與「身體」的多重面向。從表象的力與美，到內在的意識與慾望；從個體的存在經驗，到社會、政治與科技對身體的干預與重構。「藝術旨在為生命作見證」，藝術家始終執著，並直面真實。
——— ——— ——— ——— ——— ———
撰文｜林芯溦
視覺｜林鼎國 / IKOI GRAPHIC
ZASSO 草也 台中市西區五權西六街72號
Mon. - Sun. 11:00 am - 8:00 pm"
https://artemperor.tw/tidbits/19033,台灣，高雄市,高雄市政府文化局【墨光‧流變】高雄水墨藝術巡迴展,https://d2onjhd726mt7c.cloudfront.net/images/datas/000/121/299/x2thbnxibvmc27yzfskeahld4b6nevuc_800x420^.jpg,2025-10-25 ~ 2025-11-30,高雄市文化中心 至真堂三館,https://sissyleelee1.wixsite.com/agallery,洪根深、李明啟、李明則、詹獻坤、蔡文汀、黃法誠、陳柏源、吳佳軒、石忘塵、高聖賢、劉雄俊、盧福壽、蔡式媚、梁震明、王慶鐘、陳卉穎、洪民裕,"墨光‧流變-高雄水墨藝術巡迴展－策展論述
文/蔡文汀 國立高雄師範大學美術學系專任助理教授
高雄藝術發展長期以來有它獨特的地緣性格，並以非主流形式表現帶起高雄藝術的現代性特質，成為台灣現代藝術發展過程中不可忽視的一股重要力量。作為高雄市藝壇重要的藝術表現形式之一的水墨藝術，其發展歷經傳統到當代的過程，包括現代水墨到後現代水墨，尤其戰後80年代，在一些藝術家的戮力推動下，高雄的水墨藝術朝向複合式媒材水墨表現，正逐步開始萌芽發展，進而帶動水墨藝術往另一條新方向邁進，其中扮演推動的關鍵人物當首推長期在高雄推動現代藝術發展及藝術體制現代化不遺餘力的洪根深。在洪根深等在地藝術家、團體機構的戮力推動下 ，促使高雄的水墨藝術發展，呈現出自有獨特的表現形式，不僅跨越了傳統水墨的牽絆，更是大開大闔與當代藝術接軌，凸顯出高雄水墨藝術發展在台灣水墨藝壇中特有的主體性。
關於這一檔高雄水墨展覽策畫的主要目的除了梳理高雄水墨發展外，同時希望藉由巡迴展形式向各界呈現高雄水墨藝術的特質及特色。2011年時亦由高雄市文化局主辦《高雄.墨.視界》展覽，透過了此展讓外界對於高雄水墨到底是什麼樣子，有了一個初步基本輪廓的認知與理解。因此，這次的展覽也將在十幾年前的這檔《高雄.墨.視界》策展基礎上，透過觀察分析高雄水墨藝術這一、二十年來的發展狀態，希望進一步凸顯高雄水墨藝術的發展特質與特色。在過去曾經的一段時期，高雄藝術長時間處在所謂「邊垂意識」的思維下，這對於高雄藝術發展確實形塑了某些層面的影響，也使得高雄藝術得以發展出相較於過去以臺北為中心主流的非中心主流的邊陲獨特樣貌，雖是邊陲樣貌，但所展現出的藝術性格卻充滿著野性之姿的張力，如今受此發展脈絡影響下的高雄水墨藝術，在逐漸褪去了古典水墨原本雅緻取向外衣之後，漸漸形塑出自身鮮明的藝術特徵，包括融合跨域、跨媒介、跨世代思維以及兼顧傳統與現當代融合的創新實驗走向等等，而這些藝術特徵也成為這次高雄水墨藝術策展思維的主要核心所在。
根據長期的觀察探究，針對這次展覽構思及規劃設定了二大主軸，即「跨域、跨媒介」及「兼具傳統與創新」等二個面向，並結合不同世代的創作者組成，包括資深世代、中壯世代、中青世代及年輕世代。其中屬於「跨域、跨媒介」的資深世代創作者有洪根深(1946)、李明啟(1954)、李明則(1957); 中壯世代創作者有詹獻坤(1965)、蔡文汀(1968); 中青世代創作者有黃法誠(1982); 年輕世代創作者有陳柏源(1994)、吳佳軒(1997)。屬於「兼具傳統與創新」的資深世代創作者有石忘塵(1949)、高聖賢(1951)、劉雄俊(1953)、盧福壽(1955)、蔡式媚(1959);中壯世代創作者有梁震明(1971)、王慶鐘(1978);中青世代創作者有陳卉穎(1984)、洪民裕(1989)。上述展出者除了本身具高雄市籍並以水墨為主要創作外，有些則是長年在高雄從事水墨創作，有在大學院校及中小學任教者、有的目前是獨立專業創作者，他們皆具有豐碩的創作成果發表及展覽資歷。在創作表現形式上，這些創作者展現著多元、複合、跨域、創新實驗精神的作品樣貌，包括平面創作、立體複合、空間影像等多樣的作品型態，經由這些多元、複合具創新實驗精神的水墨作品樣態，帶出高雄水墨藝術發展上的一股新氣象、新的能量，同時也建立了高雄水墨藝術在台灣水墨藝術發展上特有的主體性風格。
在這次高雄水墨藝術巡迴展展題命名上，《墨光˙流變》中的「墨光」為指涉高雄水墨發展迄今所形塑出的藝術能量，並以光指稱之。而「流變」則有變遷、變動的意思，象徵著高雄水墨藝術從傳統創新到跨域、跨媒介的發展變遷歷程。在展出上將規劃於北、中、南五個藝文機構場域展出，除高雄市文化中心至真堂三館外，外地藝文機構場域由北而南依序為臺北藝文推廣處一樓特展室、桃園市中壢藝術館第一展覽室、臺中市大墩文化中心大墩藝廊(五)、國立臺南生活美學館第一展覽室。這次策展規劃期望透過巡迴展的模式，讓更多民眾藉由展覽的呈現，能更進一步認識高雄水墨藝術發展脈絡，以及在此脈絡下所展現出的水墨藝術特質及特色。
----------------------------------------------------------------------------
註一：1993年國立高雄師範大學美術學系成立，其教學目標方向以現代藝術為主，設系初期並延攬專業藝術家及藝術學者如洪根深、盧明德、高秀蓮、黃郁生、陳瑞文(理論)等人前來任教。高師大美術系的設立對於高雄現代藝術的發展與推動，也扮演著一定的影響性，而在水墨創作方面，不僅帶動跨域、跨媒介的水墨表現生發，同時透過教學深化，也讓這個面向的水墨創作主體性風格得以明確建立。另在民間團體方面有成立於1987年的高雄市現代畫學會，這是一個兼容各種現代藝術創作形式的畫會團體，包括現當代水墨在內，對於高雄水墨藝術發展也扮演一定層面的影響。
----------------------------------------------------------------------------
墨光．流變—高雄水墨藝術巡迴展
2025 INK ART VITALITY·FLUX
Kaohsiung Ink Art Touring Exhibition
策 展 人｜
蔡文汀、盧福壽、詹獻坤
跨域｜參展藝術家
洪根深、李明啟、李明則、詹獻坤、蔡文汀
黃法誠、陳柏源、吳佳軒
兼具傳統與創新｜參展藝術家
石忘塵、高聖賢、劉雄俊、盧福壽、蔡式媚
梁震明、王慶鐘、陳卉穎、洪民裕
時間｜地點
2025.10.25–11.30
高雄市文化中心 至真堂三館
2026.01.14–02.01
臺北市藝文推廣處
2026.04.08–04.26
桃園市中壢藝術館 第一展覽室
2026.06.13–06.24
臺中市大墩文化中心 大墩藝廊（五）
2026.07.30–09.01
國立臺南生活美學館 第一展覽室
座談會
高雄水墨的發展與變遷
2025.11.1（六）下午2:30
高雄市文化中心 文藝之家
主辦單位／ 高雄市政府文化局
合辦單位／ 臺北市政府文化局、桃園市政府文化局、臺中市政府文化局、國立臺南生活美學館"
https://artemperor.tw/tidbits/19022,台灣，台中市,大美無言藝術空間【擁抱九號雲 Every Cloud Has a Silver Lining】王曉萱,https://d2onjhd726mt7c.cloudfront.net/images/datas/000/121/220/437s0bphrjqfy0eiahxhpux8tnfv0ool_800x420^.jpg,2025-10-10 ~ 2025-11-30,台中市西屯區市政路567號 (B1F展覽室),https://www.facebook.com/dmweart/,王曉萱,"早期的氣象學中，各種雲屬有各自的數字代號，而九號雲代表了積雨雲，厚重、壓抑、灰暗，遮蔽了天空，阻絕了陽光。但它同時也是天空中最高聳的雲系，雲頂直達天際，彷彿觸及天堂，在英文片語裡便用on cloud nine來形容人極度快樂與幸福的狀態。
從天候意象的沉重到語言文化中表達的快樂昇華，這種語境上的反差，恰如生活本身：我們偶爾置身於陰霾之中，心境像是被烏雲籠罩，喜悅也隱沒於灰濛的天色裡，但是就像植物生長需要水分一樣，即便身旁下著雨也不用強迫自己奔逃躲雨，沒有雨水澆淋何來成長茁壯，若能與之共處，待陽光再度破雲而出時，新的光芒將映照出成長的軌跡。
本次展覽以「雲」作為介於遮蔽與顯現之間的符號，透過藝術家個人情緒的探索與外在環境的呼應，轉化為一幅幅不只是對自然風景在線的作品，也正如作者自身在雲上、雲中、甚至雲層底下的片刻心境與旅途經歷，每件作品中都乘載著情感的隱喻。孤寂與寧靜並存，低沉與希望交織，Every Cloud Has a Silver Lining（每朵雲都有一道銀邊），寓意即使烏雲再濃，背後依舊隱藏著光亮與轉機，在平凡的日常裡，那些突如其來的暴雨，都是生命歷程的一部分，當下我們只需要好好接住自己。
「擁抱九號雲」表達的不僅是對陰霾的接受，更是對生命的擁抱。願我們都能勇於張開雙手，擁抱自己、擁抱所有情緒，甚至擁抱那片厚重的九號雲。因為終有一刻，光會穿透雲層而來，引領我們走往真正的 on cloud nine。"
https://artemperor.tw/tidbits/18916,台灣，台北市,帝門藝術中心【鄭建昌2025回顧展I 】CHIEN-CHANG CHENG A RETROSPECTIVE 2025,https://d2onjhd726mt7c.cloudfront.net/images/datas/000/120/753/gvkf49rs7jhglhuirqj6lu6xowl08f5p_800x420^.jpg,2025-09-17 ~ 2025-11-30,台北市大安區大安路一段176巷11號,https://www.facebook.com/dmweart/,鄭建昌,"帝門藝術中心隆重推出藝術家鄭建昌的回顧展，集結其數十年創作歷程中的代表作品，全面梳理他從早期形式探索、抽象語彙的實驗，到近年深耕土地記憶的創作脈絡。本次展覽不僅回顧鄭建昌的藝術軌跡，更希望引導觀眾重新檢視其作品中所蘊含的文化脈絡與時代意義，透過藝術觀看土地與社會的深層對話。
鄭建昌長年以台灣土地為創作根基，作品中蘊含對自然、歷史與集體記憶的深刻凝視。他以融合東方哲思與當代藝術語彙的獨特風格，探索人與土地之間的精神連結，將個人生命經驗轉化為具有文化厚度的藝術書寫。他的畫面往往帶有土地的溫度與人文的厚度，不僅記錄時代變遷，也反映社會環境的情感紋理，深刻回應台灣這片土地的文化記憶。
帝門藝術中心與鄭建昌長期合作策劃展覽，見證其藝術語言的演進與拓展，也見證他如何以作品回應社會變遷與文化流轉。多年來，秉持推動在地藝術與當代語境對話的理念，為鄭建昌提供一個能與觀眾深度互動的平台，使其作品不僅於美學上展現視覺張力，更能在思想層面引發共鳴。
本次回顧展的推出，不僅是對鄭建昌藝術歷程的致敬，更象徵著帝門藝術中心對台灣土地文化的一份長遠承諾。未來，也將持續以開放的姿態推動藝術與社會、土地之間的對話，期望透過不斷的展覽交流，使鄭建昌的作品持續拓展視野，不僅深化在地文化記憶，也讓世界看見台灣藝術的多元與力量。
鄭建昌回顧展三檔展期：
・回顧展I(1978-1988)→2025.9.17-10.12
・回顧展II(1996-2013)→2025.10.14-11.2
・回顧展III(2007-2025)→2025.11.4-11.30
開幕暨座談會｜2025.9.28 (日)15:00 藝術家 鄭建昌X國立台南藝術大學藝術創作理論 博士 莊宗勳
座談會｜2025.11.1 (六)15:00 藝術家 鄭建昌X國立臺灣美術館 館長 陳貺怡"
https://artemperor.tw/tidbits/18794,台灣，高雄市,高雄市立美術館【快樂島-日常的史詩】,https://d2onjhd726mt7c.cloudfront.net/images/datas/000/120/197/hahbmte6cytj31w7j650sa57ndff81lo_800x420^.jpg,2025-08-30 ~ 2025-11-30,高雄市立美術館本館 104. 105展覽室（高雄市鼓山區美術館路80號）,https://www.kmfa.gov.tw/Exhibition.aspx,天野喜孝、崔大衛、日野之彥、稻葉友宏、金玄植、金准植、金昌烈、權奇秀、李東起、李容德、松浦浩之、三島喜美代、宮島達男、三宅一樹、村上早、奈良美智、西野康造、西澤千晴、吳蓮花、大橋博、朴成泰、鹽田千春、高木紗惠子、土屋仁応 、山本麻友香,"展覽靈感取自德布西（Claude Debussy）於1904年所作的鋼琴獨奏曲《快樂島》（L’isle Joyeuse），探討當代亞洲藝術家如何以各自獨特的視角，描繪理想中的精神歸屬、現實逃逸與情感幻象之地。
作品透過自由調性與漸進式聲響結構，展現出不穩定、開放與夢境交錯的流動感，並進一步啟發我們重新提問：在當代社會加速變動、錯動與裂隙叢生的處境中，我們是否仍能——又該如何——抵達那座屬於自己的快樂島？
本展覽邀集來自日本、韓國與亞洲多位重要當代藝術家，包括天野喜孝、崔大衛、日野之彥、稻葉友宏、金玄植、金准植、金昌烈、權奇秀、李東起、李容德、松浦浩之、三島喜美代、宮島達男、三宅一樹、村上早、奈良美智、西野康造、西澤千晴、吳蓮花、大橋博、朴成泰、鹽田千春、高木紗惠子、土屋仁応、山本麻友香。他們透過繪畫、雕塑、裝置等多元媒材，展開對記憶、夢境、物質、身體與精神狀態的詩性探索。
《快樂島——日常的史詩》由本館展覽部主任曾芳玲策展，作為本館年度大展《眼球世代藝術奇譚》的平行策劃，感謝山藝術文教基金會慷慨借出日韓藝術家珍貴藏品，以及林明哲董事長對「偏鄉深耕計畫」與展覽製作的全力支持。
展覽亦感謝韓國國家現代美術館的協助，以及三位策展人——裵明智、金南仁、裴原正——的共同參與。他們針對五位韓國藝術家的創作提出精闢解析，深化本館國際策展合作的實踐厚度。感謝國立臺東大學音樂學系教授、鋼琴家許馨心，以德布西的鋼琴作品擴展展覽的聲音向度，開啟一場聲音與圖像交會的感知旅程。在地藝術機構永添藝術．金馬賓館當代美術館的共襄盛舉，攜手推動這場關於藝術與存在的深度對話。
參展藝術家(按英文姓氏字母順位排列)
天野喜孝（AMANO YOSHITAKA）
崔大衛（DAVID CHOE）
日野之彥（HINO KOREHIKO）
稻葉友宏（INABA TOMOHIRO）
金玄植（KIM HYUN-SIK）
金准植（KIM JUN-SIK）
金昌烈（KIM TSCHANG-YEUL）
權奇秀（KWON KI-SOO）
李東起（LEE DONG-GI）
李容德（LEE YONG-DEOK）
松浦浩之（MATSUURA HIROYUKI）
三島喜美代（MISHIMA KIMIYO）
宮島達男（MIYAJIMA TATSUO）
三宅一樹（MIYAKE IKKI）
村上早（MURAKAMI SAKI）
奈良美智（NARA YOSHITOMO）
西野康造（NISHINO KOZO）
西澤千晴（NISHIZAWA CHIHARU）
吳蓮花（OH YEON-HWA）
大橋博（OHASHI HIROSHI）
朴成泰（PARK SUNG-TAE）
鹽田千春（SHIOTA CHIHARU）
高木紗惠子（TAKAGI SAEKO）
土屋仁応 （TSUCHIYA YOSHIMASA）
山本麻友香（YAMAMOTO MAYUKA）
策展團隊：
策展人｜曾芳玲
協同策劃｜黃日涵、林莛容、田麗娟 (山藝術文教基金會)
鋼琴演奏｜許馨心
視覺設計｜胡復容
展場設計｜郭鳳如
燈光設計｜孵一間工作室
聲效設計｜創世紀工程有限公司
公關行銷｜呂佳音、陳虹蓁、尤秀文、張彤
教育推廣｜洪金禪、林芳群、鄭子瑜
包裝運輸｜安全包裝有限公司
主辦單位｜高雄市立美術館、財團法人山藝術文教基金會
特別感謝｜MMCA韓國國立現代美術館
友館合作｜永添藝術 ‧ 金馬賓館當代美術館
指定住宿｜御盟國際驛館
協辦單位｜國立臺東大學音樂學系"
https://artemperor.tw/tidbits/18561,台灣，台北市,富邦美術館【安東尼・麥考爾: 在光中遇見你】,https://d2onjhd726mt7c.cloudfront.net/images/datas/000/119/106/r4tc8jynz09ohj7u9pvakdbb5562qro8_800x420^.jpg,2025-07-26 ~ 2025-11-30,富邦美術館（台北市信義區松高路79號）,https://www.fubonartmuseum.org/Default,安東尼・麥考爾 Anthony McCall,"來自紐約的英裔藝術家 安東尼・麥考爾Anthony McCall，以結合光、霧與聲音的「固體光」(Solid Light)作品聞名，是跨越當代藝術與實驗電影領域的先驅。其個展巡迴倫敦泰特現代、畢爾包古根漢、美國與歐亞多國美術館後，今年夏天，首度登場台北富邦美術館。
展覽將呈現他1973年經典之作《描繪圓錐的線》，以及數件動態光影裝置，邀你走入黑暗之中，與光相遇。現場也將展出麥考爾的素描、攝影與錄像作品，完整呈現其藝術脈絡與視覺語彙。
展名《在光中遇見你》，象徵藝術家以光形「走向」觀者，而作品的真正完成，來自觀者主動的感知與探索。展覽即將登台，等你現場感受這場獨特展演！
《安東尼・麥考爾：在光中遇見你》
Anthony McCall: Meeting You Halfway
展覽期間 Exhibition Dates｜2025.07.26 (Sat.) - 2025.11.30 (Sun.)
主辦單位Organized by｜富邦美術館 Fubon Art Museum
公益夥伴Philanthropic Partner｜富邦人壽Fubon Life Insurance"
https://artemperor.tw/tidbits/18940,台灣，台北市,洪建全基金會【野鬼】朱駿騰影像計畫,https://d2onjhd726mt7c.cloudfront.net/images/datas/000/120/834/reuezbjpggz60bx7pc33hzn0x8lt0e3g_800x420^.jpg,2025-10-01 ~ 2025-11-30,洪建全基金會（台北市羅斯福路2段9號12樓）,https://hongfoundation.org.tw/,朱駿騰,"社子島，是經由基隆河與淡水河貫穿台北市，兩河交匯下所形成的一個沙洲。百年來因多次強颱，遭受大潮侵蝕、海水倒灌，從1963年以來就被政府禁建至今。時間停滯的地貌，跟繁華首都台北市形成強烈對比，彷若與世隔絕的魔幻地帶。神像、垃圾、無名屍漂流河中，擱淺上岸後被拾撿、打撈，又被在地居民回收、敬奉於陰廟裡。在這片載浮載沉的中陰之地，野鬼們遊蕩來去，土地公守護著漂泊的眾靈，鰻魚在潮間帶中努力洄游。留下來的人，拖著飛不起來的風箏，撥一通接不到外界現實的電話，等待著賽鴿有一天飛返鴿舍。
睽違台灣當代藝術場域五年後再次展出的朱駿騰，2021年落腳社子島，日夜生活於此，與眾多在地居民談話，蹲點拍攝大量影像素材。長達近一年的田野後，不僅完成《河鰻》三頻道錄像，亦同步啟動同名電影長片的攝製。作為「河鰻」影像計畫五年所得下的一體雙生，電影長片與三頻道錄像，兩者纏繞相生、互為因果，卻又各自獨立。若長片作品是社子島狀態的提煉、以電影造形架構出完整世界觀的土地神話；三頻道錄像則是社子島經驗的紀錄轉化，以藝術家田野期間踩踏過的地景、曾結識的友人，觀照他們迂迴的個人生命情境如何映照出地方的困頓。
本次展出為「河鰻」影像計畫的一次經驗整合——不僅是《河鰻》三頻道錄像在台灣首次展出，也讓電影《河鰻》在幀幅之外得以擴延衍生；並藉由在當代藝術展場和電影院雙邊同時發生，形構出藝術家遊走在紀實與虛構、往返於不同影像敘事界面的創作方法。在社子島及其住民的感性轉譯和異象孳生下，朱駿騰採取他獨到的影音視聽美學，展開與河流纏倚、與時間錯置的另類地方寓言敘事；亦透過神、鬼、人、物共存的這片境地，顯影出都市邊陲的空間政治、亞洲景觀的縮影，以及生態萬物的未來。（文｜謝鎮逸）
藝術家｜朱駿騰
2010年畢業於英國倫敦金匠大學藝術創作碩士班。大學於世新廣電系主修電影與攝影，2006憑藉其靈感取自於川端康成同名小說的畢業作《睡美人》，獲得第28屆克萊蒙費宏國際短片影展、第19屆新加坡國際電影節等國際影展肯定。
2025首部劇情長片《河鰻》入選第75屆柏林影展「視角」首部長片競賽、第44屆溫哥華影展「先鋒」正式競賽單元、第49屆香港國際電影節「火鳥大獎」及第27屆台北電影節7項入圍，並獲得最佳美術設計獎。
近年作品橫跨當代藝術、多頻道擴延電影等領域。創作關注個人在面對當下社會／政治／文化等複雜結構下，所面臨的困境與生存狀態。作品廣泛展出於各大電影節和美術館，包括2014台北雙年展、台北當代藝術館、2019深圳城市／建築雙年展、德國埃森當代美術館、以色列荷茲利亞當代藝術中心等。
策展人｜謝鎮逸
在台馬來西亞人。當代藝術、表演藝術、電影評論人與研究者。現為第24-25屆台新藝術獎提名觀察人、IATC國際劇評人協會（台灣分會）副理事長、《Artism Online》台灣主編。研究旨趣為亞洲、東南亞、第三世界與全球南方的電影、影像、現當代藝術和表演藝術；並關注媒介與技術的知識散佈、歷史形構與未來性潛力，以及跨領域論述與工作方法的差異與接合。
展期｜2025. 10. 1 - 11. 30
開幕式暨座談｜10. 1（三）13：00 與談人 —阮慶岳
地點｜洪建全基金會（台北市羅斯福路2段9號12樓）/ 11：00 —18：00（每週一閉展）"
https://artemperor.tw/tidbits/18643,台灣，台北市,忠泰美術館【創造即生活──愛諾、艾莉莎與阿爾瓦．阿爾托】,https://d2onjhd726mt7c.cloudfront.net/images/datas/000/119/620/1v9h1kiledpyyil83lbzzdkyzbkv7sc4_800x420^.jpg,2025-08-16 ~ 2025-11-30,忠泰美術館（臺北市大安區市民大道三段178號）、NOKE忠泰樂生活 3F Uncanny（臺北市中山區樂群三路200號3樓）,https://jam.jutfoundation.org.tw/,愛諾．阿爾托 Aino Aalto、阿爾瓦．阿爾托 Alvar Aalto、艾莉莎．阿爾托 Elissa Aalto,"美術館序
文／忠泰美術館
阿爾瓦．阿爾托是 20 世紀現代主義建築的重要人物之一，以結合機能與人文精神的設計，為現代建築注入生活的溫度與靈魂。其創作從「家」的尺度延伸至公共建築與城市空間，以融合自然、光線及材料，並與環境和諧共生為特色，其作品遍佈歐洲與美國，對當代建築觀念與設計實務有深遠影響。
身處芬蘭獨立建國的 1920 年代，也面臨現代主義與全球化進程之中，阿爾瓦．阿爾托選擇從自身文化出發，以建築作為語言來與時代對話。他的作品在回應現代化的同時，展現芬蘭社會對自然共生、民主精神與生活品質的重視，更開展了面對自我文化與國際社會的對話。
忠泰美術館關注建築與城市的對話，持續策劃多場建築專業的展覽，包含建築與藝術跨界展、建築思潮與運動研究展，以及國際建築師個展等。本展《創造即生活──愛諾、艾莉莎與阿爾瓦．阿爾托》由忠泰美術館與芬蘭阿爾瓦．阿爾托基金會攜手合作，精選來自基金會典藏的重要手稿、模型與家具等展品，從建築大師的生命歷程切入，為臺灣首度系統性介紹阿爾瓦．阿爾托在不同時期與兩任建築師妻子──愛諾．阿爾托與艾莉莎．阿爾托，其三人在建築、設計與生活中的合作關係，從他們一生的「家」與「共創」視角探索建築與日常生活的連結。
阿爾托的作品之所以動人，是因為他們的創作總是細膩地為人們的生活著想，對他們而言，在緊密合作的互動中，「家」既是生活場域，也是工作空間，更是孕育靈感與創作的核心，實踐了「創造即生活」的理念。
在環境變遷與生活型態劇烈變動的21世紀，我們期望回顧阿爾托三人長達五十年的共創旅程，感受北歐文化對自然、光線與生活空間的重視，引發觀眾對創造力、合作與自然共生的反思，重新思索城市與未來生活的可能。
展覽簡介
文／阿爾瓦．阿爾托基金會
享有現代大師美譽的建築師阿爾瓦．阿爾托（1898-1976）總是與同為建築師的前後任妻子愛諾．阿爾托和艾莉莎．阿爾托一起工作。他認為，建築和優良的設計能夠解決人類生存與社會所面臨的挑戰或所謂的「問題」。
阿爾托夫婦的事業始於芬蘭小鎮上的一間建築師事務所，經過逾七十年的發展，最終擴展至十多個國家。阿爾托夫婦皆為世界主義者，但最重要的是，他們是人文主義者，抱持著現代運動的平等與社會進步理念。阿爾托夫婦發展出的溫和、有機風格獨樹一幟。他們在設計時也總是帶著欣賞大自然和風景的獨特眼光。
如今，阿爾托夫婦的遺產包括約三百座已竣工的建築物，還有眾多公認為現代經典的設計作品。本檔展覽將介紹這三位建築師激勵人心的職業生涯，以及他們為打造優質日常生活環境所付出的不懈努力。
展覽資訊
展覽名稱｜《創造即生活──愛諾、艾莉莎與阿爾瓦．阿爾托》
展覽日期｜2025.8.16（六）-2026.1.25（日）
展覽地點｜
主展區：忠泰美術館（臺北市大安區市民大道三段178號）
衛星展區：NOKE忠泰樂生活 3F Uncanny（臺北市中山區樂群三路200號3樓）
​
主展區｜忠泰美術館（臺北市大安區市民大道三段178號）
展覽日期｜2025.8.16（六）-2026.1.25（日）
開放時間｜週二至週日 10:00-18:00（週一休館）
參觀資訊及購票資訊｜全票150元、優待票100元（學生、65歲以上長者、10人以上團體）；身心障礙者與其陪同者一名、12歲以下兒童免票（優待票及免票須出示相關證件）
週三學生日｜每週三憑學生證可當日單次免費參觀
衛星展區｜NOKE忠泰樂生活 3F Uncanny（臺北市中山區樂群三路200號3樓）
展覽日期｜2025.10.4（六）- 2025.11.30（日）
開放時間｜週日至週四 11:00-21:30、週五至週六 11:00-22:00
參觀資訊｜免票參觀
主辦單位｜忠泰美術館
策劃單位｜忠泰美術館、阿爾瓦．阿爾托基金會
文化夥伴｜誠品人
媒體協力｜La Vie、MOT TIMES 明日誌 、ta台灣建築報導雜誌
活動協力｜明日家居 MOT CASA、北歐櫥窗、NOKE 忠泰樂生活、ONIBUS、Slice
衛星展區場地協力 ｜Uncanny
特別感謝｜吳耀庭、劉字禎、周銘彥
▐ 愛諾．阿爾托（Aino Aalto, 1894-1949）
建築師愛諾．阿爾托於1924年與阿爾瓦．阿爾托結婚，並與丈夫並肩工作，享有同等地位。我們很難辨別阿爾托建築師事務所裡的不同設計師在其產出的大量作品中所扮演的角色，因為大部分的作品都是以該事務所的名義進行。
愛諾．阿爾托對室內設計與家具設計格外感興趣，而她也在阿爾托建築師事務所的綜合建築計畫中獲得大量的相關設計機會。「Artek」公司於1935年成立，旨在推廣當時產量與銷售量俱增的阿爾托家具，愛諾．阿爾托成為該公司的首任設計總監。她為該公司創造出至今仍具有辨識度、雋永且高品質的風格，其現代價值觀和強烈的社會責任感，尤其展現在有關兒童保育的室內設計當中，例如幼兒園、健康中心，以及婦產科診所。
愛諾亦為一位技藝精湛的展覽設計師，她為 1936 年米蘭三年展設計的展覽建築榮獲國際大獎；她也是一位出色的攝影師，採用現代攝影原則的先驅；她更參與 1942 年成立的芬蘭女性建築師協會「Architecta」的事務。
▐  阿爾瓦．阿爾托（Alvar Aalto, 1898-1976）
身為建築師暨設計師的阿爾瓦．阿爾托，無論是在芬蘭還是其他國家，都有極為豐富多樣的職業生涯。阿爾瓦於 1923 年成立了他的第一間建築師事務所。自 1920 年代末到 1930 年代初，他偕同其妻愛諾．阿爾托多次遊歷歐洲，在旅途中熟悉了現代主義的最新趨勢──國際風格，不僅改變了阿爾托夫婦的設計風格，更讓他們在國際上取得突破，這很大程度上要歸功於帕伊米奧療養院（1929-1933）的設計，這是一個重要的現代里程碑。
阿爾瓦在他的建築設計中採用了人性化與功能性的原則。自 1930 年代末開始，阿爾瓦的建築表現因使用有機形式、天然材料，以及日益奔放的空間處理方式而變得更加豐富。阿爾瓦的特色，是把他所設計的每一棟建築物（就連家具和燈具也包括在內）都視為完整的藝術品。他的家具設計結合了實用性與美感，並採用系列生產的方式，遵循Artek的主要理念，鼓勵人們在家中享受更美好的家庭日常生活。
愛諾．阿爾托過世數年後，阿爾瓦與艾莉莎．阿爾托於1952年結為連理。自1950年代起，阿爾瓦的建築實踐主要集中在公共建築的設計，其中不乏艾莉莎．阿爾托的參與，在國外也有不少建築作品。
▐ 艾莉莎．阿爾托（Elissa Aalto, 1922-1994）
1949 年，艾爾莎．梅奇涅米在阿爾瓦．阿爾托的建築師事務所開始了她漫長的職業生涯。多年來擔任阿爾瓦．阿爾托的幫手，詮釋並傳遞他的想法。婚後，她改名為艾莉莎．阿爾托。1958 年底，36 歲的艾莉莎成為阿爾瓦．阿爾托建築師事務所的合夥人。從 1960 年代開始，有關該事務所作品的文章經常提到艾莉莎．阿爾托與阿爾瓦．阿爾托。
阿爾瓦．阿爾托過世後，艾莉莎．阿爾托在 1976 至 1994 年間主持該建築師事務所，完成了數個進行中的建築計畫。艾莉莎畢生致力於延續阿爾瓦．阿爾托的志業，發揚他的物質與知識遺產，她積極參與阿爾瓦．阿爾托的建築作品修復與保存計畫。部分由於她的影響，阿爾托建築師事務所的草圖和文件收藏，包括相關版權，都轉移到阿爾瓦．阿爾托基金會名下，因此得以完整保存。
展覽工作團隊
展覽指導｜李彥良、李彥宏、黃姍姍
展覽策劃團隊｜蒂莫・里耶、瑪莉・穆爾托涅米（阿爾瓦．阿爾托基金會）
展覽策劃團隊｜黃姍姍、 陳映芃、林佳靜（忠泰美術館）、吳耀庭（展覽諮詢委員）
展覽協調｜陳妍秀、蔡侑辰、張萃怡
行銷推廣｜李燕姍、章綺芸、劉語晴、林以寧
公眾服務｜洪宗平、蔡貝桾、林語慈
行政協調｜林欣怡
視覺設計｜Idealform 理式意象設計
展場設計｜十分建築｜王喆建築師事務所
展場平面設計｜六十度有限公司
年表平面設計｜劉銘維
燈光設計｜絕對光度
多媒體工程｜適格藝術"
https://artemperor.tw/tidbits/18893,台灣，台北市,宛儒畫廊【女性藝志III】Women＆#039;s Art III,https://d2onjhd726mt7c.cloudfront.net/images/datas/000/120/654/wup0pcyc18439vr61q21isaja4zh3dgh_800x420^.jpg,2025-09-13 ~ 2025-11-30,台北市松山區南京東路五段343號10樓,https://yuanru.gallery/zh/,張小薇、李妮、林怡青、袁圈、薛宇芳、廖琳俐、陳聖萱,"女性藝志III ~ 臺灣當代藝術家創作展
張小薇、李妮、林怡青、袁圈、薛宇芳、廖琳俐、陳聖萱
文 / 陶文岳 ( 策展人 )
21世紀在臺灣可以說是女力崛起的時代，首先2016~2024年總共八年期間，執掌最高政治權力中心領導人的總統蔡英文就是女性，這在世界各國大多以男性為主擔任總統職位來說是少見的現象。對比過往女性在傳統社會環境的狀態，當代女性比較選擇活在當下，許多不受限於婚姻和家庭關係的束縛，她們對自己充滿自信心，不依賴男性而獨立自主的大有人在，尤其是科技數位化時代的來臨，世界上有不少女性憑藉著自身的天賦和努力在各領域皆擁有很好的發展結果。
對於藝術這個領域，台北宛儒畫廊很早就關注女性藝術家的藝術創作發展，曾分別在2020年和2022年主動策畫《女性藝志I》和《女性藝志II》聯覽，前後共邀請有12位藝術家參與展出而頗受當時藝壇好評。我們看到她們對藝術創作充滿了熱情和伴隨著堅強毅力與韌性。的確，藝術是屬於長期耕耘下，還不一定能看出開花結果的領域，但她們相對克服大環境的挑戰，分別開創出屬於自己的創作世界和風格。有鑑於這樣的成績，今年宛儒畫廊特別安排2025.09.13~11.30，推出《女性藝志III》聯展，邀請張小薇、李妮、林怡青、袁圈、薛宇芳、廖琳俐、陳聖萱等七位藝術家共同在台北的畫廊空間展出。
這些參展者中，有四位來自於國立臺灣藝術大學美術系研究所 ( 其中三位碩士畢業：李妮、廖琳俐、林怡青，一位目前就讀碩士班：薛宇芳 )，還有兩位畢業於國立臺北藝術大學美術系研究所 ( 袁圈、張小薇 )，另一位是臺南應用科技大學美術系研究所碩士畢業 ( 陳聖萱 )，她們皆受到臺灣正規大學美術教育的觀念與技法長期淬煉和薰陶下，表現優異的年輕藝術家。
張小薇的創作以生活出發，記錄日常的感知與體會。她以自由活潑大膽的筆觸創作，從寫意、半具象到抽象造形變化表現，來自生活經歷和美好記憶創作下，繪畫洋溢著生命活力的能量張力。
袁圈的創作以「孕育」和「變形」為主，她的作品將花卉作為主提的統調，象徵著母體承載生命，用色繽紛多彩，將變形的植物與動物和昆蟲像蟲、鳥、魚、獸等穿梭於畫面間，形成特別的創意世界，充滿了想像的空間。
李妮的繪畫是抽象風格，帶有如超現實般畫境的夢幻感知，這是一種獨我的生命意象，包含身體器官和細胞，流動的線條是從身體延展的意念出發，將自身潛意識的世界漫延在畫面裡形成內在感官的異視域。
林怡青將感性與理性併置於抽象的畫面裡，來自對自然和風景的觀察與體會，她捕捉住最純真感動的一刻，切割、揮灑、凝練、放逸、解構和重組，透過意念、筆觸和線條並融，營造出抽象的意境表現。
廖琳俐擅長於平面繪畫與大型裝置藝術，她透過對材質的敏銳性，捕捉各種不可測的細微狀態和變化。值的一提的是她創作的藍色，來自於冰融、水氣與光線的靈感，這種潔淨的藍，似乎沒有雜質般的主動散發出魅力的氛圍。
薛宇芳對草情有獨鍾，感覺上她以精湛的油畫技法描繪出自然的植物狀態，事實上，這些草對她來說，都像線條般流暢的表現，大多是來自於居家工作室旁的景色記錄，她畫出存在於內心世界中最美好的植物印象記錄。
陳聖萱對各種材質表現敏銳和好奇，喜歡結合樹脂和多元材質混搭出複合媒材的作品。她的創作充滿了實驗性的表現，帶有神秘的象徵氛圍，具備個人強烈的符號與圖騰意象而令人印象深刻。
宛儒畫廊續辦《女性藝志III》的藝術創作聯展，可視為對這七位藝術家堅持藝術創作精神的發聲，期待未來更多的女性藝術家創作能被大家關注研究，也在此恭喜她們這次展覽成功！
《女性藝志 III》
策展人｜陶文岳
藝術家｜張小薇、李妮、林怡青、袁圈、薛宇芳、廖琳俐、陳聖萱
展期｜2025/9/13 — 11/30
開幕｜2025/9/13（六）15:00
地點｜宛儒畫廊（台北市松山區南京東路五段343號10樓）
營業時間｜週二至週日 11:30—19:00（週一休館）"
https://artemperor.tw/tidbits/19104,台灣，台北市,得藝美術館【流動的風景詩】成志偉創作個展,https://d2onjhd726mt7c.cloudfront.net/images/datas/000/121/613/o2becy54ravjyrezh5s1ois49dakj1n1_800x420^.jpg,2025-10-28 ~ 2025-11-30,台北市松山區三民路168號1樓,https://tinyurl.com/4a3n36bb,成志偉,成志偉鍾情於透明水彩，極力保持水彩本質的通透與純淨。融合東方水墨的筆韻與西方色彩美學，以豐富的中間色調、寒暖色的互藏共融，營造靜謐空靈的詩意氛圍，賦予畫作深層的空間透視，傳遞一時一地的抒情光景。以濕中濕的技法，在作品中注入新古典精神，試圖呈現空氣感、流動感、立體感，以美的理念再現自然，在虛實相生間，展現大自然豐富的語彙。
https://artemperor.tw/tidbits/19110,台灣,尊彩藝術中心【劉星佑個展 —— 纏耽？還愚？】,https://d2onjhd726mt7c.cloudfront.net/images/datas/000/121/638/tjj9844ogs8b97hz9ewnhd7ozggqxo51_800x420^.jpg,2025-11-01 ~ 2025-11-30,台灣台北市內湖區瑞光路366號 尊彩藝術中心 一樓展館,https://tinyurl.com/4a3n36bb,劉星佑,"劉星佑｜新聞稿
「地址不再有效」並非「交通未果」，而是藝術家劉星佑於2022年依據戶籍資料展開的返鄉行動。「住所不明」這一看似自尋煩惱的結論，實則揭示了他在地方與性別認同間的探索。2024年，他順應父親宿願，造訪金門與大膽島，在雙口海灘以中國製迷彩玩具擺拍，構築出台灣獨有的「住所不明」。
今年，劉星佑因駐村首次來到熊本，廣袤的草原與火山地景，使他重新思考影像與自然、技術之間的距離。當影像從數位轉化為紙本，那些失誤、遺忘與偶然的「纏耽」，反而成為創作最真實的片刻。「纏耽」（tîng-tânn）源自台語，意指卡住、失誤；「還愚」為佛家語，象徵自知與回歸本心。展覽以提問姿態，叩問創作方法與自身心境，也回望與雙親共同創作的歷程。
本展為劉星佑自2024年獲得 KG＋SELECT AWARD 後回台舉辦的首場個展，除延續獲獎系列脈絡外，首度在台公開〈住所不明〉立體裝置，並展出京都國際攝影節無法亮相於金門拍攝之作品，呼應其長期關注的家族記憶與島嶼地景。此外，2025年熊本駐村期間的新作亦將於尊彩藝術中心首次發表，延續其對影像、文字與物質轉化的探索。
展期｜2025.11.01 (六) - 11.30 (日）
開幕｜2025.11.01 (六) 3pm
地點｜尊彩藝術中心 一樓展館"
https://artemperor.tw/tidbits/19136,台灣，台北市,帝門藝術中心【帝門藝術中心 【鄭建昌2025回顧展Ⅲ】CHIEN-CHANG CHENG A RETROSPECTIVE 2025,https://d2onjhd726mt7c.cloudfront.net/images/datas/000/121/755/0jpiqco4fsgmcyhx91wvpjmcr43t6ne2_800x420^.jpg,2025-11-04 ~ 2025-11-30,台北市大安區大安路一段176巷11號,https://tinyurl.com/4a3n36bb,鄭建昌,"帝門藝術中心隆重推出藝術家鄭建昌的回顧展，集結其數十年創作歷程中的代表作品，全面梳理他從早期形式探索、抽象語彙的實驗，到近年深耕土地記憶的創作脈絡。本次展覽不僅回顧鄭建昌的藝術軌跡，更希望引導觀眾重新檢視其作品中所蘊含的文化脈絡與時代意義，透過藝術觀看土地與社會的深層對話。
鄭建昌長年以台灣土地為創作根基，作品中蘊含對自然、歷史與集體記憶的深刻凝視。他以融合東方哲思與當代藝術語彙的獨特風格，探索人與土地之間的精神連結，將個人生命經驗轉化為具有文化厚度的藝術書寫。他的畫面往往帶有土地的溫度與人文的厚度，不僅記錄時代變遷，也反映社會環境的情感紋理，深刻回應台灣這片土地的文化記憶。
帝門藝術中心與鄭建昌長期合作策劃展覽，見證其藝術語言的演進與拓展，也見證他如何以作品回應社會變遷與文化流轉。多年來，秉持推動在地藝術與當代語境對話的理念，為鄭建昌提供一個能與觀眾深度互動的平台，使其作品不僅於美學上展現視覺張力，更能在思想層面引發共鳴。
《鄭建昌回顧展Ⅲ》將視線聚焦於他2007-2025年間的重要創作—「大塊系列」。
一種回到根本的凝視，讓情緒、土地與精神性在畫面上緩慢沉積，把內在能量放大到肉眼無法忽視的比例—像是一種存在的吶喊，也是生命本質的放大與揭露。
鄭建昌的大塊系列，是藝術家長期探索色彩、形式與空間關係的創作核心。透過大面積的色彩塊面，他在畫布上建立出簡約而厚重的視覺節奏，呈現出既具抽象美感，又能引發觀者情感共鳴的畫面。
每一塊色彩都如同一個獨立的存在，但又與周圍色塊形成微妙對話，展現鄭建昌對形式感與空間感的深刻理解。此系列作品不僅是對物質感與色彩的實驗，也是藝術家對生活、記憶與情感的抽象呈現。
鄭建昌回顧展三檔展期：
・回顧展I(1978-1988)→2025.9.17-10.12
・回顧展II(1996-2013)→2025.10.14-11.2
・回顧展III(2007-2025)→2025.11.4-11.30"
https://artemperor.tw/tidbits/19174,台灣，台北市,童里繪本洋行【一起生活的練習】九子 × 何怡萱 × 荷花一起的偶展,https://d2onjhd726mt7c.cloudfront.net/images/datas/000/121/963/879lyeyfe6sr67j1kuvwtz8abxlhn3ul_800x420^.jpg,2025-11-08 ~ 2025-11-30,童里繪本洋行（台北市潮州街15號，近古亭捷運站),https://reurl.cc/aMrqK3,九子、何怡萱、荷花,"＊作品可供收藏，歡迎洽詢：＜ tempsreves@gmail.com＞
【展覽介紹】
我們常以為「共生」是關於自然與人類的關係，但其實，它從生活最細微的地方就開始。
當貓在人的膝上打盹、冰塊在南風裡慢慢融化、一顆石頭靜靜吸收陽光——
這些無聲的片刻，構成了世界最柔軟的呼吸。
這次展覽是一場關於「一起生活」的練習。
三位藝術家——九子、何怡萱與荷花——以各自的創作語言，描繪出共生的多種形貌：
有的從陪伴出發，有的來自觀察，有的則回到最純粹的自然感受。
她們以輕盈、幽默、又不乏詩意的筆觸，讓日常的事物重新獲得靈魂與節奏。
在九子的世界裡，人與貓不再分界。
那些紙偶以圓潤的形體與坦率的表情，像是一場慵懶的默劇。
貓似乎在模仿人，而人又學著貓的安然，
兩者在共處之中模糊了界線——
那是一種溫柔的平衡，也是一種不言而喻的理解。
何怡萱則以南方的熱氣為背景，讓動物與甜點交融成奇異的幻象。
她巧手下的世界有著盛夏的甜膩與幽默，
冰鎮水果、融化的糖霜、緩慢移動的龜——
這些可愛的形象其實是在回應現實的熱度與氣候的改變。
她用輕盈的想像抵抗炎熱，
讓甜味成為生命自我降溫的方式。
而荷花的創作，像是一場回歸自然的冥想。
她從一杯「野放茶」的體驗出發，相信萬物的生長都有自己的節奏。
她用烏龜、山、精靈的作品象徵緩慢作品是一種對自然的敬意，也承載著記憶與時間的層疊。
那份不被干預的純淨，正是她心中理想的世界樣貌——
自由、豐富、渾然天成。
三位藝術家的作品在展覽空間裡彼此回應：
紙偶的凝視、甜點的氣味、烏龜的慢行，共同構築了一個柔軟的宇宙。
這裡的「共生」不是生物學的名詞，而是一種生活的姿態。
它提醒我們，真正的親近不是依附，而是並存；
不是擁有，而是理解。
「一起生活」或許正是藝術最初的語言。
它不需要被解釋，只需要被感受。
當我們放慢腳步，與這些作品共處，
也許就能重新學會一件最簡單的事：
在世界裡，好好地與他者一起生活。
【藝術家介紹】
九子
✦ 貓咪和人類
這次的展覽主題是九子提出的概念「貓咪和人類」——聽起來像是奇妙的日常觀察筆記。她的紙偶裡，貓和人總是膩在一起，貓咪的臉一派鎮定，好像在說：「沒錯，我也是這個家的主角。」
這些圓滾滾的紙偶，有點笨拙、有點可愛，筆觸直接、顏色明亮，像小孩畫畫那樣誠實又幽默。它們不只是貓或人，而是一起偷懶、一起做夢的小小宇宙。九子的作品像是一種「擬人」的祝福，也是一種「擬貓」的自我解放——在她的世界裡，當個人類或貓咪，其實沒什麼不同，只要能舒服地相依就好。
✦ 關於九子：
自由接案插畫工作者，愛看貓狗小短片，重度吸貓患者。
閒暇之餘會做做很費工又有點療癒的紙偶。
IG：
@linghsinghuang
@hariko_kyuko
怡萱
✦ 動物穿梭在南風甜食
熱情猛烈的陽光，
是南臺灣的日常，
連動物園都準備結冰水果，
幫各種大小動物降溫！
因為飼養陸龜，習慣不開冷氣，
多少能感受到動物們降溫的方式相當有限⋯⋯
想著冰涼的點心，
回過神，一隻隻甜點小生物，
已經誕生在眼前。
✦ 何怡萱的偶然紙語
畫圖，也捏偶。
不意間與紙塑相遇，
並為好友愛犬塑像，
開啟創作的契機，
最愛和兩隻任性的烏龜
米糕、樂糕一起曬太陽 ♪♫
✦ 媒材介紹
紙漿雕塑
利用廢紙還原成漿，
重塑、再生，創造新的可能。
相當有趣，大家都可以嘗試！
IG：@xuan.papier
荷花
✦ 野放茶山的歡樂國度
有一次和朋友們去喝茶，認識了一種茶叫做「野放茶」，野放茶就是讓茶樹們保留更多自然生長的過程，不過多的介入茶樹的生長環境，無農藥、無施肥也因此種植出來的野放茶更具有自然性、多樣性、生態性，完美展現了野放的精神。喝茶的過程中可以感受到茶香和茶本身的穿透力，也有滿滿的生命能量，是我從來沒有感受過的淨透。像是野放茶一樣的靈魂們，本質無憂充滿野性，美麗而不勉強、自然富饒純粹，這是我相信的世界最美好的模樣，擁有如此多樣共生的存在，才可以不費力的感受到那渾然天成的茶香，生命本是如此吧。
想用山、烏龜族、精靈比喻對緩慢交織的豐富生態系的敬重。
除了野放茶山以外，還有過往創作的一些深愛的小動物們，希望可以更多的憶起大自然純淨美好的樣貌。
✦ 關於荷花
荷花是我的小名
Ramayana Silena 是我的靈性名字
在緩緩的積累中和喜愛的自然一同創造、記錄真誠的當下，作品是自己的延伸，也是來自大地星空中的祝福， 想把這些純粹的美好展現，一同在創作中玩耍、共感，分享生命美好的禮物。
在羊毛、刺繡、纖維、插畫等媒材堆疊中，將生命感到鮮活的一切轉化為作品的一部分。
IG：@ho_hua_
【展覽資訊】
⌖ 展覽日期｜2025.11.08（六）－11.30（日）  *週一店休
⌖ 開放時間｜二 ～ 五12:00－18:00；六、日11:00－18:00
＊ 如有講座、工作坊活動，書店會於活動時間暫停開放，再請留意（?️活動一覽 ?️）
⌖ 藝  術  家｜
九　子 ✦ 貓咪和人類 @hariko_kyuko
何怡萱 ✦ 動物穿梭在南風甜食 @xuan.papier
荷　花 ✦ 野放茶山的歡樂國度 @ho_hua_
⌖ 展覽地點｜童里繪本洋行（台北市大安區潮州街15號）
⌖ 參觀說明｜營業時間皆可自由入場，免費參觀
⌖ 展覽詳情｜https://reurl.cc/0azzvb
⌖ 相關活動｜
2025.11.15 荷花－精靈繪寫（報名：https://reurl.cc/aMrqK3）
2025.11.30 怡萱－紙漿畫工作坊（報名：https://reurl.cc/Vm6zYb）
⌖ 藝術家在廊｜
荷花在廊：11.14（五）、11.21（五）、11.22（六） 13:00-17:00"
https://artemperor.tw/tidbits/19173,台灣，台北市,遠企購物中心【多重書寫】可能不是你以為的書法展,https://d2onjhd726mt7c.cloudfront.net/images/datas/000/121/956/xd7z5co36kefcv5mq0yrn7qq1rs1o8ht_800x420^.jpg,2025-10-02 ~ 2025-11-30,遠企購物中心 5 樓（台北市大安區敦化南路二段 203 號 5F）,https://lab.justfont.com/index.html,葉俊麟,"可能不是你以為的書法展
書法長久以來被視為展現個人美學與人格的藝術形式，講究基本功，要具備筆法、章法及書寫氣韻。然而隨著時代的推進，文字的使用情境與意義不斷轉變，當代書法該如何回應這樣的語境?這正是這次展覽企圖探索的問題。
「多重書寫」不僅意味著書寫上的多重可能外，更指向觀看的多重性。當書法不再僅作為文化象徵，書、寫、畫之間不再是穩定而單向，而是充滿不確定性時，是否能開啟另一種可能?也探討該如何在形式與內容之外，如何可以映照台灣當下的處境，展現無論是個人或社會，抑或科技帶來的挑戰與衝擊。
回望書法史，碑學運動曾因石碑拓本而開啟新的美學視野；而今日，數位字型是否正成為這個時代的「數位碑刻」?它們與我們的日常生活緊密相連，卻往往被忽視，而當數位科技與人工智慧逐漸滲入我們的日常經驗，書法該如何因應?而這些新的媒介，又能否為書寫開啟另一種未被想像的可能?
這次展覽邀請您一同探索與提問，在這個充滿矛盾與快速轉變的時代，書法究竟能以何種方式延續和存在?除了可以是人文書寫的延續外，或許也可以成為一面鏡子，折射我們所處的現實與未來，也希望藉由這次展覽，展開更多對話和探索各種可能。
展覽與講座資訊
● 展覽名稱：《多重書寫 —— 可能不是你以為的書法展》
● 展覽日期：2025/10/02 ~ 2025/11/30
● 講者：葉俊麟｜justfont 執行長
● 講座場：2025/11/15（六）下午 14：00
● 地點：台北市大安區敦化南路二段 203 號 5F（遠企購物中心）
● 報名連結：https://justfont.kktix.cc/events/layersofwriting"
https://artemperor.tw/tidbits/19171,台灣，桃園市,金山所在 Glow Collective【漂泊之地】A Place Adrift,https://d2onjhd726mt7c.cloudfront.net/images/datas/000/121/942/gn7qhc90j6e72j6cirqryv9se7lpk3xs_800x420^.jpg,2025-11-14 ~ 2025-11-30,金山所在 Glow Collective（桃園市中壢區金山街2）,https://lab.justfont.com/index.html,周書亞、王子洋、游雨築、蔡昕恩,"策展人：周書亞
藝術家：周書亞、王子洋、游雨築、蔡昕恩
展期：114/11/14（五）-11/30（日）
時間：13:00~18:00 pm（僅開放週五～週日）
地點：金山所在 Glow Collective（桃園市中壢區金山街2）
.
在當代台灣，外籍移工的遷徙與勞動不僅改變了城市結構，也重塑了「在地」的文化樣貌。本展以中壢為出發點，透過藝術實踐回應移工群體在地方中的生活軌跡與身體經驗。展覽以「金山所在」老屋為文化容器，象徵一座「當代轉譯站」— 一個介於家與異鄉之間的中介場域。四位藝術家以創作為翻譯的行動，重新書寫人、勞動與地方之間的關係，揭示漂泊之地中的共生與差異。"
https://artemperor.tw/tidbits/19162,台灣，台北市,Neverland Gallery【IN THE PARK】青木櫻 Sakura Aoki Solo Exhibition,https://d2onjhd726mt7c.cloudfront.net/images/datas/000/121/858/tqz3acow2kcb534c4793tocmpjmv00rf_800x420^.jpg,2025-11-14 ~ 2025-11-30,台北市信義區虎林街164巷56號,https://www.instagram.com/gallery.neverland/,青木櫻 Sakura Aoki,"青木櫻的個展《IN THE PARK》即將登場！
藝術家以動物與植物為靈感，描繪自然中溫柔而堅韌的生命。
邀請您一同漫步於她的色彩森林。
@shirowani_p｜@shirowani19
如欲索取作品圖錄，請來信 art@neverland.gallery 或 IG私訊
——————————————————
免費入場，敬備飲品，歡迎蒞臨參觀。
開幕活動 Opening Event｜2025/11/14（Fri.）17:00–21:00（免預約）
展覽期間 Duration｜2025/11/15 – 2025/11/30（私訊預約制）
展覽地點 Venue｜Neverland Gallery（台北市信義區虎林街164巷56號）
感謝品牌贊助 ｜綠芽酒藏 @greens_sake
——————————————————
藝術家介紹｜Artist Statement
青木櫻（Sakura Aoki）
是一位熱愛生物與自然的插畫家，現居日本東京。
她以動物、古生物與植物等自然主題為主要創作靈感，透過壓克力顏料，呈現介於「可愛」與「真實」之間的獨特風格。
以筆跡清晰、質感溫潤的壓克力顏料於紙張與木板上進行創作，營造出富於想像詩意的氛圍。
她以「日常中，帶入一點野性。」為創作理念，
希望喚起人們在忙碌生活中逐漸遺忘的「野性之心」，
讓觀者重新感受到自然的力量與生命的溫度。
——————————————————
藝術家的靈感來源與創作脈絡｜The Artist’s Inspirations and Creative Context
我敬重隱藏在動物可愛與美麗外表之下的力量。
牠們似乎正注視著我們，卻又並非如此；似乎近在咫尺，卻又觸不可及。
我們永遠不要忘記——正是牠們，讓我們持續活著。
——————————————————
學經歷｜Biography
1988 年生於日本新潟縣，現居東京。
2011 年畢業於橫濱美術大學專攻科（插畫）。
目前為自由插畫家，主要於關東地區的各類活動與展覽中活躍。
——————————————————⸻
展覽經歷｜Exhibitions
2024–2025 快閃展《Pirika》，函館蔦屋書店，北海道，日本
2024 聯展《CAT ＆ DOG》，MOUNT Tokyo，東京，日本
2024 聯展《CALENDAR 2025》，BeeCafe，東京，日本
2023《Sakura Aoki mini exhibition》，澀谷 Hikarie make(a) Camp，東京，日本"
https://artemperor.tw/tidbits/19181,台灣，台北市,台灣女性藝術協會【《台灣當代女性藝術風華》】展現跨世代女性藝術的堅韌與光彩,https://d2onjhd726mt7c.cloudfront.net/images/datas/000/122/022/u0b10l7g50xoglqs60kkztpm19r6d1y2_800x420^.jpg,2025-11-01 ~ 2025-11-30,中正紀念堂 中央通廊,https://waa.org.tw/current-exhibitions/the-radiance-of-contemporary-taiwanese-women-artists/,尹信方、王子欣、王心佑、王玉琴、王怡美、王明月、王筱君、王粲雰、王鄭贛蓉、平仙妮、余紫詠、吳志芬、吳玲玲、吳絲絨、吳瓊媛、吳瓊華、宋少奐、李玉梅、李佳燕、李美臻、李香果、李瑋、汪筱蘋、周貞君、林秋芳、侯曉雯、徐乙白、徐秋宜、張秀琴、張裴舫、張靜莉、張瓊文、梁秀芬、莊彩琴、許秀珠、許瓊朱、郭怡君、郭挹芬、陳香伶、陳恣苡、陳國珍、陳璐、傅鈺、彭湘琦、曾玉冰、曾怡馨、甯湘鳳、馮慧中(江宇)、黃沛瀅、黃秋燕、廖迎晰、鄭雅云、鄭雅芬、謝詠絮、鍾黎情、鍾曉梅、鍾穗蘭,"由台灣女性藝術協會（Taiwan Women’s Art Association, TWAA）主辦的《台灣當代女性藝術風華》將於11月1日於國立中正紀念堂中央通廊盛大開幕。展覽以「環境、記憶、身體」為策展主軸，邀集全台超過五十位女性藝術家，透過繪畫、雕塑、攝影與裝置等多元媒材，呈現女性藝術在當代社會中對生命、歷史與文化的多重回應。
展覽亮點：
跨世代女性藝術全景 —— 匯集二十多年來女藝會會員及新銳創作者的代表作，描繪女性藝術在台灣民主社會發展過程中的重要軌跡。
多媒材創作語彙 —— 從水墨、油彩到複合材料、空間裝置，作品展現女性藝術家以「手的勞動」與「材料的政治性」回應環境、勞動與性別議題。
身體與記憶的再書寫 —— 多件作品以家庭物件、縫紉機、布料與影像，轉化為個人與集體記憶的敘事，探索女性身體、母職與文化身份。
裝置藝術的感知實驗 —— 展場空間化為行動的劇場，觀者得以穿行、聆聽與感知，與作品共構經驗，體驗女性藝術的空間詩學。
策展人賴瑛瑛與張睿紘於策展論述中指出，「風華」象徵帶有陰性美學與生活經驗的創作者面對世界的勇氣與創造力。她們以藝術為語言，轉化經驗、形塑出屬於當代台灣的女性美學力量。
展覽為期一個月，將於11月1日（六）上午11點舉行開幕活動，誠摯邀請社會各界一同見證台灣女性藝術的風華綻放。"
https://artemperor.tw/tidbits/18830,台灣，桃園市,橫山書法藝術館【自由自在】臺灣當代女性書藝展,https://d2onjhd726mt7c.cloudfront.net/images/datas/000/120/404/8mz5dwy2qdp5mny1yuv0t71i06ptgre9_800x420^.jpg,2025-09-05 ~ 2025-12-01,橫山書法藝術館（桃園市大園區大仁路100號）,https://tmofa.tycg.gov.tw/ch/exhibitions/upcoming-exhibitions,蔡碧吟、張默君、張李德和、譚淑、陳書蓁、顧瑞華、篠田桃紅(SHINODA Toko)、張充和、黃寶珠、酆濟榮、陳幸婉、王雅慧、陳嘉子、袁旃、董陽孜、張松蓮、賴麗雲、楊世芝、鄭芳和（惠美）、拾得法師（朱秀櫻）、杜菁蘭(Nicole DUFOUR)、席琳・奈沙特(Shirin NESHAT) 、張金蓮、洪塔美、李秀華、李芳玲、謝鴻均、姜美先(KANG Mi-Sun) 、盧銘琪、安美子(AHN Mija) 、法比恩・維迪爾(Fabienne VERDIER) 、袁慧莉、金惠蓮(Heryun KIM) 、徐惠美、,"「自由自在—臺灣當代女性書藝展」是第一個以臺灣女性書藝家為對象所策畫的大規模主題展。藉由匯聚不同世代、背景與風格的創作者，本展期盼呈現臺灣當代女性書藝家的多元面貌，並揭示她們在書法這門藝術中所走過的道路與訴說的生命經驗。
漢字書法藝術有三千年以上的歷史，不僅承載廣博的思想理論體系與多樣風格，也與文化及社會環境密不可分。傳統書史中鮮少見女性書家的身影，多數僅以書家之妻女或親屬的身分被附帶提及，書風亦多承襲父兄或夫婿風格，反映了傳統漢人社會中女性所處的邊緣位置。自二十世紀初以降，隨著社會開放與女性教育普及，從事書法創作並取得成就的女性人數大幅增加。這引發我們思考：女性如何在傳統書法美學的框架下學習與創作？她們如何被紀錄與評價？更重要的是，她們如何在其中找到，甚至創造出自己的位置？
臺灣百年來在政治、社會與文化方面經歷劇烈變化，女性的處境與自我意識也與時俱遷。本次展覽的作品年代橫跨一世紀，自日本殖民時期的蔡碧吟、張李德和、黃寶珠等開啟，接續1949年後隨國民政府渡海來臺的張默君、譚淑、顧瑞華、酆濟榮等書畫家，一路延伸至當代。現今仍活躍於書壇的女性書藝家橫跨老中青三代，年齡最長者逾八十五歲，最年輕者不足三十。她們當中，有人致力打破性別刻板印象，有人積極回應1980年代解嚴後的新政治與文化氛圍，有人持續深耕書法的傳統形式與精神內涵，亦有人從日常經驗出發，以豐沛能量探索書藝的多元可能。
為擴展視野與提供跨文化參照，本展亦邀集來自中國、日本、韓國、伊朗、英國與法國等地的女性藝術家共同參與。參展藝術家共59位、62組（件）作品，涵蓋平面、複合媒材立體裝置、攝影及錄像等多種形式。今日的女性書藝家，無論身在臺灣或世界各地，早已不再只是傳統的繼承者。她們以書寫回應時代，將身體與經驗融入筆觸，筆下所刻畫的不只是文字，更是自身的位置與未來的方向。她們自由自在，走出一條條嶄新的路徑。
藝術家（依出生年排序）：
蔡碧吟、張默君、張李德和、譚淑、陳書蓁、顧瑞華、篠田桃紅(SHINODA Toko)、張充和、黃寶珠、酆濟榮、陳幸婉、王雅慧、陳嘉子、袁旃、董陽孜、張松蓮、賴麗雲、楊世芝、鄭芳和（惠美）、拾得法師（朱秀櫻）、杜菁蘭(Nicole DUFOUR)、席琳・奈沙特(Shirin NESHAT) 、張金蓮、洪塔美、李秀華、李芳玲、謝鴻均、姜美先(KANG Mi-Sun) 、盧銘琪、安美子(AHN Mija) 、法比恩・維迪爾(Fabienne VERDIER) 、袁慧莉、金惠蓮(Heryun KIM) 、徐惠美、段亭安、傅瑩瑩、連瑞芬、朱書萱、莊千慧、崔斐、彭薇、許靜、Soraya SYED、川尾朋子(KAWAO Tomoko)、吳孟珊、林佳穎、江柏萱、王鈺權、柏巧玲、王意淳、中華漢光書道學會、臺灣女書法家學會
策展人：盧慧紋
◆展覽推廣系列講座◆
日期：114年9月21日(日)下午2:00-4:00
講者：川尾朋子(參展藝術家)、盧慧紋(策展人)
地點：橫山書法藝術館E棟2F 書藝講堂
日期：114年10月25日(六)下午2:00-4:00
講者：盧慧紋(策展人)
地點：橫山書法藝術館E棟2F 書藝講堂"
https://artemperor.tw/tidbits/19167,台灣，基隆市,Gina Hong Guang （積吶虹光）【國立臺灣海洋大學．TW｜愛與和平 : 青天白日滿地「虹」海 - 積吶虹光 LEF】TW｜Love and Peace : Rainbows From All Over the World - Gina Hong Guang（LEF）,https://d2onjhd726mt7c.cloudfront.net/images/datas/000/121/880/ie8yc84jivax66t2vibtwdwgf846p2rx_800x420^.jpg,2025-11-05 ~ 2025-12-04,國立臺灣海洋大學 圖書館1樓 展示空間 (基隆市中正區北寧路二號),https://vocus.cc/article/680ad7adfd89780001bcb321,積吶虹光 Gina Hong Guang,"在明亮的天際上，
青空無際，
白日流轉成一片溫暖的歌，
而腳下滿地是翻湧的虹海。
浪，
一層一層擁抱著大地的心跳，
我聆聽著在風中積累的吶喊，
是從彩虹深處升起的光音，
一字一句悄悄築起自由的祈禱。
每一道色彩都是沉默中綻放的願望；
每一層波紋都是靈魂細細織成的橋。
在青天之上，白日如歌；
在虹海之中，光音如潮。
此刻，
積吶虹光成為一道微小而永恆的虹色藍海。"
https://artemperor.tw/tidbits/19098,台灣，台中市,"臻品藝術中心【那一瞬間 Where the Moment Touches Eternity】王亮尹‧黃品玲‧陳代如 三人聯展 Group Exhibition of Wang Liang-Yin, Huang Pinling, Chen Dai-Roo",https://d2onjhd726mt7c.cloudfront.net/images/datas/000/121/642/8zhiborxyqse08fec44hrb5d15pnj2xu_800x420^.jpg,2025-11-01 ~ 2025-12-06,臻品藝術中心,https://www.facebook.com/22Pierre?locale=zh_TW,王亮尹、黃品玲、陳代如,"《那一瞬間》 王亮尹‧黃品玲‧陳代如 三人聯展
Where the Moment Touches Eternity: Group Exhibition
❙ 藝術家：王亮尹、黃品玲、陳代如
❙ 開幕茶會：11/8(六) 15:00
❙ 展期：2025/11/1 (六) - 12/6 (六)
❙ 地點：臻品藝術中心（台中市西區忠誠街35號）
❙ 營業時間：週二至週六 9:30-18:30（週日、週ㄧ休館）
⋯⋯⋯⋯⋯⋯⋯⋯⋯⋯⋯⋯
「那一瞬間」，有多少的可能？一萬個？還是一百萬個？可能相遇，也可能錯過；可能發生，也可能停止；可能留住，也可能離開…這短短無法用時間計量的短暫，卻有無盡的狀態可能在發生…
藝術家，擅長用時間和生命去體驗每一個瞬間的發生，然後紀錄下來。她們具有銳利的觀察力和敏銳度，將不斷變化的時間和空間與自己的生活交融，再創造出另一種屬於自己的狀態。無法用文字或語言表達，因為那是一種超乎自然的無形層次。
王亮尹透過對比色的並陳及物件的描繪，讓歡愉與哀愁共存於畫面之中，表達那些幽微的情緒及對記憶的回望；黃品玲將腦海中的片段化為養分，反映在每一道堆疊的筆觸上，呈現源自生活經驗與精神狀態，沉澱後綻放的內在風景；陳代如作品呈現花朵與植物的開落、它們時而穿透時而遮蔽，顏料與光影在透明載體上產生的距離，回應人際群體的交會關係。
2025年接近尾聲的11月，臻品藝術邀請三位女性藝術家-王亮尹、黃品玲、陳代如，分別在她們的創作裡，演繹她們日常的「那一瞬間」。"
https://artemperor.tw/tidbits/19179,台灣，台北市,純Object【如掬】李淑如創作個展,https://d2onjhd726mt7c.cloudfront.net/images/datas/000/121/987/u6jyjo1v2dp0pts477zemvgiuljzr3qq_800x420^.jpg,2025-11-15 ~ 2025-12-07,台北市大安區敦化南路二段63巷21弄27號1樓,https://www.facebook.com/events/752559241161975,李淑如,"如掬：李淑如繪畫個展
Between Landscapes：Lee Shu Ju Solo Exhibition
「這是一場不斷流變、生長的過程，一如初次站在風景前的悸動。」
在李淑如的創作中，風景並非單純被觀看的對象，而是一場與自然與內心共鳴的感官經驗。她不單描摹外在景象，而是將身體作為感知的容器，讓情緒與回憶在色彩的堆疊中逐漸生長。畫面中的風景，既來自親眼所見，也源於心底的回聲。她以柔緩而堅定的筆調，描繪時間的流動與情感的紋理，使每幅作品都如同被輕輕掬起的記憶。
李淑如透過繪畫追尋並留住那些難以言喻的瞬間——光的溫度、風的形狀、空氣的濕度、水的流動與草木的氣息。每一道筆觸，既是感官記憶的延伸，也是她與自我、與自然之間對話的方式。隨著油彩層層展開，曾被忽略的感受重新浮現，化為畫中靜謐而生動的自然節奏。觀者得以在凝視之間，聽見自然的低語，也在其中看見風景與心靈相互映照的瞬間。
“It is a process of constant transformation and growth—a gentle trembling, like the first moment of standing before a landscape.”
In Lee Shu-Ju’s painting, landscape is never merely something to be observed; it is a sensory encounter where nature and the inner self resonate with one another. Rather than depicting the visible world, she treats the body as a vessel of perception—allowing emotions and memories to take form and grow through layers of color. The landscapes on her canvas arise both from what she has seen and from what echoes within her mind. With a touch both tender and assured, she traces the flow of time and the texture of feeling, so that each painting becomes a gently cupped fragment of memory.
Through painting, Lee seeks to capture and preserve those elusive moments—the warmth of light, the shape of the wind, the humidity of air, the movement of water, and the breath of vegetation. Every brushstroke extends the thread of sensory memory, becoming a dialogue between the artist, her inner world, and the nature that surrounds her. As layers of pigment unfold, sensations once overlooked quietly reemerge, transforming into the serene yet vivid rhythm of nature within her works. In this stillness, the viewer is invited to hear the whispers of the natural world, and to witness the fleeting moment where landscape and spirit reflect one another.
李淑如
1981年生於桃園，畢業於國立台灣藝術大學美術系、台北藝術大學美術學系碩士，桃園私立變形蟲美術短期補習班創辦人。擅長將外在景象轉化為內在語言，早期以水墨創作為主，主題多以情感與生活片段為核心，流露出細膩心緒與詩性結構。近年轉以油畫為主要媒材，將創作焦點轉向風景，以更具層次的筆法與色彩變化，探索情感與風景的連結。
其作品多為記憶、感受與想像的融合，以誠摯的筆觸記錄風與光的呼吸，也藉由色彩堆疊映照出生命不斷生長的樣貌。曾舉辦個展《去有風的地方》（2024，A8藝文中心），《記憶轉存的真實性》（2014，南北畫廊），並參與多項聯展。
Lee Shu Ju
Born in 1981 in Taoyuan, Taiwan, Lee Shu-Ju received her BFA from the Department of Fine Arts, National Taiwan University of Arts, and her MFA from Taipei National University of the Arts. She is the founder of Amoeba Art Space in Taoyuan. Her artistic language transforms external scenery into inner expression. Early in her career, she primarily worked in ink painting, drawing inspiration from personal emotions and fragments of daily life, revealing a delicate and poetic sensibility. In recent years, she has shifted her focus to oil painting, using layered brushwork and color to explore the emotional connection between self and landscape.
Lee’s paintings merge memory, sensation, and imagination. With sincere and rhythmic strokes, she records the breath of wind and light, allowing layers of pigment to mirror the continual growth of life itself. She has held several solo exhibitions, including Wander To the Wind (2024, A8 Art Center) and The Authenticity of Transferred Memory (2014, Nanbei Gallery), and has participated in numerous group exhibitions."
https://artemperor.tw/tidbits/19186,台灣，台北市,采泥藝術【鎧甲女神—陳絲穎個展】Dura Mater — Jazz Szu-Ying Chen Solo Exhibition,https://d2onjhd726mt7c.cloudfront.net/images/datas/000/122/084/0imucf0qwo4mk5k9eqm52rfi26tf0sbs_800x420^.jpg,2025-11-08 ~ 2025-12-07,采泥藝術,https://www.chinigallery.com/load_page/get_exhibition_content/193,陳絲穎,"■ 11/8 Sat.
15:00 開幕座談 Opening Talk
陳絲穎×朱峯誼（獨立策展人）
Jazz Szu-Ying Chen × CHU Feng-Yi (Independent Curator)
16:00 展覽開幕 Opening
11/23 Sun.
15:00 專題講座 Guest Lecture
陳絲穎×鄭育欣 （藝術顧問、講師）
Jazz Szu-Ying Chen × Stella Cheng (Art Advisor, Lecturer)
—————————————————————
在我2025年的個展中，呈現了一系列從2023至2025年間創作的作品。這些作品並非圍繞單一主題，而是源於我作為一名即將步入三十歲中段的現代女性，對自身經歷的內心反思。雖然這次的展覽極具個人色彩，我仍希望觀者能在其中找到共鳴。
此次個展延續了我對歐洲中世紀「死亡意象」(Memento Mori) 的探索，並將其與神話、再想像考古學中的「貝塚」以及華麗裝飾的貝殼物件交織融合。這一系列作品同時也回應了我與江凱群於2024年在高雄市立美術館共同舉辦的聯展《考古混響》。對我而言，藝術與生活密不可分——無論是故事、興趣還是迷戀，都無法脫離我的創作實踐。觀眾將從中感受到由古董珍奇、神秘學和次文化符號交織而成的複雜意象所引發的反響。
《Dura Mater》作為展覽的主題 (拉丁語意為「堅毅的母親」，亦指人類顱骨最外層且最堅硬的腦膜)，靈感來自海莉．坎貝爾 (Hailey Campbell) 的著作《死亡專門戶》(All the Living and the Dead)。在書中，坎貝爾透過與從事死亡相關的職業的人士接觸—如殯葬工作者、犯罪現場清理員等—從而反思死亡的本質。
展覽以此視角出發，探討了當今社會在政治動盪下的複雜性。正如作品《希望與卜筮》所呈現的，對未來的不確定性、恐懼與掙扎；而《黛米特與波瑟芬妮之間》則展現了女性在成長過程中，處於女孩與成熟女性之間搖擺不定的矛盾情感，進而引發更多私密的議題。作為三十多歲的當代女性，尤其是作為藝術家，不禁使我思考：這意味著什麼？女性在成長過程中會面臨哪些男性無法體會的獨特挑戰？哪些議題能夠公開討論，而哪些仍是禁忌？
我的作品並不提供直接的答案—對我而言，這些問題本身仍然是未解之謎。相反，我邀請觀者在這次的展覽中徜徉於每件作品的細節之中，一同思考這些問題，並從交織的符號與視覺元素中建構出屬於自己的解讀。"
https://artemperor.tw/tidbits/19074,台灣，台北市,長流美術館【從西園到缽境——宋代文人的精神之旅】,https://d2onjhd726mt7c.cloudfront.net/images/datas/000/121/487/ngs2axq60b529saumm0oqp86urw64pbw_800x420^.jpg,2025-11-04 ~ 2025-12-07,仁愛路二段63號B1,https://reurl.cc/WOjnW9,李公麟,"【從西園到缽境——宋代文人的精神之旅】
展期｜2025年11月04日至12月07日
時間｜12:00-18:00（週一休館）
地點｜長流美術館臺北館（100台北市仁愛路二段63號B1）
導覽手冊｜https://reurl.cc/WOjnW9 第22~27頁
2025年剛好是國立故宮博物院成立一百週年，長流美術館特別準備了清宮舊藏、北宋文人大家 李公麟（1049－1106） 的傳世名作〈揭缽圖卷〉，作為向故宮致敬的獻禮。這次，我們的展出將與故宮「千年神遇——北宋西園雅集傳奇」特展相互輝映，不只是展現宋代文人「以藝載道」的精神風華，更希望帶大家一起走進這場跨越千年的文化對話，感受那股從藝術中流淌出的思想與心靈力量。
▍作品焦點〡北宋李公麟〈揭缽圖卷〉
・水墨絹本｜29 × 418.5 cm
・乾隆八璽全璽，另加嘉慶、宣統御覽寶印共十方
・《秘殿珠林石渠寶笈》續編著錄在冊
▍作品欣賞 https://reurl.cc/nYkK4D
▍展覽地點〡國立故宮博物院 × 長流美術館
・故宮展訊 https://reurl.cc/ekq0y7 (李公麟 五馬圖)
・長流展訊 https://reurl.cc/Qa0MO9 (李公麟 揭缽圖卷)
〈揭缽圖卷〉取材佛典，描繪鬼子母從殘虐到覺悟的心靈轉化，與「西園雅集」中文人藝術精神遙相呼應。一邊是外在的文人雅集，一邊是內在的心靈修行，完整呈現宋代士人「內聖外王」的精神境界。
-
請訂閱追蹤並開啟小鈴鐺
長流【官網】https://www.chanliu.com/
長流書畫研究中心【YouTube頻道】https://reurl.cc/ZAE3Ll
長流收藏家俱樂部【LINE社群】https://lin.ee/WUnaNJ8
-
電話：02-2321-6603
Email：service@chanliu.com
地點：台北市仁愛路二段63號B1
營業時間：10:00～19:00（周一休館）
展覽時間：12:00～18:00（周一休館）"
https://artemperor.tw/tidbits/19038,台灣，新北市,新北市藝文中心【2025新北市美展】,https://d2onjhd726mt7c.cloudfront.net/images/datas/000/121/304/xugbtcg2sj20kzjip6c7gvh28qbc3vzm_800x420^.jpg,2025-10-30 ~ 2025-12-07,新北市藝文中心（新北市板橋區莊敬路62號）,https://www.artcenter.ntpc.gov.tw/,李公麟,"觀第37屆「2025新北市美展」有感
撰寫者：王源東
藝術之可貴在於「以有形的形象來傳達無形的意念，並感染社會大眾」。藝術創作所呈現的可視形象是有限的，但其內容所隱含的情愫與理想卻是無限寬廣的。藝術創作者透過對大自然及生活外在的感知與體悟，再融鑄自我內在的主觀情感與思想，進行「物我合一」以傳達情景交融的境界，這就是「以物喻情」的真諦。
「美術」則是以物質材料為媒介，透過個別的人為塑造，創作出可觀可思又佔據一定平面或立體空間的一種藝術形象。它不僅表達了創作者對社會意識形態的思想與情感，更是一種改變行為的生產。然而，藝術創作的歷程是創作者本乎對外在環境事物的感受，觸動當下的靈感，在內心形成一主觀的意念，接著艱辛的再去思考如何構成物建及題材的選取、素材的應用等系列進行式。因此，「2025新北市美展」得獎作品是藝術家們傳達自己創作理念或生活感悟的優質體現，他們運用不同的材質與媒介，通過可視的造形表現手法，創造出具有深度且令人感動與審美價值的視覺藝術成品。
「2025新北市美展」舉辦至年已邁入第37屆，每年徵件會分「一般」與「青春」兩大組別收件，為能涵蓋多元創作領域，隔年開放不同類別徵件。今年是以水墨、書法、膠彩、篆刻及立體創作為主（隔年為水彩、油畫、版畫、攝影、科技藝術）。主辦單位為鼓勵青年學子著力於書畫藝術創作，增設「青春組」（隔年為水彩、版畫）以彌補全國學生美術比賽「僧多粥少」之缺憾，並藉此來提升年輕人對書畫藝術之喜好，進而嘗試與運用多樣媒材，立意良善，值得各界給予肯定與嘉許。
綜觀第37屆參展的作品：
一、平面繪畫類—水墨、膠彩：在畫面的經營上仍多屬「拼合式」組裝。創作者為完就議題的訴求和內容的說明，會將不同時空背景的視覺圖像，組裝於同一個二維平面中，再透過「異度空間」超現實的形式加以安置構圖，讓欣賞者產生無限的遐思與想像。如：水墨類青春組第一名丁品云的〈被遺忘的時間〉既大膽的「拼合」出極富概念性和實驗性理想佳作。膠彩類第一名賴楚穎的〈夢外之地〉，畫面則安排魟魚穿梭其中，讓畫面產生動感，藉此來引發欣賞者沉思的意境，成功地營造出主題探究效果，是件優秀難得之作。
當然也有創作者透過生活的體驗與察覺，忠實地描寫與紀錄自己當下所見所聞與心境變化，進而對其生活環境與日常作息進行反思與表白。如：水墨類一般組第一名張耀慶的〈牽作伙逗陣行〉，作者藉由「一河兩岸式」構圖，將淡水河兩岸鱗次櫛比繁榮市景與排列整齊漁船，進行層次分明的描寫。其生動的畫面並帶有故事性的情節，宛如是現代版的〈清明上河圖〉，深具張力與活力的視覺表現，讓人耳目一新。
二、書篆藝術類—書法、篆刻：在傳統與創新之間尋找時代的意義，是所有書篆藝術家所致力於突破的創作指標。由於書篆藝術是以文字線條為主，在表現上除整體造形的獨特性，同時也須兼顧文字本身的準確性，文字書體的取用若有瑕疵將造成閱讀上的誤差。此次參展者無論是⽤筆用刀的起收使轉、線條的質感⼒度，還是字形結構的疏密聚散、章法佈局的虛實呼應，皆展現出嚴謹法度與⾼度的合理性。如：書法類⼀般組第一名林志宏的〈酌酒與裴迪〉是件草書作品，筆劃使轉、提按、頓挫，變化活潑順暢，字形欹正相依、穿插挪讓有節有度，節奏感甚佳，是幅完整的佳作。青春組第一名蔡善宇的〈寄正仲〉行草用筆連綿，?續呼應自然，字形大小輕重合宜，足見其書寫功底。
篆刻類第一名林思妤的〈思妤印存〉是以個人歲月中的心靈足跡，用篆刻形式作為傳達心情的媒介。就印屏內容的豐富度，能將山水風景、佛像人物等圖像融入邊款，再配合文字以豐富造形的變化，相當不易。
三、立體造型類—立體創作：立體作品是在三次元的空間中展現出造形意義的創作活動。在材質的運用上豐富多樣，展現的樣貌也相當多元繁多，是藝術表現範圍當中相當廣闊的創作形式。因此，如何運用適當的媒材與適切的表現形式來詮釋作者欲展現的意圖與訴求，是立體創作者必須掌握的重要關鍵。如：第一名葉佳寧的〈Non space〉是件懸吊在空間的作品，在直立的軸線上則串接著以金屬、陶瓷、塑膠等材質的瓜果食材造形。作者是從女性在處理食材的日常操作中，觀察到食材的真實樣貌--有硬有軟、有輕有重，因此將這類食物中的「負空間」予以可視化，藉以象徵食材性質的多元樣態，頗具特色。
總而言之，「2025新北市美展」參展作品，既讓我們看到傳統技法在各類組中的精深傳承，也讓我們看到青年學⼦所展現的蓬勃活⼒與創新萌芽，這本是新北市政府舉辦此項活動所欲「培育新世代藝術人才，推動全民美育，提升藝術參與風氣」初衷。我們深切期待未來的「新北市美展」能看到更多且能深植傳統又能⼤膽創新的作品，讓藝術的表現不僅表現於生活上，更創作於時代尖端上，讓新北市的美術創作風氣譜寫出嶄新⽽動⼈的新篇章。
2025新北市美展
日期：2025-10-30 ~12-7
時間：9:00-17:00（11/03、12/01休館）
地址：新北市藝文中心（新北市板橋區莊敬路62號）"
https://artemperor.tw/tidbits/18968,台灣，桃園市,桃園十一份美術館【魯雅琴 粉彩創作個展【快與慢之間】截圖日常，書寫粉彩詩篇～,https://d2onjhd726mt7c.cloudfront.net/images/datas/000/121/495/b4126mqg3i1ipy2tjb0zeb98rj4ojxet_800x420^.jpg,2025-10-25 ~ 2025-12-07,十一份觀光文化園區 桃園市龍潭區佳安里佳安西路5號,https://www.facebook.com/11ElevenArtGallery/,魯雅琴,"藝術家的創作多源於生活的「截圖」──那些稍縱即逝卻值得停留的片刻：晨光映牆的溫度、街角擦肩的身影、傍晚餐桌的靜默、窗邊植物的影子。這些日常的微光，被粉彩溫潤的質地所承接，成為可被凝視與回味的詩句。
在創作中，「截取」是一種快的行動，而「描繪」是一種慢的體驗。那一瞬的感動，經過指尖的推抹與色層的疊加，被延展為一種沈靜的書寫。粉彩因此成為時間的容器，讓稍縱即逝的生活片段得以被柔化、被珍藏。
這些作品像一頁頁生活日記，也是一首首無聲的詩。藝術家在其中尋找生活的節奏與情感的呼吸，邀請觀者一同放慢腳步，透過光影與色彩，在「快與慢之間」重新看見被忽略的日常之美。
⸻
Artmamalulu Solo Pastel Exhibition
Between Speed and Stillness
Screenshots of Daily Life, Whispered in Pastel
Ya-Chin Lu’s pastels capture fleeting “screenshots” of everyday life—morning light on a wall, the quiet of an evening meal, a passerby at the corner, or the shadow of a plant by the window. Through the soft, tactile nature of pastel, these moments are transformed into visual poetry.
The act of capturing life is fast; the act of painting is slow. Each layer of color stretches time, turning a brief impression into a meditative reflection. In this rhythm between speed and stillness, pastel becomes a vessel for memory—a gentle way to preserve what might otherwise fade.
Each work is both diary and poem, inviting viewers to slow down and rediscover the overlooked beauty woven through light, color, and the quiet poetry of daily life."
https://artemperor.tw/tidbits/18793,台灣，台中市,"國立臺灣美術館【履痕深烙】席德進早期的生命和藝術軌跡, 1943-1966",https://d2onjhd726mt7c.cloudfront.net/images/datas/000/120/196/0hec2ky4cdru8erv7z4n1tztnz9arf2s_800x420^.jpg,2025-08-23 ~ 2025-12-07,國立臺灣美術館101展覽室 （臺中市西區五權西路一段2號）,https://www.ntmofa.gov.tw/,席德進,"1943年席德進入學杭州的國立藝術專科學校(原「國立杭州藝專」)，1948年畢業，同年夏末八月，席德進隻身自杭州轉上海來到臺灣，開啟了顛沛流離的前十年，生活漂泊不安，內心卻堅定的在藝術道途上前進。他這種在不安與堅定中找尋平衡的特質，一方面是來自對藝專生活的懷念，和對老師林風眠教導的反芻，另一方面是對中華文化及民間傳統美感形式的追尋，終生未曾或忘。
來台初期他落腳在嘉義中學擔任美術教員，課餘時間足跡遍布嘉義近郊和南臺灣城鄉風景，體驗到南臺灣風景中的光與色，建立了在自然中找題材寫生的作畫習慣，終生受其影響；他勤練藝專時期習得的人物畫技巧，保留肖像畫的手感在台北大展身手。
1952年初離開嘉義中學北上，席德進以畫插畫和廣告畫謀生，但心中卻不斷浮現回歸純藝術創作的呼喚。他走遍台北近郊畫風景畫，並投身市井去捕捉臺灣常民生活，到廟宇認識民間信仰。席德進也延續他在嘉義時期畫人物畫和肖像畫的興趣，從畫冊學習二十世紀初期塞尚、盧奧、馬諦斯、畢卡索等藝術家的風格，建立了油畫材質和肌理的表現技巧，形成辨識度極高的繪畫風格。
1955年至1960年代初期，他的水彩風景畫和肖像畫銷售甚佳，已可依靠售畫過職業藝術家生活。然而1950年代後半，臺灣掀起的現代繪畫運動浪潮，對席德進而言，畫風與題材的變與不變形成了考驗。1957年完成作品〈閑坐〉在全國美展中展出後，他寫下「這幅畫比較特別，也可說是油畫中具象風景的最後出現，以後我走向了抽象幻想風。」他原先以繪製肖像畫知遇於臺北的歐美外交人士和眷屬圈子，這個抽象風的轉變，也幫助他打開了1962年受美國國務院之邀赴美體驗現代藝術的機會大門，並由美國延伸到歐洲，客居巴黎三年。
1962年席德進赴美前回覆邀請單位的作業安排時，表示他想參觀的首要對象為抽象畫家弗朗茨•克萊恩（Franz Kline）的藝術、華盛頓、紐約以及舊金山的畫廊和美術館。旅美期間他習慣水彩寫生之外，還創作了一系列抽象畫。不過他在美國時也發覺，美國的抽象表現主義的浪潮，已被普普藝術和其他新興流派所取代。他順應潮流在美國開始普普藝術創作，並延續到1963年起在法國時，大量沿用中國民間宗教圖騰，和加入民間藝術的圖像於他的普普風創作。席德進的普普作品裡使用的民間生活元素，可說是「經過符號化」，這也使得他的普普藝術創作具有強烈的個人辨識度。
席德進的抽象繪畫和普普風創作，持續到他遊歷歐洲返台之後最初的幾年間，然而中華文化的美感精神，和臺灣鄉土題材裡的老屋建築和平凡人物，佔據了他後半生的創作，這已是另一個面向的席德進了。
履痕深烙：席德進早期的生命和藝術軌跡, 1943-1966
主辦單位  |  國立臺灣美術館
協辦單位  |  財團法人席德進基金會
策  展  人 |  楊永源
展出期間  |  2025. 08. 23 — 2025. 12. 07
展出地點  |  101展覽室"
https://artemperor.tw/tidbits/19103,台灣，台北市,王道銀行教育基金會【HOMO ANIMALIS 動物人成為動物】2025堤頂之星2.0年度入選展,https://d2onjhd726mt7c.cloudfront.net/images/datas/000/121/606/269v6y451hny8d7ii3uo4xpt36plrun7_800x420^.jpg,2025-11-07 ~ 2025-12-12,台北市內湖區堤頂大道二段99號,https://www.o-bankef.org/events/1379,高俊宏、王筠婷、楊淯緹、張天,"傳統的存在主義將人視為孤立於世界的獨特存在，注定與他者保持距離、獨自面對孤寂的生存意識。然而，當「生態」被引入其中，存在的重心便悄然移動——我們開始意識到，生命從來不是單一的，而是彼此纏繞、共同生成的過程。人與動物、植物、環境之間的關係，正透過「連結（connectivity）」與「親屬關係」重新被想像與書寫。
如果生命本是相連，我們能否將自己視為某個物種的延續？能否在這樣的想像中，重新學會與動物共處，甚至在被視為「外來」或「異類」的生命身上，看見另一種共生的可能？面對那些被迫消失、被驅逐的生命，用一種更深層的凝視——去理解、去靠近、去回應。
本展覽以三位創作者長期的田野經驗為起點，從流浪狗、被開發排除的昆蟲、與外來魚種三個面向出發，嘗試在人的視角與動物的世界之間，打開對話的縫隙。透過影像、行動與書寫，展覽試圖讓被忽略的生命重新顯影，並在社會的邊緣處，建構出一種新的敘事與支持系統。"
https://artemperor.tw/tidbits/19127,台灣，台北市,TARTCH 得然藝術【TARTCH 得然藝術ESOW 放浪手札 |ESOW】TARTCH 得然藝術,https://d2onjhd726mt7c.cloudfront.net/images/datas/000/121/724/outzivazzewlqrb90qj9dneno1bd5757_800x420^.jpg,2025-11-08 ~ 2025-12-13,台北市內湖區南京東路六段503號, https://www.instagram.com/tartch.gallery/,ESOW,"睽違兩年，來自日本的塗鴉藝術家 ESOW 再次帶著他筆下的「大叔」回到 TARTCH。他以全新的個展 《ESOW放浪手札》，記錄那段遊走於生活與創作之間的旅程。
ESOW 以獨特的塗鴉語彙與細膩筆觸，將日常風景化作生命的註腳。竹林、櫻花與松樹間，熟悉的大叔身影依舊悠然現身，自在地活著，任由風與光穿梭於他筆下的世界。
《ESOW 放浪手札》不僅是一場旅途的紀錄，更是一種心境的書寫。在線條與節奏中，藏著他對生活的幽默、對時間的溫柔，提醒我們「逍遙」與「自在」或許從不在遠方，而在於眼前。
誠摯邀請您於 11 月 8 日 蒞臨 《ESOW 放浪手札》 一同漫步於自然與日常之間，細細體會生活中最誠實，在靜與動、遠與近之間，尋找屬於自己的節奏。當日藝術家ESOW也會親臨現場，與您一同展開專屬於您的「放浪」時刻。"
https://artemperor.tw/tidbits/19164,台灣，台北市,双方藝廊【戰爭與美術—作戰吧！少年少女們！】陳擎耀個展,https://d2onjhd726mt7c.cloudfront.net/images/datas/000/121/863/imhpi39i4evc6y8q18lt8r0vlo7dthks_800x420^.jpg,2025-11-08 ~ 2025-12-13,双方藝廊（臺北市北安路770巷30號）,https://www.facebook.com/doublesquare.gallery?locale=zh_TW,陳擎耀,"双方藝廊榮幸宣布，於 2025 年11 月 8日至 12月 13 日展出藝術家陳擎耀的最新個展「戰爭與美術—作戰吧！少年少女們！」，延續陳擎耀在日本田川市美術館廣受矚目的展覽「開戰84年 戰爭與美術 - 陳擎耀個展」，在台灣脈絡下重新編排理解二戰時台灣與日本，被殖民與殖民間千絲萬縷的關係。
陳擎耀的創作挪用台灣、日本、韓國的流行文化、政治圖像或藝術素材，發掘隱藏在其中的權力意識、領袖崇拜與集體主義，再透過戲謔的改編解構其權威性。
本展展出陳擎耀取材自二戰時期台日兩地戰爭畫的全新作品。其中尺幅達三百號的寫實畫作《ＯＯ部隊的死鬥-某東亞小島戰線》，戲仿了藤田嗣治一九四三年的《ＯＯ部隊的死鬥——新幾內亞戰線》。陳擎耀將二戰前線的慘烈景象，改由一群攜帶 AK47 的少女軍團以笑鬧姿態演繹，承襲了原作構圖的壯闊與強烈戲劇張力，但畫中大量出現的高中少女小物則暗示了當代性。作品標題指涉的「某東亞小島」，更暗喻了台灣可能面臨的未來危機。
相較於前線的慘烈，台灣二戰期間的時局畫則呈現了戰時人民的生活切片，取材自陳敬輝《穿制服的少女》與蔡雲巖《男孩節》的兩件錄像作品中，女學生聊著制服、母親與孩子想望未來，平凡的日常對話中隱藏了被戰爭與政治情勢牽引的無奈現實。
展覽也與二戰時期日本的相關文物共同展出，包含畫冊、明信片，以及對當時少年影響深遠的
刊物《少年俱樂部》（せうねんくらぶ）及其附贈的軍艦模型。該刊物的視覺敘事風格與陳擎耀創作中運用的日本流行文化及 ACG 美學亦有著密切的傳承關係。除了少年，本展也呈現了女性在戰爭中的多種樣貌，如女學生、母親和AK47少女軍團等。
透過並置藝術作品與歷史文物，本展引導觀者思考面對過去歷史時所能採取的不同視角，標題中的作戰，除了文物及繪畫中戰爭時期的少年少女們外，如策展人賴佩君所言，在背後參與「作戰」的還包括陳擎耀自己、《少年俱樂部》的編輯們、戰爭畫畫家等角色，在藝術與文物的並置下，可更清楚看見這些「少年」們，如何在各自時代的戰爭敘事與繪畫風格中，構築出既相互呼應又充滿差異的戰爭圖像。
陳擎耀，1976年生於台北。2006年畢業於國立臺北藝術大學美術創作研究所。曾獲台灣藝術新貌獎及台北獎首獎殊榮，並於2009年獲得美國亞洲文化協會台北分會劉國松創作獎助計畫赴紐約進修。陳擎耀近年的作品多以攝影、繪畫為主，表現的題材廣泛，作品關注權力符號的解構。其作品多挪用流行文化─尤以日韓─符號，甚至亞洲政治人物肖像等等，進行大肆的改寫與重述，重新編寫出極具詼諧與滑稽感的畫面或舉止，或是將自己融入作品中幻化為他人，而這樣操作對原物所造成的巨大反差感則不免讓人會心一笑。如此透過對權力符號的降格，藝術家無非是對當前我們所處的社會進行反諷，並且冀望人們能夠在微笑的同時，重新反思自身周遭各種因權力作為而造成的荒謬感。"
https://artemperor.tw/tidbits/19115,台灣，台北市,流 THE FLOW【她與花 She and Her Flowers｜台日攝影師聯展】潘怡帆 Crystal Pan ×大野深美 Fukami Ohno feat.雜波 ZAP,https://d2onjhd726mt7c.cloudfront.net/images/datas/000/121/658/2d4wdysutl4vw8qo2gv9lno64x6eqe0z_800x420^.jpg,2025-10-13 ~ 2025-12-13,台北市北投區豐年路一段37巷14號1樓,https://www.instagram.com/reel/DPVT20SiUi6/,潘怡帆 Crystal Pan、大野深美 Fukami Ohno、雜波 ZAP,"「在那一瞬間，她看見了花⋯」
In that moment, she saw the flowers...
/
以「花」與「拍花的人」作為策展核心，記錄自然萬物觸動藝術家內心深處的重要時刻——植物在某一瞬間的姿態，透過攝影成為藝術家「她」心中的永恆。
這也是流 THE FLOW 「人與萬物系列聯展」計畫的第二部分。描述熱愛花草、分別來自台灣與日本的兩位攝影藝術家潘怡帆、大野深美，受到大自然之美的召喚，採集植物枝葉帶回居住處顯影沖印，或走進植物園、拍下植物與大地相連的瞬間。
參展藝術家｜
潘怡帆 Crystal Pan
大野深美 Fukami Ohno
雜波 ZAP
/
展覽時間｜即日起至 2025 年 12 月 13 日
開放時間｜每週三、五、六 11:00-18:00
#其餘為預約賞畫時間
入場方式｜展覽門票100元
展覽頁面｜https://www.theflowartco.com/exhibition"
https://artemperor.tw/tidbits/18953,台灣，台北市,誠品畫廊【五夜山河水】季大純個展,https://d2onjhd726mt7c.cloudfront.net/images/datas/000/120/947/x4j561t59k1yx8dhand7y52oub0nvbfm_800x420^.jpg,2025-10-04 ~ 2025-12-13,誠品畫廊∣台灣110055台北市信義區菸廠路88號B1（誠品生活松菸店）,https://tinyurl.com/cn-JI-Dachun,季大純,"誠品畫廊推出展覽「五夜山河水」，呈現旅居德國當代藝術家季大純近二十年的繪畫探索。自九〇年代以大量留白及小比例人物的構圖為人熟知以來，季大純始終在具象與抽象之間遊走，他的作品兼具幽默與詩意，也映照出對繪畫本質的追問。
近年，季大純以黑色為基調描繪景致，將黃公望的「富春山」與塞尚的「聖維克多山」視為東西方的「聖山」，以敏銳的感知將兩者轉化為獨特的藝術風貌。本展共展出三十一件作品，從經典再詮釋到抽象風景，展現藝術家如何在文化交融的張力中，開拓出屬於自己的當代繪畫語言。
ESLITE GALLERY presents Five Nights amid Rivers and Mountains, showcasing nearly two decades of artistic exploration by Germany-based contemporary artist Ji Dachun. Since the 1990s, Ji has been recognized for his compositions characterized by expansive blank spaces and diminutive figures, works that combine humor with poetic resonance while persistently probing the essence of painting itself.
In recent years, Ji has turned to landscapes rendered in black. He regards Huang Gongwang’s Fuchun Mountain and Paul Cézanne’s Mont Sainte-Victoire as two “sacred mountains” of Eastern and Western art history, sensitively transforming them into a distinctive painterly language. Featuring 31 works that range from reinterpretations of classical imagery to abstract landscapes, the exhibition highlights how Ji navigates the tensions of cultural exchange to forge a unique vocabulary of contemporary painting.
展覽：「五夜山河水」—季大純個展
開幕：2025年10月4日 (六)
展期：2025年10月4日～12月13日
地點：誠品畫廊∣台灣110055台北市信義區菸廠路88號B1（誠品生活松菸店）
開放時間：週二～週六 11am-7pm（週日、一公休）"
https://artemperor.tw/tidbits/19090,台灣，高雄市,N°0｜Gallery【被我帶走的漣漪 Where the Flutters Go】傅詩霖個展 Celine Fournier Solo Exhibition,https://d2onjhd726mt7c.cloudfront.net/images/datas/000/121/544/jcbhpxgkujzl52kq51oaaf3c11tgz7bd_800x420^.jpg,2025-11-01 ~ 2025-12-13,六合一路148號B1,https://www.instagram.com/n0_gallery/,傅詩霖,"N°0｜GALLERY 零號藝術
【被我帶走的漣漪】傅詩霖個展
Where the Flutters Go  — Celine Fournier Solo Exhibition
本次展覽聚焦於「記憶」的主題，藝術家以繪畫呈現童年與旅行的片段——從台灣的根、法國夏日的陽光，到西班牙薩拉曼卡的街景。作品中可見熟悉的家居場景、承載時間的物件與細節，彷彿是往日時光的回聲。
藝術家運用鮮豔的底色，象徵記憶的短暫與易逝，並將童年的塗鴉與重新造訪的場景交織在畫面中，使記憶彼此重疊，既真實又帶有夢境般的朦朧感。透過這些作品，藝術家以畫筆激起並攜帶漣漪，邀請觀者走入時間與回憶的對話，共同感受那些「被帶走的漣漪」。
藝術家自述：
我的作品以記憶為核心，呈現童年與旅行的片段。我在台灣的根、法國的夏日，以及最近前往西班牙薩拉曼卡那被陽光包圍的街道。透過這些作品，我重訪那些熟悉的圖案與舊物，它們如同過去的回聲再次浮現。
我常從鮮明的底色開始，交織童年的塗鴉、底片照片與重新造訪的場景結合起來。這些記憶交疊在一起，既真實又像夢境般模糊。
今年，我發現自己再次回到「度假」的感覺。當時間既充裕又似乎停滯，總在暑假時感受到這一種又寧靜又日常的喜悅。我以更明亮的色調與層疊的質地反映出這份自在、隨性與溫暖。在這次展覽中，我將《依然在家》系列與新作一同展出，連結記憶與再次重逢的瞬間，重新回望那些放鬆玩樂的時光。
作品描繪我如何帶走漣漪，邀請觀者與我一起在時間和回憶對話，享受那些《被我帶走的漣漪》。
藝術家｜傅詩霖Celine Fournier
展 期｜2025.11.01 – 12.13
開 幕｜2025.11.01 Sat. 14:00-17:00
地 址｜高雄市新興區六合一路148號B1
開 放｜20:00-00:00（週末可預約白天時段）
N°0｜GALLERY 零號藝術
Official Website：http://n0gallery.com/
Facebook：Nº0｜Gallery 零號藝術
Instagram：@n0_gallery"
https://artemperor.tw/tidbits/19087,台灣,洪水藝術計畫【生萬藝厚植與共鳴】甘逸豪收藏展藏家視角下的在地文化與國際藝術的對話,https://d2onjhd726mt7c.cloudfront.net/images/datas/000/121/537/q2ie9ti5ff47qosvflnw6pjzvylu5ara_800x420^.jpg,2025-10-25 ~ 2025-12-13,彰化縣和美鎮德美路454號,https://www.instagram.com/n0_gallery/,薩伊夫•加里波地、張恩滿、致穎、張碩尹、閆占城、齊藤詩織、黃海欣、黃至正、林書楷、王挺宇、彭思錡,"¶展覽主題 Exhibition Title
《生萬藝：厚植與共鳴》
Arts in Vitality: Cultivation and Resonance
⸻
? 副標題 Subtitle
甘逸豪收藏展
Yi-Hao Kan Collection Exhibition
藏家視角下的在地文化與國際藝術的對話
A Dialogue Between Local Culture and International Art from the Collector’s Perspective
⸻
¶ 展期 Exhibition Dates
10/25（六）～12/13（六）
October 25 (Sat) – December 13 (Sat)
⸻
¶ 開幕日 Opening Reception
10/25（六）16:00
October 25 (Sat), 16:00
正值［台灣設計展（（彰化行））］10/26（日）閉幕前，［台北藝博］10/24（五）開幕後！
歡迎大家順便來一趟「彰化行」！
Taking place right between the closing of the Taiwan Design Expo in Changhua (Oct 26, Sun) and the opening of the Taipei Art Fair (Oct 24, Fri)！
We warmly invite you to make it a trip to Changhua！
⸻
¶ 核心論述 Curatorial Statement
? 概述 Synopsis
本次展覽主題「生萬藝」三字，由空間負責人及藏家共同委託和美在地道東書院書法家謝金德（道東文教協會發起人、理事長以及曾獲第一屆磺溪美展書法類首獎磺溪獎）書寫，寓意生成、衍生與不斷開展，呼應藝術作為文化延續與再生的無窮潛能。
The theme of this exhibition, “Arts in Vitality”, was jointly commissioned by the space director and the collector, with the name calligraphed by local calligrapher Xie Jin-De (initiator  and chairperson of the Tao Dong Cultural Association in Hemei and was also awarded the Huangxi Award, the First Prize in the Calligraphy category at the inaugural Huangxi Art Exhibition.) The phrase signifies generation, derivation, and continuous unfolding, echoing art’s infinite potential as a vehicle of cultural renewal and continuity.
當藏家將國際藝術家的作品引入彰化，這不僅是一場收藏的分享，更是一種文化推動的實踐。
When the collector brings works of international artists into Changhua, this is not only a sharing of collection but also an act of cultural advocacy.
彰化擁有深厚百年的在地傳統──木雕的精工、糕餅的美味、布袋戲的匠藝——這些文化層積構成了「厚植」的地景，也孕育許多台灣知名藝術家如李仲生、施南生、吳天章、楊茂林、洪東祿、郭振昌、林良材、張紋瑄、黃立穎、盧冠宏、林盈潔等活躍於國內外藝術市場。
本次藏家展出共11位海內外藝術家作品，3位海外及8位國內享有國際知名度及潛力藝術家，當這股深厚力量與國際當代藝術語言相遇，勢必引發激烈的碰撞與「共鳴」。
Changhua carries a profound cultural tradition—woodcarving craftsmanship, the delicacy of pastries, the artistry of glove puppetry. These cultural layers form a landscape of deep “cultivation.” It has also nurtured many renowned Taiwanese artists, such as Li Zhong-Sheng, Nansun Shi, Wu Tien-Chang, Yang Mao-Lin, Hung Tung-Lu, Kuo Jen-Chang,Lin Liang-Tsai, Chang Wen-Hsuan, Huang Li-Ying, Lu Kuan-Hung, and Lin Ying-Chieh, who are actively engaged in the art market both domestically and internationally.
This collectors’ exhibition brings together the works of 11 distinguished artists from both Taiwan and abroad, comprising 3 international participants and 8 Taiwan-based artists, each recognized for their international presence and emerging potential.When such rooted strength encounters the language of international contemporary art, it inevitably sparks intense collisions and “resonance.”
? 論述統整 Summary
這種碰撞並非撕裂，而是一種創新生成的互相融合：使地方文化得以被再閱讀、再詮釋，並與世界的藝術語境互相呼應。
Yet this collision is not rupture—it is a generative fusion that allows local culture to be re-read, reinterpreted, and brought into dialogue with the global artistic discourse.
「生萬藝」因此既是藏家視角的展覽標題，也是對彰化在地百年文化的一種宣告——它不再被視為邊陲，而是正在孕育、衍生、激烈對話的藝術場域。
Thus, “Arts in Vitality” is not only a title from the collector’s perspective but also a declaration of Changhua’s century-old culture: no longer seen as peripheral, it is now a fertile ground for emergence, derivation, and vibrant dialogue within the field of art.
⸻
¶ 展出藝術家 Exhibiting Artists
✠ 印尼藝術家 {薩伊夫·加里波地}
擁有印尼萬隆理工學院美術學士學位及印尼大學環境科學碩士學位，將科學背景運用於藝術創作，產出獨特的微生物風格系列作品，此次作品運用雷射雕刻於菌絲皮革。
✠ Syaiful Garibaldi (Indonesia)
Holds a BFA in Fine Arts from Bandung Institute of Technology and an MSc in Environmental Science from the University of Indonesia. He applies his scientific background to artistic creation, producing a unique series of microbiological-inspired works. This exhibition presents a piece created by laser engraving on mycelium leather.
展出作品
《印刻#1》 / Engraved #1
2024, 47x 29 cm, 雷射雕刻、菌
絲皮革 Laser engraving, mycelium leather
⸻
✠ 台灣藝術家 {張恩滿}
出生台東，台藝大美術系碩士畢業，生活與工作於台北。她擁有一半來自原住民母親的血統，長期關注台灣原住民族如何在不可逆的現代化進程中去協調和處理其自身於文化、社會及基本生存之間的狀態。以此基礎去挖掘缺失的歷史以及外推廓繪世界的樣貌，寄望發掘藝術可以去轉化的力量。2022年更因同系列作品蝸牛的漂浮系統代表台灣參展於德國第十五屆卡塞爾文件展。也於六月公佈入選明年2026第25屆雪梨雙年展！
✠ Chang En-Man (Taiwan)
Born in Taitung; earned an MFA from the Taipei National University of the Arts. Currently works and lives in Taipei. Utilising the forms of the moving image, photography, installation, and creative forms of self-organising and collective projects, Chang’s practice explores how the indigenous people of Taiwan negotiates the ever-shifting socio-cultural terrains and conditions for survival in contemporary Taiwan against the backdrop of modernisation and urbanisation, rooted in her own experiences and heritage as a half-indigenous person. With this as a point of departure, Chang excavates lost histories and narratives to explore the world at large, aiming to embody the transformative potential that art holds. In 2022, her work on the “Snail Floating System” represented Taiwan in the 15th Documenta in Kassel, Germany.In June, it was announced that she has been selected to participate in the 25th Biennale of Sydney in 2026.
展出作品
《蝸牛樂園三部曲-啟航或終章》/
Snail Paradise Trilogy: Setting Sail or Final Chapt
2021, 影片，單頻道彩色有聲14
分35秒 Video, single-channel color with sound, 14 min 35 sec
⸻
✠ 台灣藝術家 {致穎}
在國際間以 Musquiqui 導演身份聞名，柏林藝術大學畢業，目前工作室位於柏林，作品常體現媒介學的深度研究，探討勞工關係與全球化資本主義，以及國際政治地理的符號與事件再詮釋，為觀者帶來另一種思考歷史的角度。2019年獲西班牙哈恩內夫肯基金會與米羅基金會頒發年度LOOP錄像藝術首獎，同年也入圍德國柏林藝術獎（Berlin Art Prize）。11月份他也將在「第14屆台北雙年展：地平線上的低吟」展出，由柏林漢堡車站國家當代藝術美術館雙館長山姆·巴塔維爾與提爾·法爾拉特共同策劃。
✠ Chih-ying Musquiqui (Taiwan)
Internationally recognized as a filmmaker under the name Musquiqui. A graduate of Universität der Künste Berlin, currently based in Berlin. His works often reflect deep media studies, investigating labor relations under global capitalism and re-contextualizing political and geographic symbols or historical events. His practice invites viewers to reflect on history through new perspectives. In 2019, he was awarded the annual LOOP Video Art Award by the Han Nefkens Foundation and Fundació Joan Miró in Spain, and in the same year was also shortlisted for the Berlin Art Prize in Germany. In November, he will also be featured in the 14th Taipei Biennial: whispers on the Horizon, co-curated by Sam Bardaouil and Till Fellrath, directors of the Hamburger Bahnhof – National Gallery of Contemporary Art in Berlin.
展出作品
《雕塑品》 / The Sculpture
2020, 150x 150 cm, 35釐米相片轉數位檔、黑白相片、彩色顯色相紙輸出 35mm film scanned to digital file, black-and-white photograph, color chromogenic print
⸻
✠ 台灣藝術家 {張碩尹}
工作室注重遊戲與藝術的批判性，透過多重感官體驗帶來沈浸式遊戲體驗，並由此反思人與科技、社會的關係。近期聯手英國藝術團體 Blast Theory，以互動電影裝置登上美國 SXSW 藝術節。2020年以作品《檳榔屋、山蘇床與蝸牛陷阱》拿下臺北美術獎首獎殊榮。
✠ Ting-Tong CHANG (Taiwan)
His studio focuses on the critical intersection of gaming and art, creating immersive multisensory experiences that prompt reflection on humanity’s relationship with technology and society. Recently, he collaborated with the UK art collective Blast Theory, presenting the interactive film installation Proof As If Proof Were Needed at the SXSW Art Program in the U.S.In 2020, he won the First Prize at the Taipei Art Awards with his work Betel Nut House, Bird’s-Nest Fern Bed, and Snail Trap.
展出作品
《花、鳥、宇宙點》 / Flower, Bird and Cosmic Point
2021, 83x 107.5 cm, 絹印墨、亮面綢、繡線 Silkscreen ink, glossy silk, embroidery thread
⸻
✠ 中國藝術家 {閆占城}
畢業於西安美術學院油畫系，作品中常見人像皆有佩戴格式奇特高帽，但其實藝術家這樣獨特的表現手法是想讓我們拋開任何既定符號的印象，甚至人物的面相更是以抽象幾何色塊表現，卻又能使觀者聯想特殊意象而有重新探討這些我們固化意象的反思。
✠ Yan Zhan-Cheng (China)
Graduate of Xi’an Academy of Fine Arts, Oil Painting Department. His portraits frequently feature figures wearing peculiar tall hats. This device serves to strip away preconceived symbolic associations, as he abstracts faces into geometric color blocks. While seemingly detached, the images provoke renewed reflections on the fixed symbols and impressions we carry.
展出作品
《肖像31》 / Portrait 31
2023, 40x 30 cm, 油彩、畫布 Oil on canvas
⸻
✠ 日本藝術家 {齊藤詩織}
畢業於東京藝大美術研究科碩班，作品常存在現實場景與超現實的主題，常在日常生活場景加入特別敘述的圖像，畫面習慣有留白或者是白色的主角如樹枝、小狗、白鳥。2020年，齊藤詩織以油畫《女狩人のごちそう》獲得了SOMPO美術館舉辦的FACE展的優秀賞。
✠ Shiori Saito (Japan)
Holds a master’s degree from Tokyo University of the Arts. Her works intertwine realistic and surrealist themes, often incorporating narrative imagery into everyday scenes. Her canvases characteristically include blank spaces or white protagonists such as branches, dogs, and swans.In 2020, Shiori Saito received the Excellence Award at the FACE Exhibition organized by the Sompo Museum of Art for her oil painting ‘The Huntress’s Feast’ (女狩人のごちそう).
展出作品
《變冷的黑色窗戶》/《Cold black window》
2020, 72.7x 91 cm, 油彩、畫布 Oil on canvas
⸻
✠ 台灣藝術家 {黃海欣}
畢業於紐約視覺藝術學院藝術創作研究所，常藉由日常觀察生活中百樣人物，以幽默及諷刺手法捕捉描繪生活中奇人趣事，呈現出作品上獨有的人類版現代百物誌。也曾獲2011年台北美術獎優選殊榮，並展出於法國龐畢度中心梅茲分館 。
✠ Huang Hai-Hsin (Taiwan)
Graduate of the School of Visual Arts in New York (MFA in Fine Arts). Through humorous and satirical depictions of daily life, she portrays eccentric characters and incidents, presenting a contemporary human-centered “Compendium of All Things.”She also received an Honorable Mention at the 2011 Taipei Art Awards, and exhibited at Centre Pompidou-Metz in France.
展出作品
《家庭主婦》 / Housewife
2012, 14x 11cm, 油彩、畫布 Oil on canvas
⸻
✠ 台灣藝術家 {黃至正}
畢業於東海大學美術研究創作組碩士，常以影像拼貼以及金銀箔等複合媒材的應用與表現作品，作品中呈現萬物的界線總是曖昧的，如人的關係會不斷的質變而非固守於傳統，也如非二元性別的情慾展演跳脫被邊緣化的框架。也曾獲2015年台南新藝獎首獎殊榮。
✠ Huang Chih-Cheng (Taiwan)
Holds an MFA in Fine Arts from Tunghai University. His works often employ collage and mixed media such as gold and silver foil. He explores the ambiguity of boundaries—relationships that constantly transform rather than remain fixed, much like the performative expressions of non-binary gender identities that transcend marginalizing frameworks.He was also awarded the First Prize at the 2015 Tainan New Art Award.
展出作品
《揣測》 / Guess
2023, 33x 20 cm, 韓國壯紙、墨、顏料墨水、複合媒材、鋁箔、油畫、壓克力 Korean Jangji paper, ink, pigment ink, mixed media, aluminum foil, oil, acrylic
⸻
✠台灣藝術家 {林書楷}
北藝大美術學系繪畫組碩士，系列作品圍繞在將父親的華慶鑄物廠（於前年正式拆除）當中被淘汰的模具，並重新將其畫上圖樣與上色，大型限地作品多堆疊成一棟棟房子、一座城市，此件展出作品也為其系列中中型尺寸盒裝裱系列，有別於小木盒系列作品。目前也剛被德鴻畫廊帶往韓國參展完2025首爾KIAF藝博。
✠ Lin Shu-Kai (Taiwan)
Earned an MFA in Painting from Taipei National University of the Arts. His series centers on molds discarded from his father’s foundry (demolished the year before last), which he reinterprets through painted patterns and coloration. His large-scale site-specific installations resemble stacked houses or cities. This exhibition features a mid-sized boxed work from the series, distinct from his smaller wooden box works.Most recently, He was represented by Der Horng Gallery to participate in the 2025 KIAF Seoul .
展出作品
《陽台文明城市-19》 / Balcony City Civilization Quote Series XZX
2021, 88x 63 cm, 複合媒材 Mixed media
⸻
✠台灣藝術家 {王挺宇}
畢業於東海大學美術研究所，曾於2008年台北美術獎、2010年高雄美術獎皆獲得首獎殊榮，善以壓克力堆疊技法表現神話、星座、古文明的迷人意象。
✠ Wang Ting-Yu (Taiwan)
MFA graduate from Tunghai University. Recipient of first prizes at the Taipei Art Awards (2008) and the Kaohsiung Art Awards (2010). Known for his use of acrylic layering techniques to conjure captivating imagery of mythology, constellations, and ancient civilizations.
展出作品
《幻之聖牛#2》 / Phantom Taurus #2
2022, 19x 6x 18 cm, 樹脂上漆 Resin with lacquer finish
⸻
✠台灣藝術家 {彭思錡}
出生於台灣桃園，畢業於台北藝術大學美術系碩士，創作養分來自東方的書畫裝裱、工藝精神，為了探索書畫經驗的可能，作品多以複合媒材、空間裝置實踐，並帶入日常親密物件。本系列作品運用紙漿及瓷漿融合塗於構樹與血桐的葉片上，再行燒製至葉片與紙漿纖維消逝於中，再行金屬釉藥下彩燒製，成為獨一無二精巧細緻的仿生態陶瓷。也曾獲2023台北美術獎入選。
✠ Peng Si-Qi (Taiwan)
Born in 1995 in Taoyuan, Taiwan,
Peng Si-qi is inspired by the mounting and binding techniques for calligraphy and paintings as well as the craftsmanship of the East. Her works often take the forms of mixed media and space installations, involving familiar everyday objects hinting at the personal emotions and the ebb and flow of life. The series of works employs pulp and porcelain slip applied to leaves of paper mulberry and tung trees, later fired to erase the organic material and fix the traces. With metallic glazes and underglaze firing, she produces unique and delicate bio-inspired ceramics.She was also shortlisted for the 2023 Taipei Art Awards.
展出作品
《輪廓-眾生 XIV》 / Sentient Beings XIV
2023, 19.5x 11.5x 4 cm, 陶瓷 Ceramic"
https://artemperor.tw/tidbits/19042,台灣，台北市,日升月鴻畫廊【你說，【桃花源】該是什麼樣的？,https://d2onjhd726mt7c.cloudfront.net/images/datas/000/121/665/252izib16ktnvfgxupuvqkpnrh09r0lk_800x420^.jpg,2025-11-15 ~ 2025-12-13,台北市大安區仁愛路四段115號1樓,https://www.facebook.com/EverHarvestArtGallery/?locale=zh_TW,林宏信,"「無何有之鄉」：林宏信當代繪畫的形而上學與觀看重構
導言
在林宏信的繪畫創作中，展現的不再是對物理世界的擬仿再現，而是如何透過光、色調、筆觸、造形、留空、時間性等，甚至數位時代課題之間的生成關係，思考如何符應時代性與驗證的存在場域。它所開展的一種超越再現（représentation）的「感知實踐」，如此的創作形式思維方法論不僅回應莊子「無何有」的形而上思維，也回應德勒茲（Gilles Deleuze）關於「生成」（devenir）與「摺疊」（le pli）的理論形成互文。本文亦將林宏信作品置於班雅明（Walter Benjamin）所揭示的「靈光」（aura）消逝與布希亞（Jean Baudrillard）「擬像」理論脈絡中，探討繪畫如何於數位影像主導的時代進行重構觀看的倫理與身體經驗。也在於指出，「無何有之鄉」並非逃避現代性的退隱，而是一種在地性思維中持續生成演繹的形而上實踐，繪畫作為感知存有的體證，亦是人類世（Anthropocene）之視覺感知的再書寫。
「無何有之鄉」作為其個展展題，並非對古典哲思的再譯，而是一次當代繪畫創新實踐的生成問題的探索。莊子筆下的「無何有」原為「虛而待物」的境地；一種不以實有為限的潛能之場。林宏信乃以此概念為引，將老莊的虛靜哲思轉化為繪畫中的動勢；在筆觸的錯位、顏色的間隙、形（影）像的裂解與結構化造形之間，開啟了在「他處」，一種真實物質引介，以達至虛擬勿托邦的自由場域。
在此展覽中，也不僅止於作品形式課題的探索，進一步對「觀看自身」的生成倫理重新看待。德勒茲的「摺疊」觀念在此獲得視覺實踐的回聲；每一道筆觸、每一層影像的交疊，都是存在摺入自身的運動，使畫面成為一個「多重現實的場域」與「迴圈」。如此的繪畫拒絕固有穩定的主體觀看模式，而是如其畫面形象，總有著以一種「去面容化」（déterritorialisation du visage）的他者，一種繪畫新圖像語彙來讓「觀看」得是「看見」，並與斷裂間隙重構著某種新自由觀視。
另一方面，當代數位影像不再受限於傳統攝影的物質性及其顯影、轉印載體的複製、傳播，數位相機感應光線的方式與人眼不同，它只是記錄感應到的光量，對光線的感受度呈線性關係，與人感受有所不同。而其可無窮盡的複製更消解了繪畫作品的時間性與唯一性。若以班雅明的「靈光」概念觀之，林宏信的作品可被視為對大眾傳媒影像時代的一種註腳。藝術家除了透過繪畫的物質性操作、結構性凝練而重建了時間的厚度與感知的深度。筆觸、色彩、形象、造形在此不僅是純熟技法的書寫痕跡，更是時間流動的體證：一種抵禦人因照明或其載體勿托邦虛擬化的存在姿態。於是，「靈光」不再消逝，而在裂縫形式中重生。
〈無何有之鄉〉所召喚的，既是莊子「無待而自得」的無為，東方形而上哲思的再生。也如上述適得其所地呼應德勒茲的「生成」與班雅明的「靈光」觀念，換句話說，這個題旨並非古典的復古，而是對當代繪畫觀看課題與存在論的再詮釋。林宏信的繪畫將「無何有」轉化為感知之場：在形象間離裂縫與影像幻化層疊之間，繪畫不僅僅是再現，更是生成課題。在這個生成的運動裡，藝術不僅回應當下數位影像的過溢，更提出一種關於自由與「靈光」的倫理思考。
幾次與林宏信閒聊中，他常表達其繪畫創作就是一種負有使命的在地提議。他持續以繪畫作為其創作的場域，且創作旅程本來就如黃粱一夢短瞬即逝，所以得為當下我們生活的時代，或畫畫時的剎那間停駐觀看時，給自己的創作賦予價值。我們得繼續創新創作以有意義的活在各自的時代中，且作品亦或許可以提供一個契機，讓大家探問當下在影像洪流中的人們，如何重新抵達個體的「觀自在」。這種自由並非逃逸於現實之外，而是從碎裂的圖像中再度構築自我與世界的關係。林宏信意欲藉此展覽邀請我們前往「無何有之鄉」：並非遠方的桃花源，而是每一次觀看，每一筆生成之中，那片在虛無裡綻放的自由之地。
文論
「無何有之鄉」出自《莊子·逍遙遊》，是「虛而待物」的境界，一種「無所不有」的潛能之場，自在無待的存在之境。在林宏信的繪畫語境中，莊子哲思語彙被重新召喚，成為其對當代視覺秩序與身分認知的挑戰與回應。此展覽並非單純地以東方思維為象徵題旨，而是藉莊子的形而上學思作為思考支點，構築一場「繪畫作為生成」的形式思維探問：在影像飽和、數位構築的視文化時代，繪畫除了創新，還如何能開啟自為自在感知的可能？
一、林宏信繪畫創作脈絡的生成
林宏信的繪畫之所以在當代藝術語境中佔有一席之地，並不僅因其形式語彙的純熟與風格辨識度，而在於他始終以創作作為一種「觀看的哲思實踐」，是對「觀看如何可能」的長期探問。此脈絡如同在召喚梅洛-龐蒂（Maurice Merleau-Ponty）的《間接語言及沉默之聲》（Le langage indirect et les voix du silence）的感知視觸，揭示了知覺的身體性以及身體的意向性。
在開始創作初期，林宏信關注人物與具象景觀的形象性，然而那並非固有肖像畫的延續，而是被時代光影侵蝕的匿名存在。他筆下的形象多半靜默、孤立，在灰階背景中被光線消蝕，呈現一種存在的邊界狀態。漸漸的畫面中的這些人物如同基弗（Anselm Kiefer）畫布上被歷史灰燼覆蓋的神話，或霍普（Edward Hopper）式的現代孤寂。林宏信並未流於救贖式的情感抒發，而是以稍具冷冽色面、筆觸轉化為「觀看的倫理學」；正如班雅明在論「靈光」時所言，藝術的價值並非源自再現，而在於觀看與距離之間的餘暉光暈。
在林宏信投入設計領域時期與數位世界時代接觸之後，逐漸的他的繪畫演繹出一場觀看結構的根本轉折。當影像被數位演算、即時傳播與媒介化之後，人類的視覺經驗逐漸被規訓與擬物化。布希亞指出在「超真實」（hyperreal）的時代，影像不再反映現實，而取代現實成為其「模擬物」。林宏信敏銳地捕捉到這種特質，並以繪畫形式語言予以回應；他讓畫面中之造形產生裂解與生成形式，人物的臉或被部分遮蔽、被裂解，或陷入失焦的噪點之中，觀看的主體因而陷入不確定的狀態。這樣的「不定型」成為他對媒介化現象有力的回應。在此意義上，他的作品形成了一種「觀看的迴圈」：觀者凝視畫面，而畫中那「去面容化」的形象又反向凝視觀者，構成自身與他者之間的反身結構。德勒茲在《摺疊：萊布尼茲與巴洛克》一書（Le pli - Leibniz et le baroque）指出，世界的形象不再是一個平面，而是一種不斷摺入自身的運動。林宏信的畫面正是這種摺疊的視覺演繹；空間的前後、主體與客體的界線被解構，繪畫轉化為主體觀看與畫面自身的回聲的形式思維。此種「被觀看的空間」顯示出觀看權力的悖論：當影像被吸納化於形式中、再現與傳輸，真正的觀看反而轉向內在的凝視。
林宏信在創作成熟期時，更常引入數位影像特質作為畫面構成之對話對象，運用3D掃描、影像修飾與數位差錯（glitch）技術，使繪畫與科技介面產生新的張力。這樣的介入不僅讓繪畫語言產生位移，也開啟對繪畫「真實性」的再定義。布希亞提及的「真實已死，僅剩模擬之流」，而林宏信的創作恰恰在模擬與物質性之間重構了繪畫的「靈光」。筆觸的肌理與像素的差錯（毛刺）相互滲透，使繪畫成為抵抗超真實的手段；他以繪畫的（不定型）延宕對抗數位影像的即時，以物質的阻力對抗演算法的流通。林宏信對「圖畫」本身的思考也促使其繪畫獲得一種新的「族語」；介於手工操作勞動與演算法之間、物質與虛擬之間的作品語彙。這樣的繪畫，是在後影像時代對繪畫本質的再提議。
近年的作品則進一步轉向趨簡與「勿托邦（Ametropia）空間」的美學。寫實手法的人物逐漸遜位，畫面成為不定型形象與幾何構造、光與氣流的流動之地。這樣的「勿托邦」並非形式上的減法，而是莊子所謂「無何有」的生成之境。畫面中裂縫的存在不再是破碎，而是光滲入的通道，一種「虛室生白」的狀態，林宏信的畫面正是在這種「生白」的過程中，讓光與意識重新流動。畫中裂縫與間隙不只是形式的斷裂，更成為思考的通道。那是繪畫於無聲處的語言，一種在「無何有」中生成的自由感。使觀看者在凝視中體驗形而上與形而下的共振。這樣的「無何有」正如德勒茲所謂的「差異之場」（champ de différence），並非空無，而是生成的潛能。
當林宏信讓畫面墜入一種無何有的「非地方」（non-lieu），那種空間的曖昧性與距離感，反而產生出一種超越具體場域的形而上空間。這不僅是觀看的空間，更是被觀看的空間；一個存在於意識邊界、形而上與形而下之間的視覺中介地帶。
林宏信並非烏托邦式的逃逸者。他的「無何有之鄉」其實是一種對當代現實的冷冽無體溫的回應；一個「被看見的勿托邦」，在其中形象與影像、現實與虛擬共存於漂浮狀態。正如班雅明警示的「技術再現使靈光消逝，但也開啟了新的感知形式」。林宏信的繪畫，正是在「靈光」殘餘的裂縫中重建感知。他以畫筆回應時代的速度，以靜觀抵抗喧囂，讓繪畫重新成為思考與感知的場域。
在如此的創作語境下，林宏信的繪畫實踐不僅是一種形式的創新，更是一種關於當代繪畫可能性的提問。當數位圖像主宰感官世界，他的繪畫卻以一種專業的族裔認同的姿態提醒我們：觀看仍是一種倫理的行動，一種在觀視與感知、物質性與非物質性之間生成的過程。那「無何有之鄉」，並非遠方的桃花源，而是每一次凝視自身的瞬間；在觀看的深處，一個新的繪畫時代即在生成。
二、「生成的摺疊運動」繪畫語法
「無何有」此觀念在林宏信的創作中當轉譯為繪畫之生成課題的實踐，當我們觀看他的作品的當下現實，在在呈現形象在消逝中延異、影像在裂縫中滲出，形式不斷地有著流變與生成的運動。形象的裂解與重組並非破壞，而是一種生成的摺疊運動；現實影像、數位噪點、具象軀體與虛構空間不斷摺入彼此，構成一種「差異的褶皺」。體現德勒茲所謂的核心在於流變與生成，而非固定的同一性之「差異即存在」。其指出「生成」是差異的運動，是存在不斷摺疊自身的過程。對他而言「摺疊」象徵世界的內在運動；在其中，感知與物質、靈魂與身體互為流動。林宏信的繪畫不再是約定俗成的，而是開啟如此的「多重現實的場域」；在其中，「存在」不僅不受限於實體基礎，更以感知的流動為核心。
林宏信畫筆下的人物經常呈現一種「臉之去形化」（de-face）的過程。臉面在他的畫筆下並非個體認同的表徵，而是如德勒茲與瓜達里（Pierre-Félix Guattari）所言的「去面容化」（déterritorialisation du visage）運動：他們在《千高原》(Mille Plateaux)中指出，臉孔是社會機器的節點，是權力馴化的圖像界面。畫家畫筆下那些「被半遮蔽、裂解的臉」，並非個體的失落，而是一種對主體的解構。去除身份之形，回到感知之純。它是一種解構社會機器對主體的控制方式，使「觀看」重新回到感官與知覺的自由遊動。在這樣的「去面容化」過程中，觀者面對的不再是可辨識的他者，而是潛動於感知之中的「無何有」；一種在曖昧不明、間離與裂縫之中生成的新存在狀態。林宏信的創作一如既往仍試圖尋找一處可棲之地。
三、「靈光」的消逝與重生
班雅明在〈機械複製時代的藝術作品〉中指出，影像的技術再現導致了「靈光」消逝，藝術失去了與物理真實時間、空間的獨特特質；即是那種「此時此地」（hic et nunc）的獨特存在性。林宏信的繪畫恰是在當代靈光消逝的廢墟上，嘗試重構「靈光」的可能。任一當代影像不再殊異獨有，反而氾濫成一種視覺噪音；然而，畫家透過繪畫的手操作勞動性、顏料的物質性與筆觸的書寫性，重新召回那「不可再現的瞬間」。他的筆觸不是對影像的修補，而是一種對「時間性」的積澱；每一層顏料的疊加、每一次形象的曖昧不明，都是對班雅明式失落的「此時此地」的逆襲。
如此的繪畫倫理不僅對抗機械複製的本真性的消彌，更在數位時代的超真實（hyperreality）之中，尋求一種存在的深度。林宏信的作品讓觀者在觀看中經歷「靈光」的重生：影像雖源自科技與媒介，卻因繪畫的筆觸書寫與物質肌理，重新獲得了光暈隱秘地照臨。這樣的作品並非現代性懷舊的再現，而是如班雅明所謂的「歷史碎片的閃光」；在破碎之中開顯真實。
四、觀看的重構
二次戰後法蘭克福學派認為由於在當時工業和科技的發展，形成藝術在資本主義社會中，逐漸變成如馬庫色（Herbert Marcuse）指摘的複製、傳輸大眾化和商業化使之導致人和文化的單向度。換言之，時人某種現代性的危機在於「觀看的單向度化」。有鑒於於此批判立場的影響，林宏信的「無何有之鄉」意欲重建一種如上述觀看的倫理。又當下視聽閱覽被數位影像與演算法包裹，視覺不再通往真實，而成為一種被規訓的依循經驗。因此塑造了林宏信繪畫構成中的形象及其形式，一邊抵禦、抗衡此現象，一邊則以解構性構築來拆解頻臨內爆的數位傳媒。如此以重構觀看模式：臉孔裂解以捨棄身份對位、空間被摺疊、形象被裂解，觀者迴圈觀視等，進入一種「非敘事的觀看」。如此的「摺疊」觀看方式，繪畫成為一種延展的內在平面（plan d’immanence），存在的每一層都再摺入另一層，觀看者與畫面、現實與虛擬不再分離。其中物質、時間、記憶、數位各種現實層次互為摺痕。觀者的凝視在摺疊中形成某種勿托邦，也在觀看中再度生成此時此刻的可視可感。因此林宏信作品所重構的觀看，我們可以視其為「觀看的事件」，一種介於物質化影像與殊異的繪畫創作意識之間的生成過程。
五、人類世座標
繪畫史，始終是一部「觀看方式的演變史」。自文藝復興以降，繪畫被賦予了再現現實的任務，而十九世紀以後攝影與電影的發展，則徹底動搖了這一再現體系。隨著機械複製與科技技術的普及，繪畫的角色由「擬仿再現」因應轉變成為「造形形式思維」。台灣當代藝術場域或許也已開始關注人類世的「機敏感知的分享」（le partage du sensible），或許也是因為洪席耶（Jacques Rancière)造訪台灣的系列活動影響，人類世時代的藝術，標誌著人的新處境及其造就的技術世紀不再是中心，而是前者成為某種「混種嵌合」的狀態，後者則為多重系統中的一個節點，個體或許更趨向去固有之身份認同，而以一種持續「生成」的流動狀態，以應對本源自然、人類世科技和其他非人類建立跨盟的複雜性。林宏信畫中那些去面容的人物與裂解的身影，已經揭示了主體的去中心化，且「人—機—影像」共構關係逐漸成為其思考的座標。
人類世在當代社會已經進入某種不在參照現實的符號與影像構成的「超真實」世界，布希亞在《擬像與仿真》中指出，當代社會的影像不再反映真實，而是「以仿真取代了現實」。林宏信的作品正處於這種擬像與真實之間的狹縫：畫面既似影像，又拒絕成為影像。其作品殊異獨特的形式存在提醒我們，還有一種「抵抗被取代的真實」在繪畫中發生。
從倫理層面來看，林宏信的創作與布拉伊多蒂（Rosi Braidotti） 的「後人類生成倫理學」不謀而合。布拉伊多蒂認為後人類的倫理不應是悲觀的反烏托邦，而是一種科技與「肉身」（梅洛-龐蒂）互為關係的生成流動型態。畫家畫筆下的裂縫與流動，正是這種生成性的隱喻；它們不象徵崩毀，而是符應時代跨型態的網絡連結。
當代人類世藝術強調人類技術文明與科技環境、物質與技術的共生關係，莫頓（Timothy Morton） 所謂的「超物體」（hyperobject），正可用以理解林宏信作品中某種跨越個體與流動感：畫面中的霧灰、裂縫、光影，都是人與科技世界共構的痕跡。林宏信以繪畫作為思維的容器，讓東方的「無何有」與人類世的「共生」在作品中交會。
林宏信的創作正位於這條軸線的後端；在當代與人類世的交界處。他的作品既保存了繪畫的「靈光」，又深刻內化了數位影像的生成邏輯。這種矛盾的共存，使他成為東方語境中少見的「後媒介畫家」：在顏料與像素之間，他尋找著一種超越技術的感知秩序。如德勒茲在《摺疊》中所言，「世界並非由實體構成，而是由無限次的摺疊與展開所組成」。林宏信畫筆下的畫面正是這種摺疊的視覺化：顏料的流動、筆痕的錯位與空間的模糊，共同構成一個多層次的生成場。這樣的繪畫不再追求穩定的形象，而讓「形象在生成之中」成為存在自身的運動。這樣的觀看視覺思維，進一步延伸至人類世的討論維度。當技術滲透現象、數據取代經驗，人類在地球生態與數位環境中皆成為複雜系統的一環。藝術家以畫布為介面，使人與技術、現象與數據重新構築。裂解不再是崩毀，而是共生的象徵。筆觸與像素的共構，呈現出一種「人機混融」的，既是科技的產物，也是人類主義者最後的棲居之所的嵌合共生圖像學。
六、「數位考古學」
林宏信的繪畫特質也深植於在地哲思的「無何有」之思想。一種天賦DNA潛能的生成場。他在當代語境中重新詮釋此義，讓「虛無」成為對抗過度數位圖像化世界的一種美學姿態。這種觀看的舒緩性，使林宏信的繪畫成為一種修煉，也成為數位餵養焦慮時代中的靜觀喘息空間。
在影像無所不在的時代，繪畫的挑戰在於如何重新驗證自身的必要性。林宏信是以繪畫介入影像的生成結構。他將數位掃描、AI生成差錯、像素噪點等技術殘餘，轉化為筆觸的語彙。這並非模仿，而是一種「數位考古學」：透過手工操作之有機性勞動的繪畫去揭示數位的原鄉。然而，林宏信的筆觸恰恰在複製性影像的洪流中重構了「靈光」。他的畫面並非恢復「原作」的權威，而是在裂縫、延遲與曖昧中，讓過程、時間性重新可感可知。從藝術史的角度來看，這樣的創作實踐與克勞斯（Rosalind Krauss） 所提出的「後媒介條件」相互呼應；藝術不再依附於單一媒介，而是在跨媒介的介面中自我反思。林宏信的繪畫正是這樣的「介面性繪畫」，畫布成為科技、身體與思維交會的場所。
如此的數位考古與前置的數位領域手法參與其中的繪畫，正如班雅明所謂的「視覺沉思」：一種讓感知從現實世界的數位化（機械複製）慣性中解放的過程。觀者在畫前既被邀請也被遺留畫中：被邀請進入畫中的「無何有」世界，同時又被遺留於現實的數位世界的邊界。這種雙重狀態，使林宏信的作品成為觀看與思考的中介，而關鍵即在於其創作所提出的一種「數位考古模式」參與構做新觀點，這正是當下大眾傳媒視文化時代的表徵詮釋。
七、繪畫形式辯證
光影構成
具體而言在林宏信的畫面形式中，經由色面（調）、筆觸、形象與留空構築形成一種「潛在之場」（field of potentiality）；他讓顏料在色面（相）交界、乾濕、厚薄之間滲透、變形，進而形成某種造形微調、感官知覺辨證的形式語彙。他也同時佈局畫中的「留空」，其並非是缺席狀態，而是生成的能量場，與東亞書寫美學中的「留白」、光影等「虛」質性相通。
若說林宏信的創作是一種生成存在的修辭，那麼他畫筆下的光影構成，便是那修辭中的無聲卻關鍵語氣詞。光影在他的畫面中，既非象徵，也非物理現象，而是一種「生成中的存在」。它不來自於天際，而是由畫布內部的形式構成滲出。林宏信畫中的光即是「照無形」之境，將畫布化為可供呼吸與沈思的薄膜。觀者在觀看中並非僅「看」，而是「被看見」；被光包覆、滲透，形成一種互為的感知結構。此亦呼應梅洛–龐蒂（Maurice Merleau-Ponty）「可見與不可見」的互感與「肉身」交織理論：觀看是身體與繪畫世界的回返迴圈。
關於「回返的感知」，此觀點在呈顯其繪畫超越圖像再現，成為一種「留空」、光影時間的生存體（living temporality）。光影的生成不再僅來自於物理外界，而是時間形式、性質的自我現形：一種「寂而明」的觀看視覺思維。
時間流變
「無何有之鄉」的每一幅畫的時間性既靜止又流動，既透明又厚重。
在林宏信的繪畫中，每一道畫筆留痕都是時間的摺痕，每層顏料的堆疊都驗證物質積澱的層疊，每個手勢的勞動都體呈手操作狀態時間。如此的貫時操作歷程，作品的終點目的卻非線性的時間感知，而是畫面空間場域中的積澱式的共時時間。因而使繪畫成為「時間之厚度」的可視化，積澱式時間的可感可知。猶如德勒茲於《影像-運動》（L’Image-mouvement）所言，關注其感知與行動，影像是情感知覺「運動的時間」（time-in-motion）。
結論
林宏信的繪畫在古典與當代、虛無與技術之間構築出一條殊異的形式思維連線：從莊子的「無待而自得」，到班雅明的「靈光」消逝，再到德勒茲的「生成摺疊」，他以繪畫作為存有本體論的實踐場所，使東方形而上學與西方思維在畫面中交錯共鳴。
在長期與藝術家的互動中，林宏信屢次提及其創作亦回應台灣當代藝術「在地性」與「全球性」之間的辯證。他拒絕以政治符號化的「台灣」再現，而以思辨方式將「在地」理解為「生成的方式」。這樣的「在地生成」呼應拉圖（Bruno Latour）於人類世討論中的「我們從未現代過」觀點； 林宏信的繪畫讓現象、時間與人重新折疊為一個共感體（sympoietic entity）。
在林宏信的創作語彙的「生成」形式構作中，對於繪畫作為物理世界的擬仿再現的傳統，提出了破繭而出的課題。誠如德勒茲所指出的「無器官的身體」（corps sans organes）：一個不斷變形的能量場。在林宏信的〈疾風勁草書勢〉中，形、色、筆觸造就的如若被數位轉譯，彷彿同時是肌理又是演算法的痕跡；在〈兀自的噴著火〉裡，人物被扭曲成模糊的殘影，火焰化為資訊錯誤的閃爍光譜。此種裂解形式既是物質的，又是觀念的，既是技術的，又是感知的。若以班雅明的觀點觀之，這樣的圖像裂解正是對「靈光」之失的回應。班雅明在〈機械複製時代的藝術作品〉中指出影像的可複製性使作品的真實與儀式性消逝。然而，林宏信卻以逆向的方式重建「靈光」；在數位影像的冷峻平面上，重新召喚圖畫溫度的物質性。筆觸不僅是形式的手勢勞動，更是有機操作時間的沉積；那種畫筆下的脈動呼吸，使被演算法壓縮的現實重新恢復了「此在」的感知深度。於是，「靈光」不再依附於唯一的原作，而在裂縫中、在延遲的像素裡，獲得新的生成方式。
如德勒茲一再標識的；藝術不是再現世界，而是創造立於大地的感知觸動。林宏信的繪畫，正是這種生成形式思維，它讓繪畫世界在觀者凝視靜默中被重新看見，也讓繪畫在擬像時代中恢復作為存在體現的驗證。總而言之，林宏信透過其繪畫作品使我們重新思考觀看、存在與生成的關係，是一種觀看倫理的實踐。這種感知倫理超越了以人類中為心的美學，轉而進入後人類的嵌合生成視野。
參考書目：
莊子《逍遙遊》是「內篇」的第一篇，即《莊子》一書的首篇。
布希亞（Jean Baudrillard），《擬像與仿真》，蔡佩君譯（台北：時報出版，1994）。
班雅明（Walter Benjamin），〈機械複製時代的藝術作品〉，《啟迪》，洪天富譯（台北：聯經出版，2009）。
德勒茲（Gilles Deleuze），《摺疊：萊布尼茲與巴洛克》，王曉宇譯（台北：商周出版，2002）。
Braidotti, R., (2015). Le posthumain (F. Bouillot, trad.). Paris, Presses Universitaires de France.
Deleuze, G., ＆ Guattari, F., (1980). Mille plateaux : Capitalisme et schizophrénie, Paris, Les Éditions de Minuit.
Deleuze, G., (1983). Cinéma 1 - L＆#039;image-mouvement, Paris, Les Éditions de Minuit.
Deleuze, G., (1985). Cinéma 2 : L＆#039;image-temps, Paris, Les Éditions de Minuit.
Deleuze, G., (1988). Le pli : Leibniz et le baroque, Paris, Les Éditions de Minuit.
Latour, B., (1991). Nous n’avons jamais été modernes : Essai d’anthropologie symétrique. Paris, La Découverte.
Morton T., (2013). Hyperobjects : Philosophy and Ecology after the End of the World. Minneapolis : University of Minnesota Press.
你說，《桃花源》 該是什麼樣的？ ｜林宏信個展
▍開 幕｜2025.11.15（六）15：00 p.m.
▍展 期｜2025.11.15（六） - 2025.12.13（六）
▍座 談｜2025.11.22（六）14：00 p.m.
▍主 題｜「無何有之鄉」
▍與談人｜陳志誠（國立臺灣藝術大學校長）
▍地 點｜日升月鴻畫廊"
https://artemperor.tw/tidbits/19091,台灣，桃園市,隱藝空間工作室【從安地斯至東北角Nicolás López 個展】From the Andes to the Northeast Coast: The Art of Nicolás López,https://d2onjhd726mt7c.cloudfront.net/images/datas/000/121/546/t30yqtc266c4jfhcdm897zurl3nly85x_800x420^.jpg,2025-11-12 ~ 2025-12-14,桃園市大園區大仁路48號,https://www.facebook.com/EverHarvestArtGallery/?locale=zh_TW,Nicolás López,"《從安地斯至東北角：Nicolás López 個展》
From the Andes to the Northeast Coast: The Art of Nicolás López
** 從安地斯山脈到台灣海岸
來自祕魯的López，以獨到的筆觸與色彩節奏描繪人與土地之間的深層聯繫。其創作橫跨南美洲與亞洲，從安地斯山脈的光影，到台灣九份山城與東北角海岸的廟宇景致，呈現出跨文化的視覺詩意。
López的作品融合地景與情感的層次，藉由光影的轉換與色彩的律動，捕捉地方精神與內在感受。他筆下的世界，既真實又夢幻，在強烈的色彩節奏中蘊藏溫柔的情感脈動。
對 López 而言，繪畫不僅是旅途風景的記錄，更是心靈流動與世界共鳴的展現。他以畫筆串聯兩地文化的能量，讓觀者在色彩的交錯中，感受到時間、土地與生命的共鳴。
** 2025.11.16（Sun） 14:30-開幕式暨創作示範-
在開幕當天，藝術家將現場進行創作示範（Demonstration），
讓觀者親身感受他以水、色、氣流所構築的獨特筆觸與心靈節奏。
這不僅是一場展覽，更是一段關於「海」與「人」的即時對話。
? 展覽資訊
展  覽  名  稱｜從安地斯至東北角：Nicolás López 個展
展  覽  日  期｜2025.11.12（Wed）－12.14（Sun）
開幕暨創作示範｜2025.11.16（Sun）14:30
展  出  地  點｜隱藝術 Yin Artspace/桃園市大園區大仁路48號
開  放  時  間｜11:00－18:00（週二休館）"
https://artemperor.tw/tidbits/19007,台灣，台中市,74藝術中心【擇器論茶】吳。賴茶席器展,https://d2onjhd726mt7c.cloudfront.net/images/datas/000/121/149/ernysyfur1i0dodz5qcinhb92fdws6n4_800x420^.jpg,2025-10-14 ~ 2025-12-14,台中巿北屯區環中東路二段597號,https://www.74artcenter.com/,吳明儀賴秀桃,"對茶湯盈盞，不只承於葉與水，也藏於壺之形色之間。「茶因器彰，器因茶顯。」茶與器的結合，不僅是實用的選擇，更是審美、品味與文化的對話。本展「擇器論茶」，由吳明儀與賴秀桃兩位茶陶創作者一女一男，一陰一陽以對話之姿共同呈現他們對茶器的理解與實踐。自2018、2019年「太極」、「擇器論茶」雙人茶席展演後，首次以茶陶茶席作品聯袂展出。
茶‧陶相對論
吳明儀以學術研究發表「影響泡茶茶湯之因素」、「陶瓷茶壺燒成溫度對茶湯影響」、「茶葉儲存不同燒成溫度陶瓷茶倉之品質影響」，透過實驗調配適應泥料，以無形文化資產製陶技術-車做，或手揑成型壺身，手工揑塑嘴、把、鈕，組合個人風格特色創作壺，以「吳」象形字設計-吳題壺、8字提樑龍罐壺…，再以礦釉、柴燒自然落灰釉裝飾高溫燒成，賦予應用功能、設計美學兼具。
在花鳥之壺中，尋茶與器的相契之道
賴秀桃以擇器壼為基礎，多年於「陶藝源地」耕耘，與大自然為伍感受到豐富的中低海拔生態，加入花、鳥、植物為創作元素，輔以仿真手法，器身上的鳥語花香與植物線條，不只是裝飾，更象徵著自然之意與人心之境。
兩人風格迥異，卻都回歸於「茶為本，器為載」的初心，茶道講求「因茶擇器」的精神，兩位陶藝家相信每一把壺，皆有它適配的一盞茶。同時也希望賞者在凝視每一件器物的生成，體會泥土、火焰與創作者心意的交融之美，為自己的茶湯，找到最契合的那把壺。展場在74藝術中心展出，展期自10月14日到12月14日止，開幕茶會暨記者會將於10/19下午兩點將在74藝術中心舉行，74藝術中心偕作者敬邀各位先進與好友一同來參加指教。"
https://artemperor.tw/tidbits/19058,台灣，台南市,102當代藝術空間【102收藏展】,https://d2onjhd726mt7c.cloudfront.net/images/datas/000/121/411/o39fmvj2ns58njhsfuwtlluyppocvc0n_800x420^.jpg,2025-09-20 ~ 2025-12-14,717台南市仁德區成功三街102號,https://www.74artcenter.com/,鄭建昌、蔡獻友、謝其昌、戴明德、莊連東、賴美華、朱銘、廖修平、楊炯杕、高雅婷、鍾江澤、伊誕‧巴瓦瓦隆、黃郁生、黃品玲、李裕源、Guillem Juan、蘇志徹、席德進、鄭瓊娟、李重重,"【102收藏展】
102 Art Gallery Collection Exhibition
展期｜2025.09.20（六）－2025.12.14（日）
地點｜102當代藝術空間"
https://artemperor.tw/tidbits/19180,台灣，台南市,應力空間【公共溫泉私領域】李珮瑜個展,https://d2onjhd726mt7c.cloudfront.net/images/datas/000/122/019/u6s0httymwrjkyda8xf42z9gg53on4cm_800x420^.jpg,2025-11-08 ~ 2025-12-14,應力空間（台南市中西區民權路二段64巷56號3F）,https://www.tuxingstudio.com/,李珮瑜,"公共溫泉私領域 - 李珮瑜個展
Hot Spring, Private Water - Lee Pei-Yu Solo Exhibition
▎時間：2025/11/08（六）- 12/14（日）
▎開幕時間：2025/11/08（六）15:00
▎閉幕座談12/14黃瀞瑩、杜依玲（長椅小姐）
▎公休：每週三四 (Closed on Wed ＆ Thu)
▎地點：台南市中西區民權路二段64巷56號3F
▎藝術家： 李珮瑜Lee Pei-Yu
▎主辦單位：應力空間、土星工作室
▎展覽介紹
2023年我搬到了北部生活，因緣際會下認識了金山這個地方，走過陽金公路，南部囡仔看到冒煙的山驚豔不已，地熱資源造就了金山公共溫泉日常洗身軀的文化。
溫泉上色的泉池與被染色的洗沐塑膠盆器，在蒸騰的水氣中與年長者女性的身體，融合出獨特的公共場域中的私密經驗。  金山小小的地方有五座不同泉質、不同裝修、不同文化的公共浴池，每一次踏入陌生的浴池，都要察言觀色順應居民們習慣，而這個陌生感如同身在陌生環境中的赤裸感，在這裡變的具體且肉身赤裸。
In 2023, I moved to northern Taiwan, and by chance came to know the place called Jinshan. Traveling along the Yangjin Highway, I, a southerner, was amazed to see mountains that actually emit steam — the geothermal landscape giving rise to a local bathing culture centered on public hot springs.
The mineral-rich water has tinted the pools and even dyed the plastic basins used for washing, and within the rising mist, the bodies of elderly women merge with this vaporous environment, forming a unique experience of privacy within a public space.
In this small town of Jinshan, there are five public bathhouses — each with distinct spring qualities, interior designs, and bathing customs. Every time I step into an unfamiliar bath, I must carefully observe and adapt to the habits of the locals. This sense of unfamiliarity, much like the feeling of nakedness in an unknown environment, becomes both tangible and bodily real here.
▎藝術家介紹  Artist Introduction
李珮瑜
1993年⽣於⾼雄
畢業於台南藝術⼤學材質創作與設計系
⾼雄師範⼤學跨領域藝術研究所肄業
2017-2022經營替代空間「萬事屋」。2024出版《家和萬事屋How to build Bansu House》創作關注身體⾏為與材質間的運⽤，以此相互經驗來描述感覺感官的連結，主要媒材為⼟與陶。有著經營替代空間與社群⾏動的經驗，⾼雄⼈，現居台北八⾥。
創作關注社群與親密關係，將身體⾏為結合材質間的運⽤，以此相互經驗來描述感覺與感官的連結，主要媒材為⼟與陶述説感覺與感官間的連結。
2019作品《勝雄商⾏》翻製柑仔店的物件，透過燒製過程描繪家族記憶，作品重回⼤學時期修習的陶，著重⼟形成陶的過程中不同階段的技術，並且挪⽤其⽂化意義。2015代表作《請你吃⼟》以污染⼟製作成碗，將⼈與⼟地透過食器連結。個展 〈管寮時間〉(2020)、〈美國時間〉(2019)，以塑造場域、纖維、物件、⾏為計畫等…描述⽣命中時間的切⽚。2018獲選⽂化部洛杉磯「⼗八街藝術空間」駐村。2024年前往墨西哥邊境駐村，關注帝國主義與邊境的⽣活。"
https://artemperor.tw/tidbits/19194,台灣，台北市,曜畫廊【「1111 project」—— 徐莘｜等待夏至】1111 project: Waiting for Solstice  by SHYU Hsin,https://d2onjhd726mt7c.cloudfront.net/images/datas/000/122/118/j8vkqi2elr6fgzskk4ablbe9rne7p488_800x420^.jpg,2025-11-15 ~ 2025-12-14,曜畫廊  台北市敦化北路166號 文華精品三樓,https://www.accupass.com/event/2511140637411621307205,徐莘,"當夜不再黑暗，時間是否仍能被辨認？
2024年夏天，藝術家徐莘在冰島雷克雅維克駐村兩個月。
「極北之地，有光就有色彩與溫度，沒有光，一切都愁雲慘霧。持續整個夏季的光，模糊了日夜，讓人覺得身處在漫長而永不結束的一天。即使睡了又醒，窗外依舊是白日。」
夏至來臨前的一個月，她每晚午夜準時站上陽台，面向海，機械性地按下快門。「永晝的午夜」這樣看似悖論的存在——如果天是亮的，那還叫做夜嗎？
她拍攝、等待、凝視，像是為了驗證時間仍在流動，也像是在探尋著「夜晚」這一人為概念的邊界。
這段經驗最終化為作品《等待夏至》。徐莘憑藉記憶將無可比擬的天色轉譯為單刷版畫（monoprint），以光代墨，將影像投映於紙上。當手刷色彩與黑白影像疊合時，版畫的重複與變異性中，藝術家等待的果陀赴約了嗎？
一室一作，一期一會；在靜與動、恆常與流變之間，持續回應那個漫長而明亮的午夜。
藝術家在場｜徐莘「1111 project——等待夏至」
日期｜2025.12.07 (日) 15:00 – 16:30
藝術家｜徐莘
地點｜曜畫廊 Gallery de sol
費用｜免費參與 ( 座位有限請儘早報名 )"
https://artemperor.tw/tidbits/19130,台灣，台南市,新營文化中心【反身日常 Reflexivity of Daily Life—2024南瀛獎得主特展】,https://d2onjhd726mt7c.cloudfront.net/images/datas/000/121/738/7bxsdea02jtevp36ni7qwm53vwoo31os_800x420^.jpg,2025-11-07 ~ 2025-12-14,新營文化中心 第一、二、三畫廊（臺南市新營區中正路23號 ),https://www.accupass.com/event/2511140637411621307205,李迪權、廖昭豪、鄭子芸×張益誠,"策展人徐婉禎教授以「反身日常」Reflexivity of Daily Life 為展覽主題，為2024南瀛獎得主李迪權《聖徒》、廖昭豪《內牆風景採集計畫》、鄭子芸×張益誠的《我不是機器人I＆#039;m not a robot》三組藝術家之作品特徵來說明對於身處當代社會下，有關反身性的探討，讓觀者在參與藝術作品，同時獲得對日常生活中，對自身的信念、行為和判斷之反思。
.
開幕 ▍2025/11/15（六） 14:00
座談 ▍2025/12/6（六） 15:00
座談 主題 ▍當代藝術的反身日常 Reflexivity of Contemporary Art
與談人 ▍羅秀芝、許遠達
策展人 ▍徐婉禎
藝術家 ▍李迪權、廖昭豪、鄭子芸 X 張益誠"
https://artemperor.tw/tidbits/18875,台灣，新北市,新北市美術館【映於自然】胡達華、康添旺雙個展,https://d2onjhd726mt7c.cloudfront.net/images/datas/000/120/571/ija7r3ityo6k99emp5dsvs2elftv0xbu_800x420^.jpg,2025-09-27 ~ 2025-12-14,新北市美術館 – 探索基地 L3,https://ntcart.museum/exhibition/H2509002,胡達華、康添旺,"「新美藝廊」首屆展覽邀請深受新北城市自然景觀啟發之創作者胡達華與康添旺一同展出，以「映於自然」為題，分別呈現藝術家對自然的凝視與靜觀描繪，將山河地貌與生活景象交織，於真實與感知之間生成新的觀看光譜，亦呈現兩種截然不同卻相互映照的創作視野。
藝術家胡達華自創「釘畫」技法，將回收金屬、鐵釘等廢棄材料切割、敲擊、釘合，重構地方風土與城市地景，作品既是地景的再現，也是材料的再生，折射出關於故土的情感記憶、地方與環境的複合敘事。藝術家康添旺則專注於描繪大地山河與微觀生態，他的圖像不僅是自然的描摹，而是一種與自然對話的過程，在他的畫布上，風景化為感知與時間的沉澱，指向一種哲思的心境。
兩位藝術家以截然不同的語彙創作，回應自然的多重面貌：一以物質重構山川形貌，一以筆墨觀照生命脈動。本展不僅映照真實的地景，更引領觀者在視覺記憶與心象感知之間穿行，於凝視與沉思之中，重新認識「自然」的多重面向。
關於 新美藝廊
新北市美術館為彰顯新北市豐富且多元的藝術創作能量，帶動自由藝術創作風氣，推出「新美藝廊」計畫，提供全民參與展示的平台。本計畫透過開放來自不同領域的藝術及文化工作者踴躍參與，並鼓勵與新北市在地資源共製或社區連結推廣為旨之展演創作，期待藉由多元創作觀點的交互對話，拓展藝術表現維度，展現自由且多樣的創作動能。
「新美藝廊」將於2025年底啟動徵件，期盼激盪出更豐沛的創作精神與活力。"
https://artemperor.tw/tidbits/18944,台灣，台南市,虫二藝術【曲徑通幽】六位臺荷藝術家的曲線對話,https://d2onjhd726mt7c.cloudfront.net/images/datas/000/120/843/orh0y5dimi2chm7wtjcqgj1m6p8kzr6g_800x420^.jpg,2025-11-01 ~ 2025-12-15,臺南市新營區府西路78號B1,https://www.bug2gallery.com/FluidBoundaries.html,Lily DE BONT、Yuma Taru、楊智富、鄭宇宏、Pascal VAN DER GRAAF、Jan Maarten VOSKUIL,"「曲徑通幽」取自中國古典園林語彙，意為在曲折的路徑中通往深遠之境。這個展覽以此為喻，指涉藝術在文化與形式的轉折之間，所開展出的精神通道。展覽邀集六位來自台灣與荷蘭的藝術家：楊智富（抽象油畫）、Yuma Taru（泰雅族編織）、鄭宏宇（現代書法）、Lily de Bont（反向編織）、Jan Maarten Voskuil（畫框塑形）與 Pascal van der Graaf（畫布塑形），藉由各自的文化根源與媒材語言，探討「理性」與「感性」、「秩序」與「流動」之間的張力與互滲。
二十世紀初的荷蘭風格派（De Stijl）運動，是歐洲現代藝術中最徹底追求理性秩序的藝術實驗之一。其代表人物蒙德里安（Piet Mondrian）在〈自然實在與抽象實在〉（Natural Reality and Abstract Reality, 1919）與〈新造形對話〉（Dialogue on the New Plastic, 1920）中闡述：新造形主義的目的在於以「垂直與水平」的結構呈現宇宙的普遍平衡。他寫道：「新造形的表現應當在形式與色彩的抽象中尋找——也就是在直線與基本色之中。」在他看來，垂直線象徵精神的上升，水平線代表自然的延展；兩者交會的十字構成了萬物的基本秩序。相較之下，斜線與曲線則象徵不穩定與過渡的狀態（“The oblique line expresses transition, instability.”），因此被他刻意排除。
這種對「直線」與「平衡」的信念，塑造了荷蘭現代藝術長久以來的精神底色——理性、幾何、清晰、節制。Jan Maarten Voskuil 與 Pascal van der Graaf 分別在此傳統的基礎上展開延伸與偏移：Voskuil以精確的幾何計算重構畫框，使畫面不再是平面，而成為三維的視覺建築；van der Graaf則摺疊畫布，讓原本的矩形產生流動、呼吸與折射。兩人都在理性之中引入感性的波動，使「線與面」不再絕對平衡，而是具備時間性與能量流的呼吸。Lily de Bont 的「反向編織」則延續這種張力，她以撕裂、重構與背面線條的呈現，挑戰編織作為女性工藝與秩序象徵的傳統，轉化為一種自我內省與結構反思的手勢。
相對地，台灣藝術家的創作則回應了東方文化中「以感通理、以氣運形」的思想傳統。自《莊子》以降，中國思想強調「道法自然」與「無為而成」，藝術的目的不在重建秩序，而在體會萬物的流變。宋代以後的繪畫與書法理論，強調「氣韻生動」、「意在筆先」，形式並非理性規範的終點，而是心與物交感的軌跡。
楊智富的抽象油畫承繼這種觀念，他以堆疊與滲透的筆觸營造氣流般的畫面節奏，讓顏色成為情感的呼吸。鄭宏宇的現代書法則將傳統筆勢轉化為當代的能量運動，書寫不再服務文字，而是呈現筆墨的速度與呼吸——這是一種「心手相應」的實踐。Yuma Taru 延續泰雅族的織布傳統，在經緯線之間重建族群的記憶、自然的節奏與女性的身體智慧。她的線不僅是材料，更是連結祖靈與大地的時間之線。
在這樣的對照下，「曲徑」與「直徑」不再是文化的對立，而是一種互為鏡像的存在。荷蘭藝術家的理性秩序，與台灣藝術家的感性流動，分別對應了西方自柏拉圖以來追求「形式的真理」，與東方自老莊以來體悟「自然之道」的兩種路徑。當這兩種思維在同一展場中相遇，觀者所面對的，是兩種觀看世界的方式如何在形式的邊界上彼此滲透——如水滲入石縫，如光折於面。
「曲徑通幽」因此不僅是形與色的對話，更是一場關於文化精神的探問。當我們穿行於線條、摺痕與織紋之間，將會發現：通往「幽」的，不是筆直的路徑，而是那些看似曲折、卻蘊藏深意的轉彎。藝術，正是在這些轉折之中，讓我們重新體驗秩序與自由、理性與感性、個體與宇宙之間的共振。
*
展覽資訊
展覽名稱｜《曲徑通幽｜臺荷當代藝術的流動與結構》
參展藝術家｜鄭宏宇、Yuma Taru、楊智富、Jan Maarten Voskuil、Pascal van der Graaf、Lily de Bont
展覽地點｜虫二藝術（台南市新營區）
展期｜2025年11月1日－2025年12月15日
藝思藝會｜2025年11月1日（星期六），下午三點【臺荷當代藝術的流動與結構】"
https://artemperor.tw/tidbits/19105,台灣，花蓮縣,好地下藝術空間【〈 度口 〉 】 莊約翰,https://d2onjhd726mt7c.cloudfront.net/images/datas/000/121/619/0whc2xwpfn31yi1h8sxdxaejz77dwyg3_800x420^.jpg,2025-11-15 ~ 2025-12-15,好地下藝術空間,https://www.facebook.com/goodunderground,莊約翰,"〈 度口 〉 莊約翰
​
​
☉ 展覽資訊
​
2025.11.15 Sat.~ 2025.12.15 Mon.
好地下藝術空間 ｜花蓮市節約街37號B1
每周五、六、日、一｜12:00 ─ 20:00
​
✦開幕茶會｜2025.11.15 Sat. 14:00-14:30
✦開幕座談｜2025.11.15 Sat. 14:30-16:00
與談人：莊約翰（展出藝術家）、李佳霖（自牧文化負責人）
​
​
☉ 展覽簡介
​
文 / 傅爾得
​
如果說，2025 年初的個展《去花蓮 找 莊德樹》，是莊約翰與已故父親之間一場延遲多年的對話，那麼，三個月後的攝影書《回滿洲》，則是約翰在岳父喪禮中的親身參與和理性告別。
​
接續的兩次創作，構成了一條內在的延續：從缺席到在場，從對私人記憶的追索，到對生命終點的凝視。前者處理了情感的缺席與父子關係的失語，後者則在喪禮儀式中，直面與凝視了死亡的在場。這樣的轉變，使約翰的創作視線逐漸靠近生與死之間的「度口」，那是每個人終將要經過、卻無法停留的人世邊界。
​
​
​
☉ 展期活動
​
✦藝術家導覽與專家對談➀｜2025.11.22 Sat. 14:00-16:00
與談人：莊約翰、傅爾得(影像視覺研究者、寫作者)
​
✦專家對談➁｜2025.12.06 Sat. 10:00-12:00
與談人：莊約翰、吳思鋒(藝評人、小劇場工作者)
​
✦藝術家工作坊｜2025.12.06 Sat. 13:30-16:30
帶領藝術家：莊約翰
​
✦專家對談➂｜2025.12.08 Mon. 16:00-18:00
與談人：莊約翰、陳韋鑑(胖老師繪畫攝影教室 負責人、藝評人)
​
​
​
☉ 展覽藝術家 莊約翰 ?????? ????
​
1976年出生，宮藝大畢業，藝術宮宮主，未命名空間成員 ，北美館認證藝術家。
​
﹝展覽經歷﹞
2025｜第二屆藝術法船慶典，策展， C-Lab 空總，不存在劇場，lnstant 42，好好基地
2025｜去花蓮找莊德樹，個展，龍山藝術宮
2025｜就John信藝術，個展，C-Lab空總 （台新獎提名）
2024｜藝術法船慶典，策展，剝皮寮文化園區
2024｜翕相，宮藝大畢業，個展，未命名
2023｜藝術大普度，台北大拜拜，策展， 未命名、鬧空間（台新獎提名）
2022｜天選之人，隨在人，策展，未命名
2022｜fun進北美館，策展，台北市立美術館
2022｜最後的情人節，個展，台北東區網紅餐廳
2021｜香港壓縮，個展，遊覽車上，萬華龍山寺至自由廣場
2021｜下班後，個展，林森林北路酒店
​
﹝出版﹞
2025｜回滿州
2022｜問事唐山白
2021｜八保祭典
2016｜莊約翰攝影日記
​"
https://artemperor.tw/tidbits/19097,台灣，台中市,雨果曐 Gallery【盧依琳 個展 · 無所事事的冥想】Do Nothing To Meditate On Nothing,https://d2onjhd726mt7c.cloudfront.net/images/datas/000/121/566/iqc8do6nti2tkhkbmp295djagev3k1yc_800x420^.jpg,2025-11-09 ~ 2025-12-15,台中市西區五權西二街14號,https://www.facebook.com/profile.php?id=100076348324653,盧依琳,"【 盧依琳 個展 · 無所事事的冥想  Do Nothing To Meditate On Nothing 】
2025.11.09 - 12.15
▌
我的畫作探討了圖像與畫面空間中觀看經驗的可能性。我在記憶與真實場景之間進行協商，將感性經驗逐步引入畫面，使偶然的巧合與具象影像相互交會，並將看似微小的變化轉化爲情感的匯集表現。自從2013年開始的碳筆創作，我運用媒材的物質性，堆疊碳粉或輕描淡寫，延伸形象來表達難以言說的氣氛與感覺。作品長年關注在感性經驗的多重呈現，以及觀看媒介與身體知覺之間的細微落差。近年，我將目光轉向風景、地貌與記憶的關聯，思考觀看的碎片化與在場經驗的關係，並著重於色彩與形體之間的鋪陳與互動來表達形式。此次展覽《無所事事的冥想》試著融合創作直覺的立即性，與冥想時間的停頓與延展所產生的時間差，展開一場關於生活中留白的對話。
My works explore the possibilities of looking at an image and the pictorial space.
Negotiating between memories and real settings, I try to gradually bring my perceptual experiences onto the canvas, allowing unintended coincidences to converge with figurative images, and translate any slightest variation into an expression of emotional confluence.
I started working with charcoal back in 2013, drawn to the medium’s properties. Wanting to capture atmospheric moments and feelings that are indescribable, I expand the shapes and forms by layering dense charcoal dusts or sketching and drawing lightly.
For a long time, I’ve been concerned with multiple ways of presenting the perceptual experiences and the tiny gap between the viewing mediums and physical awareness.
Lately, I’ve turned my attention to scenery, landscapes, and their connection to memories. I consider how the fragmentation of viewing relates to our experiences of presence, and I highlight the arrangement and interplay of colours and shapes to express form.
This exhibition, entitled Do Nothing to Meditate on Nothing, brings together the immediacy of the creative intuition and the lag created in meditation when time feels paused and extended, opening the conversations about the blank spaces in life.
——盧依琳 文
▌
展期｜2025.11.09 （日）- 12.15（一）
營業｜週四至週日 • 14:00-18:30
週一採預約制
地點｜台中市西區五權西二街14號
#盧依琳  #雨果曐 #gallery #artspace #exhibition"
https://artemperor.tw/tidbits/19120,台灣，台南市,弎畫廊【潤潤lūn-lūn】徐永旭個展,https://d2onjhd726mt7c.cloudfront.net/images/datas/000/121/690/bln9nt2mq4nspuz2wzbdbkh0zm5pxkef_800x420^.jpg,2025-11-08 ~ 2025-12-20,704臺南市北區公園南路21號,https://www.facebook.com/profile.php?id=100076348324653,徐永旭,"【穿越極限：徐永旭的雕塑歷程】
文 / 藝評人：王嘉驥
Even a brick wants to be something.
A brick wants to be something.
It aspires…
--Louis Kahn
放眼臺灣與國際藝壇，徐永旭（1955年生）的雕塑創作無論就媒材使用的透徹度、製作技術的獨特性，乃至形式與風格的創新構成而論，無疑都顯得異類，卻也因此成為一個相對稀有的特殊存在。
徐永旭自言因為意外的機緣，於1987年與友人共同成立陶瓷工作室。在此之前，他擔任小學專任教師之餘，主要專注繪畫的領域；同時，還是活躍於專業舞臺的古箏樂手。遺憾的是，他的身體受類風溼性關節炎的病痛所擾，被迫終止了長達17年的演奏生涯。
很難想像，他完全沒有陶瓷製作的相關背景，全憑苦讀與自我實作摸索。一直到了1992年，他才向知名的陶藝家楊文霓（1946年生）拜師，短期求教。在追尋藝術的道途上，徐永旭維持了很長一段時間的業餘身份。1998年，他毅然從累積了22年資歷，再過三年就能安然退休的教職離開，轉身投入專業創作，堪稱十足的大器晚成者。
1980年代至1990年代期間，陶瓷藝術在臺灣廣稱「陶藝」，多數以器物——尤其具有生活用途的實用器皿——的燒製為主。受中國陶瓷傳統的深層影響，陶藝家往往以追求釉藥發色的獨門表現為能事。從1990年到1993年，還在摸索階段的徐永旭，已經表現出對器物的製作不感興趣。傾向純粹造形的同時，他還導入中國傳統宇宙觀的符徵；至於抽象形體的外表，則成了他的繪畫平面。
1994年至1998年，徐永旭初期的風格有了雛形。回歸高溫陶土自身的純色，他以雙人共舞的姿態為捏塑的主題，造形介於抽象和具象之間。隨樂音起舞的身體看得出柔軟，也展現舞者相依的婆娑韻律。徐永旭以舞臺和劇場為喻，演繹人生情節。曼妙人形的身體語言進一步寫意化，演變為立體交錯的抽象迴圈。
徐永旭自1998年轉入專職創作；耐人尋味的是，其風格反而出現一個短暫的尷尬期。就在該年，行政院文建會（文化部的前身）頒佈「公共藝術設置辦法」。公共藝術為長期苦無生路的臺灣雕塑家開闢了重要的創作資源及發表園地。徐永旭此一階段的形式調整與風格變化，不知是否與此相關；確信的是，他在已有的寫意抽象之外，戲劇性回訪具象的造形語言——不是寫實，而是概念性的簡化，具象的成分相對顯著。該類作品以正面性為主，頭身完整——或是刻意殘缺——的人形立像和坐像，很快地成為他的新表現。從作品的命名來看，不無影射人的社會位置及權力之意。特別是在2000年，他完成多件超過二米甚至突破三米高度的戶外大型人物雕塑，已經是紀念碑一般的規模。
不過，他很快地又從紀念碑式的具象形體轉回抽象。2001年至2004年，他創作了很大一系列以「神話」為名的作品。觀者很難掌握敘事的內容，只見變體的人形繼續在具象和抽象之間流動。極端的是，他擬仿物質形體熔融以後，化為難以名狀的無定形流體樣態。他在2007年的創作自述回顧分析：有別於2001年之前，他主要表達對於外在環境的看法，之後因為個人生活的種種變化，陷入渾沌期，觀照轉向內在。如此看來，徐永旭這一階段的流體意象似乎也是個人生命經驗的隱喻。隨著雕塑形象越發地抽象化，他彷彿已將作品視為心印的投射。
回顧徐永旭截至2004年的前期創作實踐，主要以概念和感受先行。作品的表現服膺創作者的社會觀點及心性狀態，倘若不是反映自身對於人生或社會現象的觀想，就是成為折射個體內在的一面照鏡或投影。人作為主體，受生存處境、知識訓練、身心結構的制約和影響；但藝術——尤其是雕塑——如果只是創作者自身有限狀態的簡化再現，恐怕流於表面化與形式化。此時的徐永旭似乎已有自覺。2003年至2007年，他進入國立臺南藝術大學研讀碩士期間，迎來了創作方法的莫大轉變。
2005年是徐永旭創作歷程的關鍵分水嶺。該年春天，他在美國紐約州的羅徹斯特理工學院（簡稱RIT）擔任駐校藝術家。期間，他造訪Dia Beacon，實地體驗美國低限以至後低限主義藝術家的作品，引發強烈觸動。尤其是，理查．塞拉（Richard Serra, 1938-2024）、邁克爾．海澤（Michael Heizer, b. 1944）、佛瑞德．桑德巴克（Fred Sandback, 1943-2003）三位的材質表現、其所營造的空間，以及對觀者身體感知的誘發與動員，促使他對雕塑藝術有了不同維度的認識。
也在紐約駐校期間，他因創作壓力而焦慮，不自覺地以手指搓揉手中的黏土球，捏塑出他自己稱之為「沒有指涉任何意義」的「狀似杯型或船型的物件」，而且「極薄的形體擴散到邊緣是破碎的」。就是這樣一個近乎無意識的動作，意外為他開啟創作的另一洞天。重點並非那個被捏塑而成的杯型或船型物件，而是他透過搓、揉、捏、塑的動作，短暫拋下了對於既有形式與風格的執念。讓身體浸潤在陶土之中，徐永旭重新觸探物質本性，敲開雕塑的新法門。
隨著思路及做法轉變，徐永旭的作品有了迥異於前期的面貌。2006年成為他後期創新的元年。他以自己的身體為雕塑的輔具，不假借他人之手，也不求助器械。以地面或桌面為起點，他的雙手反覆來回，身體穿梭進出，將預先揉捻為柔軟細長的陶土泥條塑造成立體構造。此一造形手段，幾乎與人類在進入新石器時代以後，最原始製陶階段的泥條盤築法如出一轍。只不過，他模擬的既不是器物，也非任何具象的形體。順應媒材本性，雕塑家逐層盤築，堆構出形狀如波浪起伏的不規則橢形環圈。燒製完成的物件，他再調整其向度，以利展陳。若是體量巨大的造型，他通常以垂直高聳的樣態裝置。徐永旭以其雙手及身體進出雕塑內外，也讓我們揣想彷彿置身時空甬道的穿越經驗。
美國著名建築師路易斯．康（Louis Kahn, 1901-1974）曾經針對磚塊作為建築的最基礎構件，如何盡其材質之能，以臻極致之用，提出詩意的反芻。追求形體極大與極薄的徐永旭，除了全身性的動員，亦須試煉材料的物質極限。陶瓷在窯燒之前，先以溼軟的黏土狀態存在；其體量與結構不僅受材質自身的物理性及重力所致的雙重應力牽制，更可能在超過攝氏1,200度的燒製過程中，充滿不確定的變數。因此，他得先確認黏土在雕塑階段，已經解決應力的問題，才不至於因為極度高溫的熱流振盪，導致結構崩塌。再者，為求充分掌控陶瓷的燒成條件，儘可能消泯不確定因素，以確保良率，他還需要更多的科學理性。從陶土／瓷土的揀選、窯爐的規格、作品的進出、瓦斯火焰的勻稱度，以至窯溫的恆定性等各種設計，徐永旭最終完成了一套獨門的建窯與燒製技術。
受理查．塞拉啟發，徐永旭使用的材質雖然殊異，還是讓人想到前者以鍛造技術完成的龐然巨大鋼構體。實際上，不只媒材南轅北轍，徐永旭創作的方式也完全不同。根本的差異在於，美國低限至後低限主義雕塑家開始不假個人之手操作媒材，而是大量使用工業成品，採外包定製的方式完成製品。塞拉仰賴的也是工業化的專業製程；相形之下，徐永旭儘管設計了自己的窯爐，卻仍維持傳統藝術家親力親為的工作模式。傾一己之力，即使到了令人感覺仿若自苦的勞役程度，他堅信身體動員的獨特美感與精神力度。
低限主義顛覆抽象表現主義的創作觀，不再視作品為揮灑個人內心之所。藝術家的主體撤離，作品獨立為依其物性（objecthood）而存在的客體，等待觀者進入裝置的空間，參與並互動。從探究物質性（materiality）的層面來看，徐永旭可能分享了與上述美國雕塑家相近的態度；然而，他看待和處理作品的方式卻恰恰相反。身體的感性和氣力滲透陶土，雕塑因而有了表情與形狀。動作性的手跡或指痕處處可見，印證藝術家時時刻刻在場。美國藝評家哈羅德．羅森柏格（Harold Rosenberg, 1906-1978）在論述抽象表現主義時期的行動繪畫時，曾有如此之說：繪畫即演出，也是藝術家自我的寫照。循著作品的表現痕跡，觀者揣摸創作者的當下。徐永旭無疑地更接近於羅森柏格所指稱的行動藝術家的類型。
反規制化，拒絕複製，徐永旭回歸物質根本，馭繁以簡，任手感之自然。他的形式抽象，結構複雜而無定型，一點都不極簡。不知是否因為身體的專注與感性投入，他的雕塑提供了一種能與造物者的大地連結的自然感。地球本身就是一個無與倫比的至大窯爐；亙古以來，從山脈到海洋，全世界的岩石與礦藏都是其原創品。也許是這個緣故，徐永旭的作品讓人感覺比擬造化。陶瓷的能耐與極限何在，徐永旭早已瞭然於心，故能穿越障礙，創生出變化多端，令人嘆為觀止的鬼斧神工景觀。
___________________________________
▞ 展覽資訊 ▞
展期｜2025.11.08－12.20
地點｜弎畫廊・偕行社（臺南市北區公園南路21號）
開幕｜2025.11.08（六）3:03pm
開放時間｜週二－週六 10:00－18:00"
https://artemperor.tw/tidbits/19060,台灣，苗栗縣,苗栗縣苗北藝文中心【藏島於物】臺灣工藝典藏作品展,https://d2onjhd726mt7c.cloudfront.net/images/datas/000/121/432/s1ix8tco7xnuv2ykcw35zgns3j97za20_800x420^.jpg,2025-10-09 ~ 2025-12-21,苗栗縣竹南鎮公園路206號--苗北藝文中心,https://www.miaobeiac.org/mod/course/index.php?REQUEST_ID=SAJTHC1UVXxKWXA2XS9BWQxbDE4,臺灣工藝典藏作品,"「在臺灣工藝之中，感受島嶼的輪廓與氣息。」
本展《藏島於物—臺灣工藝典藏作品展》由苗北藝文中心策劃，特別自國立臺灣工藝研究發展中心豐富的典藏中，精選多件富含臺灣文化意象的工藝作品。展出內容涵蓋多元媒材與風格，從傳統技藝的延續，到現代語彙的轉化，展現臺灣工藝家對土地、文化與自然景觀的深刻回應。
工藝從不僅止於技術與造型，它更是創作者對生命經驗、地方風土與歷史脈絡的感知實踐，也是承載島嶼精神與文化記憶的重要載體。觀眾得以從本次展出的作品中，看見山海地景的轉化、風土人情的映照，亦能感受到工藝家透過雙手所累積的情感與記憶，深深嵌入於物件的結構、紋理與光澤之中。
《藏島於物—臺灣工藝典藏作品展》展出多件來自國立臺灣工藝研究發展中心典藏的精選工藝作品，由苗北藝文中心策劃，透過陶、漆、金、木等多元媒材，展現臺灣工藝家對島嶼地景、風土人情與文化記憶的深刻回應。讓我們在形、色、質、光之間，重新看見藏在物中的「島」。"
https://artemperor.tw/tidbits/18413,台灣，台北市,臺北市立美術館【我們總是需要為世界創造出更新的故事】南進門藝術計畫,https://d2onjhd726mt7c.cloudfront.net/images/datas/000/118/278/y52pigx2za6nioxu7qisv2zpb4g5rt4c_800x420^.jpg,2025-01-18 ~ 2025-12-21,臺北市立美術館-南進門,https://www.tfam.museum/Exhibition/Exhibition_Special.aspx?ddlLang=zh-tw&id=784&allObj=%7B%22JJMethod%22%3A%22GetEx%22%2C%22Type%22%3A%222%22%7D,陳慧嶠、山朋水貴+發條鼻子,"南進門不僅是一條進入北美館的路徑，更是通向感知轉換的場域。本館資深策展人蕭淑文以《我們總是需要為世界創造出更新的故事》為題，邀請藝術家陳慧嶠與藝術團隊山朋水貴+發條鼻子，透過黑白敘事，讓觀眾在理性與感性、抽象與具象、現實與幻想之間來回穿梭，試圖為世界創造新的故事，展現無限的可能性與未知的探索途徑。
▐關於場所
南進門這個難以被定義的場所，由玻璃與鋼構展現「透明」與「渾厚」的對比，作為通往北美館本體建築的路徑，蘊含精微時間流動的「輕盈」。循著這條路徑，黑白長廊構築新奇的場域，白色空間消融堅實感，黑色空間則重新定義現實；空間既是物理結構，也是抽象概念的載體，在此能兼容每個人所有恣意放肆與歧異之見，令人驚奇不已。
▐關於空間
南進門潛藏的魔力，是來自它擁有灰色空間的擴延特質，試圖將實驗劇場的黑盒子和美術館白立方(白盒子)的融合。它的輕充滿活力與勁道，它的空間本身給予我們一種無限的想像，凸顯物理空間與心理空間的關係。南進門是一個拒絕精確定義的場域，成為有機體承載並可以相互滲透的空間，以一種「未完成」、「待續」的方式存在，讓觀眾打開感官去抓住最細微感受。
▐關於多巴胺
當我們抬起頭看看外面的天空、聞到空氣、品嚐眼前的景物，抑或漫不經心的穿過現實世界沈浸在幻想世界中，驅動我們的創造力與想像力。多巴胺使我們產生慾望，其影響涵蓋表現、認知與想像，並參與大腦獎勵系統，使個體在獲得回報時感到快樂與上癮。南進門作為感知與想像的連結點，使人駐足現實，亦沉浸於幻想，驅動創造力，感受當下的無限複雜性。"
https://artemperor.tw/tidbits/18722,台灣，新北市,新北市美術館【關係場域】90年代新北文化地景,https://d2onjhd726mt7c.cloudfront.net/images/datas/000/119/887/39pwgff2koam8lq69eadepircwg3n78x_800x420^.jpg,2025-08-16 ~ 2025-12-21,新北市美術館 4A展覽室（新北市鶯歌區館前路 300 號）,https://www.tfam.museum/Exhibition/Exhibition_Special.aspx?ddlLang=zh-tw&id=784&allObj=%7B%22JJMethod%22%3A%22GetEx%22%2C%22Type%22%3A%222%22%7D,王福瑞、吳瑪悧、林其蔚、姚瑞中、高俊宏、黃明川、劉振祥,"臺北縣文化中心在1992年至1997年，從改革「北縣美展」的制度出發，開啟一段被論者稱為「20世紀末最大狂歡期」、「狂野90」的前衛藝術展覽史，開展環境藝術、噪音藝術、後工業藝術、垃圾藝術、宗教藝術節等前衛藝術行動。這些以改革為起點的藝術在地化行動，成為1980年代的社會運動之後續。
倘若1980年代藉由藝術參與社會，成為促成民主與多元「公共空間」成形的契機，讓藝術進入社會場域；那麼1990年代正是以具備「反抗的現代性」、「多元現代性」的當代精神為特徵，拆解藝術體制束縛，重構新的藝術實驗方向。不僅讓1990年代成為開啟藝術與環境、藝術與聲音、藝術與常民信仰關係的新契機，同時催生了著重在地性、地方性之「關係場域」的當代語境——與1960年代西方的環境藝術、觀念藝術、地景藝術、拓展藝術疆界、跨域整合產生時代性的共振。透過「關係場域」在1990年代的形成，當代藝術走向環境、生態、地方性交織的「新文化地景」之總體性階段。
本展以研究出發，藉北縣前衛展覽文件檔案、美術館典藏作品、藝術家全新委託製作等三種方式，邀請回應90年代北縣前衛展覽歷史的藝術家：王福瑞、吳瑪悧、林其蔚、姚瑞中、高俊宏、黃明川、劉振祥，透過他們的創作從21世紀的視點，回訪1990年代的實驗行動精神，體現當年跨域、多元、國際串聯的實踐。
當藝術的視野從河域走向山巒，當年被污染的河流有如一道道「生態創傷」的綻露，1990年代展覽史召喚我們回望這片土地的文化地景，這正是臺灣透過考古、地質學、地理學、人類學、藝術策展理念開始「回視」人類所依存的土地，透過河域歷史、人類傍河而生的文明史、文化地理學尋求重新為這片土地「自我命名」的歷史徵象。
✷ 本研究計畫由春之文化基金會獨家贊助 ✷
關係場域：90年代新北文化地景
Relational Field: The Cultural Landscape of New Taipei in the 1990s
｜策展人｜王品驊
｜參展藝術家｜王福瑞、吳瑪悧、林其蔚、姚瑞中、高俊宏、黃明川、劉振祥
｜口述檔案提供者｜陳文茜、簡明輝
｜指導單位｜文化部、新北市政府
｜主辦單位｜新北市美術館
｜研究獨家贊助單位｜春之文化基金會"
https://artemperor.tw/tidbits/19165,台灣，新北市,Gina Hong Guang （積吶虹光）【衛生福利部臺北醫院．TW｜愛與和平 : 青天白日滿地「虹」心球艙 - 積吶虹光LEF】TW｜Love and Peace : Rainbows From All Over the World - Gina Hong Guang（LEF）,https://d2onjhd726mt7c.cloudfront.net/images/datas/000/121/874/u89e45qgrgr92my4u90vqmx3tpe06qgu_800x420^.jpg,2025-11-03 ~ 2025-12-27,242新北市新莊區思源路127號 (急診大樓(B棟)二樓，西側走廊，雙側),https://vocus.cc/article/670a9bf5fd897800017ce91c,積吶虹光 Gina Hong Guang,"在繁忙而紛擾的現代社會中，「愛與和平」始終是人類心中最真摯、最美好的追求。藝術家 積吶虹光 Gina Hong Guang 以深具靈性的藝術語言，帶來《TW｜愛與和平【青天白日滿地「虹」心球艙】》展覽，邀請觀眾重新凝視內在的平靜與和諧，尋回心靈的溫度。
本次展覽以「虹」與「心球」為核心概念，結合「青天白日」的象徵意象，展現出一種兼具力量與柔性的藝術美學。作品以內斂的色彩及圓融的形體，呈現宇宙間愛與和平的律動。積吶虹光以其獨特的視覺語彙，將彩虹轉化為生命的頻率，透過層層色彩，引導觀眾感受心靈與自然、個體與宇宙的共振。
「虹心球艙」觀眾可自由穿梭，體驗心球與空間之間的呼吸與對話。在這裡，每一次凝視、每一個步伐，都是一場通往內心的旅程。
積吶虹光 LEF（Liberty, Equality, Fraternity）藝術理念，融合愛的能量與自由的精神，呼應展覽主題「青天白日滿地虹」所象徵的希望與和平。以藝術為橋樑，將情感化為能量，將色彩化為祈願，帶領觀眾走入一個融合人文、自然與宇宙共振的世界。
這不僅是一場視覺的饗宴，更是一場心靈的洗禮。誠摯邀請每一位熱愛藝術與和平的朋友，共同走進這座充滿愛與光的「心球艙」，在虹光流動之間，感受愛、理解和平，體驗藝術所帶來的無限力量與希望。
藝術是心想生；
藝術是低到如塵埃的美學，美 = 博愛；
當代藝術不應該只追求創新 = 自由；
當代藝術應該挑戰解決地球極端問題，中道精神 = 平等。
彩虹彷彿施了魔法，
多麼美麗，象徵幸運！
希望這份幸運留給地球人，
自由、平等、博愛 (LEF)。"
https://artemperor.tw/tidbits/19075,台灣，台北市,鳳甲美術館【鳳甲美術館｜異織獨繡】專家講座Ｘ市民導覽員募集計畫,https://d2onjhd726mt7c.cloudfront.net/images/datas/000/121/490/t5915agbnsdr6zska712butalshxwmc4_800x420^.jpg,2025-11-15 ~ 2025-12-27,台北市北投區大業路166號11F, https://forms.gle/aTe5u55sUNcocF3a6,粘碧華老師、莊央姍老師、黃莉莉老師、莊央姍老師,"術館特別邀請三位資深刺繡老師—粘碧華、黃莉莉與莊央姍，共同透過專業內容帶領觀眾探索刺繡的社會性運用、刺繡作品修復與保存，並延伸介紹世界各地的刺繡文化與臺灣當代刺繡的發展，且加入實際體驗的刺繡工作坊，讓觀眾除了從欣賞展出作品獲得精湛技巧的驚嘆與感動，也能透過現場活動更深入了解刺繡這門技藝的複雜和美好。
講座時間
11/15 (六) 14:00-16:00
織品的社會性運用－談刺繡中的階級制度－粘碧華老師
名額：40名
著書介紹刺繡針法、本身也是資深刺繡創作者的粘碧華老師，呼應本次展覽中罕見的清代黃袍、官補等珍稀展品，特別從刺繡中的階級制度切入，闡述刺繡如何成為建立社會秩序的象徵，並成為傳統社會中不可或缺的功能。
講師介紹：
粘碧華曾師承國寶級藝術家陳嗣雪學習亂針繡，並赴英國進修織品服裝與金工首飾設計，讓創作兼具深厚底蘊與多元視野。粘碧華在刺繡領域以四十餘年，期間致力於刺繡工藝的研究、創作與推廣，出版多部專書，深入探討東西方刺繡傳統，推動刺繡知識的保存與傳承。她亦長期投入教育與公益，曾任教於大學相關科系，並辦理展覽、講座與課程推廣，以藝術專業結合社會關懷，持續將刺繡工藝的價值與溫度傳遞給更多人。
11/22 (六) 14:00-16:00
海內外刺繡發展，從世界到台灣－莊央姍老師
名額：40名
本場講座由莊央姍老師主講，帶領觀眾展開一場「用針線環遊世界」的藝術旅程。從歐洲宮廷刺繡的華麗象徵到臺灣傳統刺繡的吉祥寓意，透過老師二十餘年的跨文化研究與創作經驗，細緻解析東西方刺繡在材質、圖案與技法上的異同。
講師介紹：
莊央姍為「央的刺繡工坊」負責人，於台南應用科技大學「全球刺繡研究與發展中心」擔任刺繡推廣課程講師，專長於織品修護與刺繡。她精通多國刺繡技法，包括臺灣傳統刺繡、歐洲刺繡、緞帶刺繡、俄羅斯刺繡與挪威刺繡等。莊老師鑽研刺繡逾二十年，師承國寶級刺繡大師張美筠教授、刺繡人間國寶劉千韶老師、南應大盧亨如助理教授、台南光彩繡莊林玉泉老師傅，將傳統技法與知識加以系統化，並長期致力於臺灣傳統刺繡的保存與推廣。
12/14 (日) 14:00-16:00
「紗網亂針繡」刺繡體驗工作坊－黃莉莉老師
名額：15名。
本次刺繡工作坊由黃莉莉老師指導，邀請民眾體驗「紗網亂針繡」的創作樂趣。課程融入多媒材與環保再利用概念，運用蕾絲、珠珠等日常物件轉化為刺繡元素。現場提供材料，亦歡迎自備耳環、碎布、扣子等小物共同創作。
講師介紹：黃莉莉為亂針刺繡藝術家，創立「魔莉繡坊」工作室。自 2005 年起於社區大學習刺繡，至今不僅多次參與聯展與個展，也積極投入當代刺繡創作的推廣，曾於 104 高年級平台授課，並多次舉辦創作工作坊。黃莉莉的創作喜愛結合臺灣傳統文化與刺繡，題材涵蓋當代生活與傳統景象。黃莉莉自創「紗網亂針繡」，以環保媒材搭配大膽自由的針法，讓作品兼具生命力與當代意涵。
體驗工作坊名額限 15 人，因材料數量及座位有限，恕不開放臨時加報。
12/20 (六) 14:00-16:00
刺繡的保存與典藏：雲林北港繡旗的時光印記－莊央姍老師
名額：40名
本講座由莊央姍老師主講，聚焦雲林北港的在地刺繡記憶。從集雅軒與震威團珍貴繡旗出發，探討傳統刺繡文物的保存與典藏之道，並介紹低氧除蟲、環境控制、數位典藏等現代技術，讓承載地方精神的作品持續綻放生命力。
注意事項
1. 若遇天災或其他不可抗力因素，鳳甲美術館將改期或取消該場次，並盡快通知報名者。
2. 活動現場將進行攝影紀錄，紀錄照片將使用於鳳甲美術館社群及網站，如不接受請於上課前提出。
提交表單即代表同意以上規定，主辦單位保有活動異動 / 謝絕違反規定之報名者入場 之權利。"
https://artemperor.tw/tidbits/19061,台灣，苗栗縣,苗栗縣苗北藝文中心【熾熱南島】吳炫三特展,https://d2onjhd726mt7c.cloudfront.net/images/datas/000/121/433/ceij1jdcierripsdqa8qs7fxablvvhp1_800x420^.jpg,2025-10-03 ~ 2025-12-28,苗栗縣竹南鎮公園路206號--苗北藝文中心,https://www.miaobeiac.org/mod/course/index.php?REQUEST_ID=SAJTHC1UVXxKWXA2XS9BWQxbAUA,吳炫三,"國際知名藝術家吳炫三（A-SUN WU），出生於臺灣宜蘭農家，畢業於國立師大美術系後赴西班牙馬德里皇家藝術學院深造。畢業不久便於藝壇嶄露頭角，並取得穩定教職。然而，為尋找屬於自己的藝術風格，他毅然放棄教職與安逸生活，遠赴非洲，並受到了非洲部落裡純粹直覺、未經修飾的藝術創作方式所啟發，結合自身農村出身的生命經驗與文化根源，逐漸建立起個人獨特的創作語彙。
他的畫作與雕塑帶有強烈的原始藝術特質，常運用赭色顏料、粗獷筆觸與黑色輪廓，勾勒出人類與自然之間的原始能量與生命節奏。本次「熾熱南島—吳炫三特展」以南島之農村記憶為主題，展出數件平面及立體作品，涵蓋一幅今年新完成的500號巨幅畫作、以珍稀白色木化石為材料雕製的立體雕塑、融合南島鼓紋的繪畫，以及以鐵鋤製成的大型蜈蚣雕塑等，作品充分展現南島民族精神、東方哲學思維與西方現代藝術語彙的巧妙融合，呈現出吳炫三獨樹一幟的創作風格，傳遞他對自然、人文與土地的深刻關懷與情感。"
https://artemperor.tw/tidbits/19088,台灣，台北市,金車文教基金會【陳薇如 創作個展【寂靜的無人之地】,https://d2onjhd726mt7c.cloudfront.net/images/datas/000/121/540/jbm8tr5mixz5l9owox1qnkaayk27hvcg_800x420^.jpg,2025-11-15 ~ 2025-12-28,金車文藝中心KCCA 南京館,https://www.kingcarart.org.tw/exhibitions-detail/238,陳薇如,"⇲ 展覽資訊
陳薇如 創作個展【寂靜的無人之地】
Chen Wei-Ju Solo Exhibition: The Silent Land of No One
展期：2025.11.15 (六) – 12.28 (日)
開幕：2025.11.22 (六) 下午 14:30
地點：金車文藝中心 臺北南京館（臺北市南京東路二段1號3F）
主辦單位：金車文教基金會/金車文藝中心KCCA
-
陳薇如筆下的空間，介於現實與心境之間。那些被時間滲透的牆面、植物的枝葉、椅子的形體，彷彿都被記憶與情緒浸潤過，成為一處處靜默的精神場域。它們像心境的投影，映照出人與世界之間那層難以言說的距離。
而【寂靜的無人之地】（The Silent Land of No One）是她近年創作脈絡的一次凝縮，關於孤獨、記憶與情緒的疊加，也是一段為自身尋找「內在棲居」的緩慢旅程。
心理空間的生成
1999年生於新竹的陳薇如，現就讀於國立臺北藝術大學美術創作碩士班，主修水墨創作。她的藝術養分多來自日常觀察與情緒經驗，她的創作以探尋「心理空間」與「情緒棲居」之間的關係為核心，試圖在現實與內在之間，描繪情感如何於空間中浮現與停留。
陳薇如的畫面總帶有一種靜默又神秘的氣息。她曾說，創作對她而言，是在畫布上為心靈找到一處暫時安放的所在，一個能遠離現實噪音、讓思緒與情感得以沉澱的「無人之境」。
「無人」並非指荒蕪，而是一種精神性的留白。那裡既承載孤獨，也容納安靜；既與生活痕跡緊密相連，又刻意保持距離。因此，她畫中的空間既熟悉又陌生，如夢境與記憶之間的過渡地帶，觀者無法確定那是房間的一角，植物的微距，或是某種意識流動的瞬間，一切被柔化成半透明的知覺狀態。
水墨的痕跡與延展
水墨對她而言，是最能對應時間與心理節奏的媒材。她著迷於水、墨與紙三者相遇的瞬間，每當墨色滲入生紙纖維的過程，除了是顏料的物理滲透，也是一種呼吸和時間的延展。
她喜歡觀察墨在乾濕交錯間留下的痕跡，那些不受控制的暈染，恰恰反映了情緒的流動與不確定。「我喜歡那種水氣滲進紙裡、又慢慢乾掉的過程，像是記憶在消退，卻永遠留下一層淡淡的影子。」
她常以淡墨與留白為畫面的起點，透過皴法、覆染與重疊筆觸，讓結構在層層堆疊中生成厚度與時間感，使牆面與建築輪廓不再只是靜止的平面，而帶著濕潤、含蓄重量的質地。當乾筆的紋理與水痕交錯時，畫面在理性的構築與感性的流動之間取得平衡，既嚴謹又脆弱，如同秩序正在邊界上顫動。
觀看即行走—佈局的遊戲性與時間感
與傳統的靜態觀看不同，陳薇如的作品往往需要「被行走」。
創作中她刻意選擇長幅、手卷或立軸的形式，讓觀看成為一種具有時間感與身體感的經驗。觀者無法一次看見全貌，必須隨著畫卷的展開、視線的移動，緩慢揭示畫面的節奏與呼吸。「我喜歡這種必須移動身體的觀看方式，」她說，「拉近、退後、在畫面裡游走，讓觀看變成一段旅程。」
這樣的觀看方式，也呼應了傳統東方山水畫的構圖與佈局，劉宋時期山水畫家宗炳在《畫山水序》中首次提出了「臥遊」的觀念，北宋宮廷畫家郭熙亦在《林泉高致集》中提到「可行、可望、可居、可遊」，營造山水畫如實境般，能讓人在其中往返、瀏覽的功能。
另外她也提到，自己的空間安排受到兩款遊戲啟發《樂克樂克》（LocoRoco）與《紀念碑谷》（Monument Valley）。前者揭示地圖的形式推進，後者則以錯視與不可能的建築結構創造出迷路與遲疑的體驗。這些「遊戲的空間邏輯」啟發她錯置建築線條以及超越常規的構圖視角，讓觀看者如同遊戲玩家般，在紙上的迷宮裡探索，她笑說：「我喜歡那種不知道自己在哪裡的感覺，迷路有時比找到出口還真實。」
當觀看成為一種行走的遊戲，觀者如同旅人，穿梭於紙上的地景之間，不被導引，也無法確定終點，既是迷失，也是抵達，在每一次的停頓與回望中與作品共振。
記憶物件與象徵意涵
她的創作方法起始於「採集—觀察—轉譯」，日常環境就像她的素材庫，自家栽種的植物、海邊撿拾的乾硬魚體、路上偶遇的玻璃反光、路邊的空椅，這些片段被她拍攝後進行歸檔和整理。她會依主題與時間分類，甚至將植物擺放在生活空間裡長期觀察姿態變化，再轉化為畫面中有機的形象。
她筆下的魚，大多失去了生命，呈現僵直的姿態。那種「動彈不得」的形象，映照了自身心理狀態的感知，一種被時間凍結的無力。當魚被放進畫面，就像被重新安置在另一個水族箱裡，在這裡它們得以重新「活過來」。
畫面中椅子代表生活中各種角色，也象徵一種情緒的容器。她說：「椅子好像總是有人剛離開，或正要坐下，但那個人永遠沒出現。」有時候是等待、有時是休息、有時缺席或束縛……像等待著誰，卻又長久空著，成為一種「缺席的在場」，召喚出一個看不見的身體，提醒觀者即使畫面中無人，仍有一個位置在那裡；而當多張椅子並列時，它們之間的距離與角度，像在暗示人與人之間的關係，或僅僅是並置的孤單。
水面則是她畫面裡常出現的意象，它既是鏡子，也是邊界。對她來說，水面的反射是一種選擇性的凝視，有時清晰，有時模糊，既能看見自己，也能掩藏自己。這樣的流動、折射和難以定義的「不確定性」令她著迷，因為那正是情感與記憶的本質。
而植物則是她對生命持續性的觀察。她會將葉片局部放大、切片或扁平化處理，使其在畫面中不斷蔓延生長，象徵在時間與空間裡持續呼吸的生命力。她特別提到「白水木」這種她原以為柔弱的植物，原來能在高溫與海風中堅韌的生長，她說：「人也是這樣，要經過風吹日曬，才會知道自己能長到哪裡。」這種「表面脆弱卻極具韌性」的特質，成為她筆下植物的精神象徵。
寂靜的共感：觀看作為陪伴
在這個被不斷被催促的時代中，陳薇如的創作以水墨為媒介，如同緩慢呼吸般，慢下來，看著墨滲入紙纖維、乾燥、再滲透，像是一場漫長且深沉的對話
她說，自己偏愛黑色，那是一種能包容情緒，吞沒雜訊的顏色，也是一處可以暫時隱匿的棲身之所。在她的畫面裡，墨的層次與留白之間潛藏著未說出的情感，是一種屬於當代的孤獨感，不是悲傷，而是自我安放的方式，學會與自己共處。
【寂靜的無人之地】中的「無人」，不代表排他或拒絕，而是一種開放的邀請。那片空白、那些未被佔據的座位，正為觀者預留了進入的可能。
她說：「即使畫面裡沒有人，觀看本身就是一種陪伴。」因此，她邀請觀者以旅人的姿態輕步前行，不帶目的，只為在這片靜謐中感受和停留。當我們在她的畫面中遊走，也許正是在彼此的靜默裡，找回了共感與呼吸的節奏。
資料提供/陳薇如   採訪編輯/ 鄧乃文"
https://artemperor.tw/tidbits/19081,台灣，高雄市,高雄市現代畫學會【那個浪漫的季節】高師大美術系研究所十人創作聯展,https://d2onjhd726mt7c.cloudfront.net/images/datas/000/121/520/3icagwg7d6qpk6ax0e5vmw03qs72qe0y_800x420^.jpg,2025-11-01 ~ 2025-12-28,高雄市現代畫學會基地（高雄市鹽埕區大智路35巷1-1號2樓）,https://www.facebook.com/maak1987/?locale=es_ES,王燕紅、王燕凰、王鶯桂、李存貞、柯怡君、黃玉菁、柴美娟、陳靜怡、楊綵翊、廖心慈,"《那個浪漫的季節》高師大美術系研究所十人創作聯展
策展人｜林登隆
日期｜11/01（六）～12/28（日）
開幕｜11/01（六）下午2:30
座談｜11/30（日）下午2:30
與談人｜蔡文汀、陳艶淑、林麗華
地點：高雄市現代畫學會基地
（高雄市鹽埕區大智路35巷1-1號2樓）"
https://artemperor.tw/tidbits/19076,台灣，台北市,金車文教基金會【吳奕蓁 創作個展【記憶之外的閃現】,https://d2onjhd726mt7c.cloudfront.net/images/datas/000/121/497/2mwq7trx3v2ldk6r4xy7kzw73s9cruf8_800x420^.jpg,2025-11-15 ~ 2025-12-28,南京東路二段1號3F,https://www.facebook.com/events/1279041524240157/1279041574240152/?acontext=%7B%22event_action_history%22%3A[%7B%22mechanism%22%3A%22attachment%22%2C%22surface%22%3A%22newsfeed%22%7D]%2C%22ref_notif_type%22%3Anull%7D&locale=zh_TW,吳奕蓁,"✴藝術家介紹
吳奕蓁，1998年生，畢業於國立臺北藝術大學，創作聚焦虛擬與現實之間的感知錯位，擅長運用3D建模、列印與數位影像等科技媒材。早期從水墨與雕塑起步，後轉向數位創作，探索身體感知與視覺邏輯的矛盾。她經常從手機相簿的日常影像出發，透過摩爾紋與像素網格轉譯記憶，創造介於真實與虛擬之間的空間。
✴展覽介紹
陽光穿過紗窗落下時，窗外物體的影子被切割成如數位影像般的像素輪廓；螢幕上忽隱忽現的數位紋理，讓記憶在過去與現在之間游移—
影像的扭曲與重組，不只是觀看的錯位，也是感知在真實與再現之間的再生。
以日常影像為起點，透過建模與3D列印，轉譯那些被技術與時間扭曲的片段，捕捉記憶之外仍閃現的存在。
展覽專訪：https://www.kingcarart.org.tw/exhibitions-detail/237
✴展覽資訊
吳奕蓁 創作個展【記憶之外的閃現】
Wu Yi-Jhen Solo Exhibition: Flicker of (Un) Reality
展期：2025.11.15 (六) – 12.28 (日)
開幕：2025.11.22 (六) 下午 15:30
地點：金車文藝中心 臺北南京館（臺北市南京東路二段1號3F）
主辦單位：金車文教基金會/金車文藝中心KCCA"
https://artemperor.tw/tidbits/19024,台灣，新北市,富貴美術館【映物 Mirroring Minds】鍛鑄萬象 映心成形 三人創作聯展,https://d2onjhd726mt7c.cloudfront.net/images/datas/000/121/224/exefoaj7ul0jeuschouurtovt5py95p7_800x420^.jpg,2025-11-01 ~ 2025-12-28,鶯歌富貴美術館（新北市鶯歌區重慶街98號）,http://www.fuguei.com,余敏慈、林耕宏、林聖啟,"映物 Mirroring Minds — 鍛鑄萬象 映心成形 三人創作聯展
▎日期 Date：2025.11.01－2025.12.28
▎參展藝術家：余敏慈、林耕宏、林聖啟
▎館址 Address：富貴鶯歌美術館（新北市鶯歌區重慶街98號）
▎電話 Telephone：037-870-861（週一、週二館休）
More Artworks｜更多作品
『 以自然為鏡，映照內在的靜謐世界 』
鶯歌富貴美術館將於11月01日展出「映物—鍛鑄萬象 映心成形」三人創作聯展，在萬物之中，我們不僅凝視自然同時也被自然反映；此次展覽以「映物」為題，邀請三位創作者余敏慈、林耕弘與林聖啟，作品透過動物與植物的視覺語彙，探討自然與人之間既深邃又親密的連結。他們不將自然視為再現對象，而是轉化為感知與心靈的鏡面，在動物的野性、植物的韻律中，尋找屬於他們內在的回聲。
余敏慈的創作以動物為形，動物不只是描繪的對象，更是通往人類內在世界的隱喻之門。她創作的動物承載著情緒與性格的投射，展現那些人們習於掩藏的內心狀態，相較於人類的偽裝與社會性，動物的本能與直覺更能誠實地映照真實。在創作時她會刻意抹去動物的雙眼，在視覺主導的時代中最直觀的感知焦點，當眼睛不再主導觀看，觀者便被引導離開對外在形象的依賴，回到感知的本質，這樣的選擇不只是形式上的留白，更是一種邀請，邀請觀者超越視覺的表象和的觀看經驗，觸及情感深處那些模糊卻真切的感受，她創作下的動物如同無聲的代言者，在無言的肢體中傳達人類無法言喻的狀態。
林耕弘將目光投向日常視野中最常被忽略的蕨類植物。這些看似平凡的植物，實則擁有細緻且層層遞進的生命節奏，葉片與孢子的排列，在他眼中如同一首首不斷流動的變奏曲，於相似的節奏中展現出無窮的變化；這樣有機的秩序與隱含的韻律，展現出自然的精緻與生命的持續。他的作品邀請觀者重新凝視自然的微觀層次，感受它們所蘊藏的旺盛生命力與詩意。
林聖啟在動植物之間，建構出一種介於真實與夢境之間的視覺語言。他的作品中，玫瑰象徵著細膩與情感的複雜性，鹿則展現出靈動與優雅；他將玫瑰的柔韌與鹿的靈性融合，創造出一種既象徵又超越現實的美學景觀。他習慣從日常觀察出發，去捉自然中那些細微卻張力十足的瞬間，並透過寫實與虛構交織的手法，轉化為他心中詩意而富有想像的畫面，他的創作不是對自然的單純再現，而是以自然作為語彙，書寫他對情感、秩序與存在的想像與感知，同時也希望觀者能在作品裡熟悉的形體中找到共鳴，在出乎意料的組合裡開啟新的思考與想像。
鶯歌富貴美術館舉辦「映物」創作聯展，三位藝術家以其獨特視角與創作語彙，重新詮釋自然萬象，使「物」超越被觀看的角色，成為思想與感知的承載體。展覽期望引導觀眾放下對圖像表層的依賴，深入自然與心靈交織的灰色地帶，重新思考人與自然、感知與存在之間的微妙關係。此次「映物」創作聯展展期於11月01日至12月28日止，鶯歌富貴美術館誠摯邀請大眾走進藝術現場，透過作品重新感受自然的脈動與情感的溫度，並在動植物的形貌與意象中，看見自我、理解他者，進而開啟一場關於內在世界與外在環境的深刻對話。"
https://artemperor.tw/tidbits/19015,台灣，新北市,鶯歌光點美學館【小物大願】賴威帆創作個展,https://d2onjhd726mt7c.cloudfront.net/images/datas/000/121/182/qyg48t461hfxhojlk78muiljct4216mi_800x420^.jpg,2025-10-30 ~ 2025-12-28,新北市鶯歌區陶瓷街18號3F,http://www.fuguei.com,賴威帆,"展覽名稱｜【小物大願】賴威帆創作個展
展覽期間｜2025.10.30－2025.12.28
開幕茶會｜2025.11.09 Sun. 15:00
開放時間｜10：00－19：00（每月一、三週之星期二休館）
地　　點｜光點藝術中心　三樓展覽廳
地　　址｜新北市鶯歌區陶瓷街18號
展覽專線｜02-2678-6577
展覽介紹｜
在不同文化中，人們總是透過各種圖像來寄託心中的願望與祈求平安。這次作者以台灣零食「乖乖」與日本「達摩不倒翁」為核心元素，延伸出系列關於祈願與守護的藝術創作。作品中，熟悉的零食包裝除了是童年的味覺記憶，更在台灣都市傳說中化身為一種象徵性的媒介；人們將「乖乖」擺放於機器旁，祈求順利運轉，這樣的都市傳說已經成為一種在地文化的符號。而不倒翁則承載了日本傳統的祈福意涵，透過重心的穩固，象徵著「七轉八起」的堅韌精神，也提醒觀者在面對生命挑戰時保持希望。
本展覽一方面反映台灣社會如何在科技、生活與信仰中尋找平衡，另一方面也透過日本祈福物的引入，形成一種文化共感。祈願不僅是宗教的專屬語彙，更是人類共通的情感需求。展場中的作品，都是對「願望」這一抽象概念的具體化：無論是期待事業順利、生活安穩，或是對未來的美好期許，都在這些圖像中得到寄託。
走進展覽，觀者將置身於一個介於現實與想像之間的空間。熟悉的零食包裝、童年的符號與異想世界的角色交織，構築出一種輕鬆卻帶有深層寓意的氛圍。在這裡，祈願不再僅是莊嚴的宗教儀式，而是每個人都能參與的生活儀典。觀者或許會在會心一笑之間，回想起自己曾經許下的小願望；也可能在面對不倒翁與乖乖的象徵時，獲得重新思考生命、希望與幸福的契機。最終即便是日常生活中最微小的圖像，也能凝聚出守護與祝福的能量。
▌藝術家介紹 —
賴威帆（Wei-Fan Lai，1984-）畢業於台中教育大學美術系，並於法國歐洲漫畫職業學校進修，現為國立台灣師範大學美術系在職碩士班學生。2019年創立「藝間工作室」，專注於藝術教學與全職創作。作品橫跨插畫、漫畫、潮流設計與家具美學，媒材多元且靈活，常以冷色調營造沉靜氛圍，並善於以場景敘事，展現空間本身的故事性。近年屢獲各大美展肯定，包括台中市薪火相傳藝術家、宜蘭美術獎與保安宮美術獎等，展覽足跡亦涵蓋ART TAICHUNG及個展。"
https://artemperor.tw/tidbits/18878,台灣，高雄市,高雄市立美術館【我們擠得下嗎？】,https://d2onjhd726mt7c.cloudfront.net/images/datas/000/120/576/wehnbsxhr5hs4cj9718q74tt2cxulvps_800x420^.jpg,2025-09-06 ~ 2025-12-28,高雄市立美術館 404、405 展覽室,https://www.kmfa.gov.tw/ExhibitionDetailC001100.aspx?Cond=f1abf5ea-9212-4aba-8f09-cdcccC,李芳吟、吳依宣、沈易頡、吳宣翰、吳迺菲、邱馳、張般源、曾彥翔、黃彧雒＆魏嘉儀、鄭翊良、謝浩群,"藝術家集體是什麼？一群藝術家聚集在一起如何對話、運作、又是如何打造出彼此能協作的地方？在台灣當代藝術史的發展過程中，有許多著名的藝術家群體與其所經營的空間，這些群體的構成往往都帶有一種烏托邦的色彩，時而鬆散、時而嚴謹，一個個刻畫著每個世代的創作氛圍與活力。而他們所經營的空間，無論是對內的工作室、或是面向公眾營運的空間，這些實體地方往往作為藝術家們的聚集之所，充斥著豐富多彩的顏料、尚未成型的草稿、各形各色的五金零件、電子材料、木工工具、油漆、物件與書籍，甚至是臨時性的展演呈現⋯⋯具體地展現出使用者的豐沛創造力，以及孕育著精彩創作的潛力。
〈我們擠得下嗎？〉發展自對於人、物件與環境之間如何建立關係與連結的好奇，並以蘆筍工作室——這個年輕的藝術家群體作為研究與合作的對象，紀錄其自2021年成立以來的進程。展覽在研究過程中以遊戲問答的方式與這11位藝術家展開對話，觀察、蒐集彼此日常生活中被視為平凡無聊的資訊，例如：日常對話、工作室的陳設、以至於對彼此作品的評論等，最終視覺化呈現藝術家群體之間彼此互動與交流作品的過程。從外在環境的認知，到情感上的評估；從實體的空間，過渡到心理的空間，這個展覽試圖測繪一件作品的生產、一個群體的運作，以至於一個藝術空間的形成，並以視覺化文件的方式展出，隱隱勾勒臺灣當代藝術圈中的一個年代切片。
策展人│
施雅恬 SHIH Ya Tien
參展藝術家│
李芳吟 LI Fang Yin
吳依宣 Sara WU
沈易頡 SHEN Yi Jie
吳宣翰 WU Hsuan Han
吳迺菲 WU Naifei
邱馳 CHIU Chih
張般源 CHANG Ban Yuan
曾彥翔 Sean TSENG
黃彧雒＆魏嘉儀  Yuro HUANG ＆ Jiayi WEI
鄭翊良 Owen CHENG
謝浩群 Andy HSIEH
指導單位：高雄市政府、高雄市政府文化局
主辦單位：高雄市立美術館
指定木作除醛：聚合生醫
展覽開幕式
時間：2025.9.13（六）14:30
地點：本館 404.405 展覽室
論壇你我他
時間：2025.9.13（六）15:30-17:00
地點：本館 404-405展覽室
主持人：施雅恬（本展策展人）
與談人：高俊宏（國立高雄師範大學 跨領域藝術研究所 副教授）
參加方式：自由入座，歡迎參加"
https://artemperor.tw/tidbits/19116,台灣，台北市,多納藝術【靜謐之歌 (11.12 - 12.28.2025)】Song of Stillness (11.12 - 12.28.2025),https://d2onjhd726mt7c.cloudfront.net/images/datas/000/121/660/7e7hu50510uiw8dia3ok69h2ccws0zfl_800x420^.jpg,2025-11-12 ~ 2025-12-28,八德路一段1號 紅磚區西7-2,https://www.donnaart.com.tw/fair_show.php?lc=tc&fair_id=688,盧昉、周政緯、王挺宇、傅浩軒、傅作新、堉泉,"《靜謐之歌》展覽由6位台灣藝術家共同參與，透過多元媒材的藝術創作，探索「靜謐」與「內在感知」的核心主題。展出作品涵蓋繪畫、版畫、墨彩等媒材，藝術家們以視覺語言回應人與自然、內心與世界之間的對話與共鳴，將靜謐作為情感表達與心靈感知的起點，引導觀者進入一段尋找平衡與寧靜的內在旅程。
展場動線結合視覺節奏與情緒流動，自《擎天崗看七星山》起始，依序引領觀眾穿越山海、夢境、植物、身體、群像與空間等主題段落，逐步構築一場屬於靜謐的藝術體驗。"
https://artemperor.tw/tidbits/19146,台灣，台北市,赤粒藝術【尋道 : 洪美玲個展 】LOOKING FOR TAO: HONG MEI-LING SOLO EXHIBITION,https://d2onjhd726mt7c.cloudfront.net/images/datas/000/121/779/3nhzxui7uctwpczdjt5rj8sl9ilpdetb_800x420^.jpg,2025-11-08 ~ 2025-12-28,台北市大安路一段116巷15號,https://www.donnaart.com.tw/fair_show.php?lc=tc&fair_id=688,洪美玲,"躲．迷．藏：洪美玲的尋道旅程
（Hide and Seek: The Pilgrimage of Hong Mei-ling）
王嘉驥
洪美玲（1940年生）直到接近不惑之年，毅然辭去專任長達20年的小學教職，轉身投入藝術創作。1977年，她先考入國立藝專（今國立臺灣藝術大學）美術科夜間部；1980年，再前往美國舊金山藝術學院（SFAI），主修繪畫。補足大學部學程後，她於1982年取得藝術學士學位；同時，申請該校碩士學程，於1984年完成藝術碩士學位。
根據洪美玲仍留存的10餘幅創作於1982年的作品資料，約莫看出那時的她仍處摸索階段：少數畫作純屬抽象；更多畫作偏向想像性的造景，具象場景混合半抽象風格。儘管抽象和具象兩種表現主義並陳，洪美玲自言挑選了其中六幅具象景觀，如願進入碩士班。很快地，到了1983年初，她以1982年已在醞釀中的風景為根基，開啟迄今逾50年的《尋道》系列創作旅程。
儘管受西方繪畫訓練，洪美玲創作於1982年的那些風景繪畫，似乎從中國傳統水墨山水獲致不少靈感。以油彩作畫，她卻凸顯暈染的效果，烘托絪縕與朦朧的氛圍。洪美玲的畫面構造不但與歐美習見的風景繪畫迥異，即使從中國山水畫的傳統來看，她擬造的景色也十分另類。倒是不難看出，她別具意識地轉化中國山水繪畫用以描摹山石紋理的皴法，甚至更系統性予以風格化及簡化。就題材而言，洪美玲表現的純粹是天、地、山、水的景觀，雖然距離真實的自然甚遠，而更近於藝術家內心靈視之境。
何以尋道？何處尋道？如何以繪畫體現尋道之思？從雛形階段的1982年到確立主題之初的1983年至1984年期間，洪美玲彷彿偏好構築前景未明的重重險阻，給人山重水複疑無路的視覺印象。畫面渺無人煙，猶如荒廢的末世。洪美玲《尋道》初期的作品，不無弔詭地讓人感覺桃花源還在他處，但祕徑疑似就藏匿在眼前的亂景之中，等待避世的旅人意外發覺。
父親早年赴中國經商的緣故，洪美玲出生於二次世界大戰期間的廣州；直到戰後，她才回歸臺灣，成長於花蓮。國民黨政權入臺之初的1950年代，白色恐怖正酣，洪美玲的父親意外遭匪諜案牽連，無辜入獄，家庭一度陷入困境。為援助家計，她被迫放棄升學，改入師範學校。多年以後，她決意轉向藝術創作，以探尋「心靈的桃花源」為念，可能一定程度折射了自己曾有的遭遇。另一方面，戰後的臺灣以中華文化為依歸，洪美玲自覺地融入中國元素，也是順理成章的選擇，反映其生長時空的思維範式。
《尋道》最初期的形式構成著重藏匿，秘徑隱蔽在畫面幽暗的深處，讓人感覺出路難覓，更不知導往何方。然而，藝術家很快就別開生面，確立鮮明可循的尋道路途，譬如：盤旋迂迴的山中路；可供拾級而上的階梯；宛若聖殿入口的拱形甬道；以及沿著陡峭斷崖闢鑿的險峻道路等。給人道阻且長印象的同時，洪美玲不經意地也提供了尋道者可能永無止境地在路上，甚或迷途的暗示。
歐洲中世紀的宗教朝聖之旅，是天主信徒為了堅定信仰、尋求身體及精神療癒，乃至贖罪的徒步旅程。沿著朝聖路徑，信眾造訪歷史上曾經發生過聖蹟或存有聖徒遺物的知名教堂及修道院所。各種不同路徑的朝聖旅程，甚至編成旅遊指南，提供各地基督徒循線前往。兩相比較，洪美玲擬造的景觀似乎與上述身體力行的朝聖有所不同。
洪美玲自年少時期已信奉天主，必然知道：朝聖依循的是一條已知的明確路線；個人只要克服身心的極限，定能完成信念之旅。然而，她在《尋道》畫面當中，展陳的卻是通向未知的境域。從景物的造形到場景的布建，她的風格持續在簡化的具象與不規則的幾何抽象之間遊走。的確有部分的景觀根據其故鄉花蓮的清水斷崖發想，但僅維持依稀的形似關係。藝術家實際完成的繪畫，增添更多戲劇性的臆造，呈現為高度人工化的造景。
不知是否個性使然，抑或與她早年教導孩童的經驗有關，洪美玲的畫面總是紛繁而不失層次及秩序。即便不知何去何從，甚而迷失方向，觀者不難在藝術家悉心構築的奇異世界裡，找到可能的出路。隨著《尋道》作品的擴增，具有破題作用的「道」已然具現為一條、兩條，甚至三條途徑，循循善誘地引導尋道者前行。與自然主義無關，已非再現，而且偏離寫實，洪美玲為其景物賦予精雕細琢的特殊形像及體貌。經過簡化與變形的物象，宛若造型積木，散發童趣與天真之感。
洪美玲所造的景觀將現象世界的現實隔絕在外。觀者乍看不覺得真實，因為感受不到明確的物質性與重力感。甚至更像夢境，藝術家勾喚觀者的想像於此飄浮，理識一時懸宕，精神隨之臥游。強烈而主觀的色彩還加深了畫中世界的瑰麗與幻想特質。一開始也許只是為了確立創作之路，所以給了一個浪漫修辭——藝術家可能還想不到，曾幾何時，《尋道》竟然就成了她的終極園地。
透過《尋道》，洪美玲體現內心嚮往的美麗世界。然而，人生時有頓挫，一如尋道也會迷蹤失路。運用象徵或轉喻的手段，她將心理層面的困境化為圖像，描摹成阻撓尋道的重重障礙。苦心孤詣創造情境，洪美玲的《尋道》上演著一場又一場猶如躲迷藏的文化遊戲。可能為了躲避、遁逃而藏蹤躡跡，可能已有追求和寄託，卻躊躇著不知行向何方——無論如何，尋道者永遠在路上，繼續念著那個仍在雲深不知處的世外桃源。"
https://artemperor.tw/tidbits/19147,台灣，花蓮縣,花蓮縣石雕博物館【石上之印－國際當代寶玉石首飾創作聯展】Echoes of Light and Shadow: International Contemporary Gemstone Jewellery Exhibition,https://d2onjhd726mt7c.cloudfront.net/images/datas/000/121/787/bk62d4bpt8ly22vul33ga6l9q24tf015_800x420^.jpg,2025-10-17 ~ 2025-12-28,花蓮縣石雕博物館,https://www.hccc.gov.tw/zh-tw/Activity/Detail/14962,Lin Cheung、Patricia Domingues、Min-Ling Hsieh 謝旻玲、Tzu-Yun Hung 洪子筠、Julia Maria Künnap、Elias Neuspiel、Ruudt Peters、Philip Sajet、Moniek Schrijer、Pei Wu 吳沛,"「石上之印－國際當代寶玉石首飾創作聯展」，由花蓮縣政府主辦、花蓮縣文化局承辦、慢鏝設計有限公司策展，自114年10月17日至12月28日，於花蓮縣石雕博物館第一企劃室展出。邀請來自7個不同國家、共10位跨世代的國際當代寶玉石首飾藝術家，以各自的語彙，在玉石中尋找與世界對話的可能性，讓玉石在當代語境中解放思想與形態，將展出逾50件展品。
「翡翠色的一方手帕，帶著白色的花邊……青玉的寒氣在懷裏素潔呵護着一羣飛鳥無聲掠過…」這是楊牧筆下的故鄉，也是眾神護佑之地─花蓮。在這片美到不真實的色彩中，不只有山、有海的環抱，還有那深藏在大山中的寶玉石藏。
花蓮的寶玉石數十年前曾為地方產業帶來蓬勃的榮景，隨時代更迭，傳統玉石產業悄然凋零。過去我們或許只將寶玉石視為單一的工藝與經濟資源，又或者只是鑲嵌於珠寶裡的配角，但隨當代思潮來臨，在地材料如何從中探尋未來的方向？
二戰後的歐洲，人們開始反思權力與傳統價值，首飾不再只是財富與裝飾的象徵。受到包浩斯在結構與材料上的實驗精神，以及存在主義對生命荒謬與自我覺察的啟發，藝術家們開始以首飾探索身體經驗、個體存在，並回應當代社會議題，開啟了當代首飾藝術的新篇章。這種精神，也為我們看待花蓮寶玉石應用提供了新的視角——不僅是自然遺產，更是一種文化語言。
本展舉辦目的，並非是給予答案，而是提出問題與思考，在當代我們如何能穿透玉石的本質回到文化的面相，透過創作者們回應當代的脈動，去創造承載個人思想、表達情感、觸及社會議題的主體。這些材料，還有哪些可能性？
石上之印，是時間在石頭上留下的低語，也是創作者以雙手回應大地的痕跡。此次展覽，花蓮縣文化局希望以更多元的視角，飛越土地，邀請來自7個不同國家、共10位跨世代的國際當代寶玉石首飾藝術家，以寶玉石為媒材的當代首飾創作匯聚花蓮。
來自荷蘭的 Ruudt Peters 以首飾探索人類靈魂的本質，作品中容器象徵生命的承載與空無，融合多元文化與宗教符號，讓個人經驗與普世精神交織，呈現出沉默卻深邃的詩意。
同樣來自荷蘭的 Philip Sajet 則在當代與經典之間遊走，將當下語境與跨文化的普世美感結合，以幽默而自由的視覺語言創作，讓首飾跨越時間與文化，與佩戴者建立親密的連結。
來自英國的 Lin Cheung 以簡約卻富於詼諧的風格，探索價值與身份、社會議題、政治符號與個人化表達。她運用深厚的材料知識，重新詮釋傳統首飾形式，將日常物件轉化為充滿情感與意義的佩戴體驗。
葡萄牙藝術家 Patricia Domingues 在作品中捕捉自然與人工材料之間的張力，讓控制與失控並存，透過創作與材料進行對話，將玉石視為充滿生命力的共生夥伴，而非被完全支配的媒介。
來自愛沙尼亞的 Julia Maria Künnap 觀察自然與日常經驗，將微小具體的生活體驗融入材料的刻劃，看似單純卻突破傳統工藝，成為純粹真誠的首飾語言。
來自紐西蘭的 Moniek Schrijer 擅長轉化回收材料或人造寶石，將首飾、雕塑與多媒體藝術融合，以幽默與批判的視角探索物件與身體、平面與空間的界限，邀請觀者重新思考材料、環境與感知之間的關係。
奧地利藝術家 Elias Neuspiel 以夢境與記憶為靈感，透過與石材的互動，創作出開放且多義的作品，邀請佩戴者參與，使作品在身體上持續演變，成為個人經驗與想像的延伸。
臺灣藝術家洪子筠透過結合臺灣與德國的材料，隱去其來源差異，藉此探討跨文化環境下的身份認同與自我轉變，回應文化適應中的內在衝突與和解。
吳沛將家庭關係與文化壓力化為創作的核心，以材料的扭曲與痕跡表現愛與束縛交錯的複雜情感，並以玉石與「毛刺」揭示表象之下被隱藏的故事。
謝旻玲透過貴金屬與玉石的交融，以光影在金屬與孔隙間流轉，探索內外空間與虛實邊界，邀請觀者在靜觀中感知，發現心靈深處的寶藏，呈現物質與精神交融的詩性體驗。
十位藝術家，十種聲音，跨越萬里共同在花蓮這片土地上留下交會的印記，與花蓮展開對話。寶玉石不再只是靜止的礦物，而是承載思想、記憶與情感的容器。
這一道道穿透石上的光與影，敲醒了臺灣與國際當代首飾舞台間的回響，引領觀者以嶄新的視角看見寶玉石材料的無限可能。
"" Echoes of Light and Shadow: International Contemporary Gemstone Jewellery Exhibition,"" hosted by the Hualien County Government, organized by the Hualien County Cultural Affairs Bureau, and curated by Mano, will be on display in the First Planning Exhibition Area of the Hualien County Stone Sculpture Museum from October 17 to December 28, 2025. This this exhibition invites ten international contemporary jewellery artists from seven countries and across generations. Each uses their unique vocabulary, seeking new possibilities of dialogue with the world through stones—liberating thought and form within a contemporary context. More than 50 pieces will be on display.
“A jade-green handkerchief, trimmed with white lace... the stone-chill gently nurtures a flock of silent birds as they sweep past...” This is Hualien, in the words of poet Mu Yang—a homeland watched over by the gods. Within this landscape of surreal colors, embraced by mountains and sea, lies the hidden treasure of gemstones deep in the mountains.
Decades ago, Hualien’s gemstones brought prosperity to local industry. With the passing of time, the traditional jade trade quietly declined. In the past, gemstones were perhaps regarded merely as craft or economic resources—or as supporting roles embedded in jewellery. Yet as contemporary thought has evolved, how might these local materials find their future direction?
After World War II, Europe began to reflect on power and traditional values. Jewellery ceased to be only a symbol of wealth and adornment. Inspired by Bauhaus experiments in structure and material, and by existentialism’s insights into absurdity and self-awareness, artists began to use jewellery to explore bodily experience, individual existence, and contemporary social issues—opening a new chapter in contemporary jewellery art. This spirit offers us a fresh perspective on treating the gemstones of Hualien—not merely as natural heritage, but as a cultural language.
The aim of this exhibition is not to provide answers but to pose questions: Nowadays, how might we look beyond the essence of gemstone and return to its cultural dimension? How can makers respond to the pulse of our time, transforming gemstones into vessels of personal thought, emotional expression, and social engagement? What other possibilities are there?
Echoes of Light and Shadow is the whisper time leaves upon rock, and the trace of the maker’s hands in dialogue with the earth. With this exhibition, the Hualien County Cultural Affairs Bureau seeks to transcend geographical boundaries, inviting ten international contemporary jewellery artists from seven countries and across generations. Showcasing their contemporary jewellery creations using gemstones as the medium.
Ruudt Peters from the Netherlands explores the essence of the human soul through jewellery. His vessels symbolize both the fullness and emptiness of life, weaving together diverse cultural and religious symbols to merge personal experience with universal spirituality, resulting in works that are silent yet profound.
Also from the Netherlands, Philip Sajet wanders between the contemporary and the classical, blending the present with a universal sense of beauty. His humorous and free visual language allows jewelry to transcend time and culture, forging intimate connections with its wearer.
Lin Cheung from the UK works in a style both minimal and playful, engaging with themes of value, identity, social issues, political symbols, and personal expression. Drawing on deep material knowledge, she reinterprets traditional jewellery forms, transforming everyday objects into wearable experiences of emotion and meaning.
Portuguese artist Patricia Correia Domingues captures the tension between natural and artificial materials. Her works embrace both control and unpredictability, seeing materials as vital partners in creation rather than dominated mediums.
From Estonia, Julia Maria Künnap draws on nature and everyday experience, embedding subtle, concrete experiences of life into her treatment of materials. Seemingly simple yet breaking away from traditional craftsmanship, her jewellery language is both pure and sincere.
Moniek Schrijer from New Zealand reimagines recycled materials and synthetic gemstones, fusing jewellery, sculpture, and multimedia art. With humor and critique, she questions the boundaries of object and body, surface and space—encouraging viewers to reconsider the relationship between material, environment, and perception.
Austrian artist Elias Neuspiel takes inspiration from dreams and memory. Through interaction with stone, he creates open and multilayered works that invite wearer participation, continuously evolving on the body as extensions of imagination and experience.
Taiwanese artist Tzu-Yun Hung combines materials from Taiwan and Germany, erasing their differences in origin to explore identity and transformation in cross-cultural contexts—responding to inner conflicts and reconciliation in cultural adaptation.
Pei Wu centers on family relationships and cultural pressures, using distortion and traces on material to express the entangled emotions of love and restraint. Through “glitch” in jade, she reveals hidden stories beneath surfaces.
Min-Ling Hsieh blends precious metals and jade, capturing light as it flows through metal and voids. Her works explore boundaries of interior and exterior, presence and absence, inviting contemplative perception that uncovers inner treasures, presenting a poetic fusion of material and spirit.
Ten artists, ten voices, spanning continents, come together in Hualien to leave their intersecting marks on this land. Here, gemstones are no longer static minerals but vessels carrying thought, memory, and emotion."
https://artemperor.tw/tidbits/19100,台灣，台中市,靜宜大學藝術中心【聽雨—蕭聖健聲景藝術個展】,https://d2onjhd726mt7c.cloudfront.net/images/datas/000/121/576/xzdprael7ye9zkrgzahzmjkgjnyzi9yp_800x420^.jpg,2025-11-03 ~ 2025-12-30,靜宜大學藝術中心（台中市沙鹿區台灣大道七段200號）,https://art.pu.edu.tw,蕭聖健,"文｜蕭聖健
從小我就一直很喜歡雨天，身處迷濛的雨景就像是走進加了濾鏡的電影場景，心境整個都夢幻了起來。雖然不知為什麼，雨天總是莫名的帶給人一股讓人說不上來的憂傷感。雨聲是一種白噪音，它有種神奇的魔力，能隔絕四周的塵囂，讓心靈停止思緒從而進入一種空靈的狀態。已不記得上次能一個人悠閒地放下所有俗事，靜靜地聽雨是多久以前的事了……。
那時候，天上的烏雲如同潑墨畫一般，不斷翻滾。遠處傳來了悶悶的雷聲，伴隨著突然出現的電閃雷鳴，一陣風吹過樹梢傳來陣陣沙沙聲。我好像能看到風在樹梢間遊走。
豆大的雨滴開始落在土地上、草上、樹上、屋頂上、擺在戶外的物品上。聲音從此起彼落的趴答趴答聲，很快地轉為密集的沙沙聲。傾盆大雨讓原本乾涸的土地開始濕潤、積水。夾雜著水滴聲和潺潺的流水聲，從樹上和屋簷斷斷續續滴落的水滴落在積水上，濺起了一圈圈的水花。
透過像珍珠掛簾般流淌在玻璃窗上的水珠往外看，遠處的景色像是罩上了一層薄紗，淡淡的雨霧有種迷濛的美感。就像淡出淡入的影音效果般，逐漸消失的沙沙聲，在不知不覺間轉換成了田野間的蛙鳴和蟲鳴，興奮地迎接久逢的甘霖，慶祝著又一次的風調雨順。
現代工業文明的發展，永遠改變了大家原本的生活方式和身邊的環境。大自然的美麗景色逐漸消逝不再，吵雜穿梭的人車雜沓取代了記憶中的鳥叫蟲鳴。為了重現記憶中的情景，我試著在身旁的機械和物件所製造出的噪音和光影中去尋找，尋找腦海中的聲音和情境。
藉由馬達、投影機、雷聲鼓、塑膠袋、板凳、墨斗等生活用品和一些五金零件所組成機械裝置，再加上機械的自動化運作及一些道具組合的巧思，我試著在展覽現場，呈現出由雷聲、雨聲、流水聲、與蟲鳴蛙聲所共組成的一幅虛構的雨天立體聲景色。
在材料的選取和組合手法上，我刻意呈現出一種天真、粗糙的手工性。藉由人工方式所營造出的仿自然美景，反諷人類為追求工業與科技文明的發展，反而使身心遠離原有與大自然和諧共處的心境。物件與機械動力結合運用，與其說是企圖在作品中融入科技感或現代性，還不如說是在追求現代都市化生活的慾念的同時，仍保有對清淨單純心境的渴望，以及對消逝的自然美景的緬懷。"
https://artemperor.tw/tidbits/18707,台灣，台北市,大岡藝術空間【大岡藝術空間-2026年展覽徵件 】申請日期︱2025年8月8日0時～2025年12月30日下午19,https://d2onjhd726mt7c.cloudfront.net/images/datas/000/119/850/lizfqbybwh3aw8ntxure71nyqzrklmo8_800x420^.jpg,2025-08-08 ~ 2025-12-30,台北市中正區南昌路二段70號3樓之2,https://www.facebook.com/share/p/zqnHtEDWA53b5Wop/,蕭聖健,"大岡藝術空間-2026年展覽徵件
申請日期︱2025年8月8日0時～2025年12月30日下午19時
大岡藝術空間著力推廣東方美學、水墨、膠彩、工筆、書篆與當代藝術，根基傳統亦接納當代藝術表現語彙，挖掘優秀藝術創作者，培育新銳藝術家，結合實體空間與雲端科技，建立藝術家與觀者互動之平台；透過藝術、學術與跨領域合作藝文活動，與藝文愛好者共同探索廣袤的藝術世界。
威力大岡文化藝術基金會及大岡藝術空間為鼓勵當代藝術創作，為藝術家提供藝術實體空間呈現藝術生態多元性及開創性，鼓勵國內外各類優秀藝術創作者提案，期提供觀眾當代思辨與創作多樣化之藝術美感培養與體驗。現開放2026年展覽檔期，藝術創作形式、內容、媒材不拘，歡迎具有中華民國國民及外籍公民，18-70歲藝術家申請個人藝術展覽及藝術團體聯展。
展覽申請一律採線上作業，請填寫線上申請表單：https://forms.gle/dB1xs9vG8rMz7tFq6
展覽評審通過會以電話通知聯絡後續申請作業。預計2026年2月底前於官方網站及臉書粉專上公佈2026年展覽排程。
#藝術展覽 #水墨藝術 #展覽申請 #大岡藝術空間 #exhibition #taipeiexhibition #groupexhibition #dagangart #dagangartgallery"
https://artemperor.tw/tidbits/16681,台灣，台北市,國立臺灣師範大學 梁實秋故居【春華秋實】梁實秋故居常設展,https://d2onjhd726mt7c.cloudfront.net/images/datas/000/110/626/locqerh0joj6992zzwmyhivy13pc1e1t_800x420^.jpg,2024-06-05 ~ 2025-12-31,梁實秋故居,http://archives.lib.ntnu.edu.tw/theLianghouse/index.jsp,梁實秋文物典藏,"2024年為國立臺灣師範大學（以下簡稱臺師大）102週年校慶。臺師大擁有悠久的歷史，在這段歷史中，有許多傑出的人物對學校和社會產生了深遠的影響，其中之一就是梁實秋先生。他是華文文壇泰斗級的散文家、翻譯家與教育家，也是臺師大16位大師中的一位。
梁實秋故居位於臺北市雲和街，是臺灣少數保存良好的作家故居之一。經過臺師大自籌經費的努力，這座歷史建築得以完成修復，並於2019年交由臺師大圖書館管理和營運。這所故居不僅是梁先生生前的重要居所，更是一處文化寶藏，期間陸續獲得梁先生家屬和民眾捐贈的珍貴文物，這些文物顯著地豐富了故居的收藏和展示內容。
為了更好地展示梁先生的生平事蹟和貢獻，臺師大圖書館特別更新故居的常設展覽，以呈現臺師大豐富的人文風貌。本次常設展共規劃5個展區，分別是：「說故居由來」、「梁實秋年表」、「梁實秋學堂」、「旅居西雅圖」和「暮年勤著述」。透過這些展區，臺師大希望讓大眾透過文物典藏和建築，瞭解故居的歷史、梁實秋的生平事跡以及他對教育和文學的貢獻。這不僅是對梁實秋先生的緬懷與致敬，也是對臺師大豐富人文歷史的呈現和傳承。"
https://artemperor.tw/tidbits/18452,台灣，台北市,善導寺常寂光展示廳【碑帖映象 融古創新】黃一鳴作品陳列展,https://d2onjhd726mt7c.cloudfront.net/images/datas/000/118/521/bkufq20hhedobtgsmjd51v1g0o0x4av5_800x420^.jpg,2025-06-20 ~ 2025-12-31,善導寺大雄寶殿四樓 常寂光展示廳(100台北市中正區忠孝東路一段19號),http://archives.lib.ntnu.edu.tw/theLianghouse/index.jsp,黃一鳴,"碑帖映象 融古創新： 黃一鳴作品陳列展將於善導寺開展
陳昭伶
有一條線，從心底出發，越過一座座小山花園，穿梭在不知名的地方圍繞，一團團的煙霧， 讓線條變成了迷惘，就這樣陷入回憶，敘述過往雲煙。 —黃一鳴「水墨的悸動」
黃一鳴教授捐贈《秋興》八首、禮器碑陰、王維詩、《心經》……等18 件傳統書法及抽象水墨作品給善導寺博物館典藏，該寺將於常寂光世界館舉辦「碑帖映象．黃一鳴作品陳列展」，6月20 日(五)上午10 時舉辦開幕典禮，每周三、六(上午9時至下午5時)開放參觀，歡迎各界愛好藝文的朋友蒞臨觀賞融古創新的書藝作品，共同參與這場藝壇盛會！
為此，善導寺董事長如乘法師於3月12 日，前往黃教授書畫教室拜訪，筆者隨行採訪紀錄。如乘法師認識黃教授超過50 年，他說：「我讀小學時很活潑好動，母親希望我可以靜下來用功讀書，就送我去遠房親戚黃教授那學寫書法。」
「記得我剛開始練字時，寫了兩個大字後，自己覺得很不滿意，就將宣紙揉一揉丟到垃圾桶，當時黃教授還特別撿起來，將宣紙攤開舖平，語氣平和地說：『將紙寫滿再回收。』那時廿初頭的他已經學養俱佳，至今我練字還深受影響！」
原來有過往的一段師生緣，也有長輩對晚輩的疼惜，彰化十方學舍大殿佛像後才有黃教授書寫的《金剛經》，才有善導寺博物館今年開展的書畫展了！
傾注所有心力探索、創作書藝
抵達書畫教室，主要的陳設是已舖上黑色墊布大桌子、角落有許多書畫作品，牆上有投影布幕， 全室有著淡然樸實的氛圍。
第一次見到黃一鳴教授，他的長髮比網路上的相片更加飄逸灑脫，言談舉止從容不迫，面對書法藝術生疏的我，他找出作品緩緩展開捲軸，徐徐解說他的創作特點。黃教授所書各體書法都有明顯的韻律美感，令觀者對線條有種想像的喜悅，筆意間彷彿透著流瀉的音符，特別有王維詩中的寧靜與音符交織的境界。可以明顯感受到創作者高深莫測的情志涵養，又有著動態流淌的細膩情感，有著說不明白的莫明感動，其強大的書藝能量深烙腦海。
如乘法師向黃教授說明，善導寺常寂光世界館展出所捐贈18 件書畫作品外，希望可以展出每階段創作代表作品，成為書畫藝術常設展，讓民眾細細品味、薰習藝術，完整了解黃教授創作歷程。
黃一鳴教授長期致力於書法創作及書史研究， 獲有書法創作與理論博士。在70 年代，黃教授即投入書法創作，無論是篆、隸、行、楷、草書，他都傾注所有心力探索並努力實踐，從而建立了深厚的根基。在90 年代，曾於台灣省立美術館、台北市立美術館舉行書法個展，即獲得良好的評價與迴響。
黃教授表示，在創作方面無一日間斷，甚至為創作一件作品從頭至尾有相同的氣韻，可能五、六個小時維持同樣的姿勢創作，無法一日完成的大幅作品，則連睡覺都在想著創作。他還經常以古賢為楷模，思考他們每個階段的成就，相比自己現在的狀況，以期勉自己更加努力。
黃一鳴教授是位敢於創新的當代水墨藝術家， 從鑽研書法理論進而深化他的思想與藝術哲理，藉著「碑」、「帖」這兩種特殊線質，將書法線條與水墨相融於無形。
2013年於寧波美術館展覽時，定調了他從書法可識文字轉向「線性抽象」的開展。當時，黃教授有所感悟寫下：
「我將碑學中的蒼茫、渾厚、粗獷、生拙， 以及帖學中的精緻流暢、遒麗多姿相揉在一起，讓它氣韻生動，並在迭宕錯落的造型和不同的節奏下，闡述陰陽相互的交融與和諧。」
「我從可識文字積累不同的架構出發，用更純粹的線條積澱出不同意味又能抽離固有形式去重新建構。希冀在不同形式的生活體驗、社會認知及對周遭環境的感悟做出新的意象表現。」
黃教授書法根基深厚，歷經數十年潛心探索與突破，自書法元素中萃取出風格強烈的「線質」精髓，以抽象感知與線性質地，開創融匯東、西方的當代水墨抽象表現。
「線質」，是他讓心靈顯影的最佳媒介。他的畫作，似乎更能捕捉到心靈的一種無以名狀的真實狀態，直接的、毫不遮掩的、記錄著內心的悸動。他的作品喜歡層疊墨色，在線條交織的畫面中看到書法在宏觀的自然中表現時間與空間的渾然天成， 也喜歡在纖細中，體會書法筆觸的舒暢與典雅所產生的內心變化。他把筆觸、撞擊、音樂擺放在一起，創造出更為豐富的存在狀態。
對於水的運用更是有獨到的體認，他將水提升為主體性，在畫作裡藉由水的漂洗來述說生命是否能夠常存或是很快只能留下斑痕的種種自然現象。"
https://artemperor.tw/tidbits/18451,台灣，台南市,藝星藝術中心【走進歡樂的風景裡探險】2025 盧俊翰個展,https://d2onjhd726mt7c.cloudfront.net/images/datas/000/118/519/78na5wyvm69js3m5mpll7so6vmzvl6s6_800x420^.jpg,2025-07-01 ~ 2025-12-31,蕭壠文化園區兒童美術館A10館(台南市佳里區六安里六安130號),https://soulangh.tnc.gov.tw/index.php,盧俊翰,"盧俊翰居住在依山傍水的花蓮，創作靈感來自生活與旅途中的風景，融合自身想像。他以東台灣的自然景觀為起點，擴及全島，以畫筆與土地對話，呈現充滿活力與希望的台灣地景。
他以童真的視角觀察自然，將個人經驗化為故事，在畫布上重組風景，賦予場景記憶與情感。透過鮮明色彩與幾何圖騰，描繪山水詩意、夢境雲海、湖岸邂逅與海底世界，營造出明快歡樂的視覺體驗。每件作品都是他與風景相遇的紀錄，也是對這片土地的深情告白。
此次展覽《走進歡樂的風景裡探險》以展覽空間中的隔間區劃出八大主題，包括：「似曾相識的山水風景」、「穿越寧靜的流光雲海」、「奇思異想的白日夢境」、「奇幻旅程的魔幻夢境」、「怪誕逗趣的不期而遇」、「侘寂禪風的庭園造景」與「幾何建構的立體作品」及「千姿百態的山形情境」，觀眾將在六個展區中展開一場色彩與想像交織的風景探險。
走進歡樂的風景裡探險
Embark on a Playful Journey Through Joyful Landscapes
盧俊翰 創作個展
展期 | 2025.07.01 – 12.31
地點 | 蕭壠兒童美術館A10特展館(台南市佳里區六安里六安130號)
開館時間 |  週三 - 週日 9:00-17:00
主辦單位 |  臺南市政府文化局
承辦單位 |  蕭壠文化園區"
https://artemperor.tw/tidbits/18281,台灣，台北市,大岡藝術空間【大岡國際藝術村 Dagang International Artist Village 】Tamsui Dagang Seaside Art Village  藝術家駐村計畫  Artist residence art creation program,https://d2onjhd726mt7c.cloudfront.net/images/datas/000/117/715/sr3fveymsyuj3xljbqhs57isf60i9r0u_800x420^.jpg,2025-04-17 ~ 2025-12-31,台北市中正區南昌路二段70號3樓之2,https://soulangh.tnc.gov.tw/index.php,凡年滿22歲以上之本國公民或外籍之藝術專業人士,"大岡國際藝術村 Dagang International Artist Village
~Tamsui Dagang Seaside Art Village
藝術家駐村計畫  Artist residence art creation program
—————————————————————————————
主辦單位：威力大岡文化基金會 & 大岡藝術空間
協辦單位：大岡雲端藝術科技有限公司
為增進臺灣與國際藝術文化交流，讓更多國內外藝術家通過在臺北的實地生活與藝術體驗，用不拘形式之藝術創作展現對臺灣藝術與人文的獨特觀察視野，也同時活躍臺灣藝術的多元性，增進藝術的廣闊包容性與國際化，威力大岡文化基金會與大岡藝術空間共同營造一個幽靜舒適的藝術駐村之家，位於知名海景淡水漁人碼頭，沙崙海灘、海洋大學附近，空氣清新，風景秀麗，人文薈萃，交通便利，通淡水各知名景點，八里左岸、山芝，白沙灣，金山，陽明山，既有蔥鬱山景，也有浪漫迷人之海景，是藝術家潛心創作的理想之地。現開放時段，接受國內外藝術家申請入駐，最短一個月，最長三個月及半年之藝術駐村計畫：
一、駐村環境
提供全套生活機能齊全的住宿環境，可選擇
A、主臥室1間，獨立的床，衣櫃及書桌(含單獨衛浴) 。
B、客房臥室2間，獨立的床，衣櫃及書桌（共用衛浴）。
C、共用廚房（全套餐廚具）、 洗衣間（洗衣機及烘衣機）、
餐廳（冰箱） 、八樓藝術工作室、天臺 。
D、周邊交通工具：輕軌 、公車、Ubike、 WeMo 、iRent
E、提供每週清潔，免費打掃一次。
二、交通環境
A.直行5分鐘，輕軌海洋大學站
B.藝術家駐村樓下街口即公車站，大樓前面有玖翼租車
C.步行河邊步道15分鐘到沙崙海灘
D.海洋大學站有Ubike租借
三、 藝術家駐村實地圖樣參考：
A：Google Map: https://maps.app.goo.gl/AeyGvT6WSQfveCWt5
B: 大岡藝術家駐村實景：
https://drive.google.com/....../1sCNAIRjEk37SWGnoCc5ge......
四、申請條件：
1) 、凡年滿22歲以上之本國公民或外籍之藝術專業人士。
2)、 藝術種類分：視覺類、音樂、舞蹈、戲劇 ，創作題材不居但與臺灣文化相關主題為佳
3)、 視覺藝術家駐村創作主題媒材不限，平面&立體呈現皆可；建議重點在藝術發展脈絡及系列性創作。
4）、 藝術家入住分為自費&免費，若藝術家捐贈藝術品，可由威力大岡文化藝術基金會視實際評估，提供補助免費申請入住。
五、藝術家培育計畫：
1) 、藝術家駐村期間需舉辦藝術工作坊，藝術家將個人藝術轉化為藝術課程，大岡藝術空間將向社會開放體驗，讓藝術家能夠與當地民眾互動，增進一般民眾參與了解多元藝術的興趣，推廣其藝術理念。
2)、專設的形象策劃，為藝術家記錄藝術創作歷程並定期在媒體發佈藝術創作動態，並策劃舉辦展演開幕式、藝術個展及演講互動活動，為藝術家的藝術前景和市場鋪陳。
六、徵件期間：
1)、 藝術家駐村申請開放時段：#2025年4月16日起開放申請
七、收件方式：
1)、請填寫google報名表單：https://ssur.cc/SJ3p5cjQ
2)、 請寄【藝術家個人簡歷】、【藝術家個人駐村計畫書】，【藝術家個人作品集】至：dagangart@gmail.com
3)、 為避免信件遺漏，請寄出信件後來電確認（電話：02-23681968 ，手機0928979215 唐小姐rain）
4) 、 親愛的藝術家朋友請加入大岡藝術空間官方客服line@，由專人爲您服務，感謝您的配合。...
Organizer: Dagang Art Cultural Foundation & Dagang  Art
Callery organizer:Dagang Cloud Art Technology Co., Ltd.
In order to promote art and cultural exchanges between Taiwan and the rest of the world, and to allow more domestic and foreign artists to live and experience art in Taipei, to show their unique vision of Taiwan's art and humanities with their art creations in various forms, and to activate the diversity of Taiwan's art as well as the inclusiveness of art, this project is a joint effort by Dagang Art Cultural Foundation & Dagang  Art
Callery  to create a quiet and cozy art village. In order to increase the inclusiveness and internationalization of art, Dagang Art Cultural Foundation & Dagang  Art
Callery are working together to create a quiet and cozy art residency located near the famous seascape Danshuei Fisherman's Wharf, Shalun Beach, and the Ocean University, which is characterized by fresh air, beautiful scenery, humanities, and convenient transportation, and is accessible to Danshuei's famous scenic spots, such as Bali Zuoan, Shanzhi, Baishawan, Jinshan, and Yangmingshan, which is ideal for artists to create their artwork with a unique vision of Taiwan art and humanities through unconventional forms of artistic creations, as well as active of art in Taiwan, which will enhance the broader inclusiveness of art and internationalization of art. It is an ideal place for artists to create their works. We are now open to accept applications from domestic and foreign artists for a minimum of one month, a maximum of three months and half a year diversity for the Artist-in-Residence Program:
I. Residency Environment
We provide a full set of fully functional living accommodations, which can be chosen from
A. 1 master bedroom, with a separate bed, closet, and desk (including a separate bathroom).
B. 2 guest bedrooms with separate beds, closets and desks (shared bathroom).
C. Shared kitchen (full kitchens), laundry room (washer and dryer),
restaurant (refrigerator), 8th floor art studio, rooftop.
D. Peripheral transportation: light rail, bus, Ubike, WeMo, iRent
E. Weekly cleaning and free cleaning are provided.
Transportation environment
A. Straight ahead for 5 minutes, the light rail Ocean University station
B. Artist Residency down the street that is the bus station, in front of the building there is a Nine Wings rental car company
C. Walking river walk 15 minutes to Shalun Beach
D. Ocean University station with Ubike rental
III. Artist Residency site map reference:
A: Google Map: https://maps.app.goo.gl/ AeyGvT6WSQfveCWt5
B: Ooka Artist-in-Residence Live View:
https://drive.google.com/...... /1sCNAIRjEk37SWGnoCc5ge......C. Walking river walk 15 minutes to Shalun Beach
D. Ocean University station with Ubike rental
III. Artist Residency site map reference:
A: Google Map: https://maps.app.goo.gl/ AeyGvT6WSQfveCWt5
B: Ooka Artist-in-Residence Live View:
https://drive.google.com/...... /1sCNAIRjEk37SWGnoCc5ge......
Application Criteria:
1), All local citizens or foreign art professionals who are 22 years old or above.
2) Art categories: visual, music, dance, drama, and the subject matter of the creation is not limited, but the theme related to Taiwan culture is preferred.
3) Visual artists in residence are not limited to the subject matter of the creation of media, both flat and three-dimensional presentation can be; it is recommended to focus on the artistic development and series of creations.
4) Artist residency can be self-funded or free of charge. If the artist donates artwork, Dagang Culture and Arts Foundation will provide subsidies to apply for free residency depending on the actual evaluation.
V. Artist Nurturing Program:
1) Artists are required for art workshops during their stay in the village. Artists will transform their personal art into art courses, and the Ooka Art Space will be open to the public for experience, so that artists can interact with local people, increase the general public's interest in learning about diversified art, and promote their art concepts.
2) Dedicated image planners will record the artists' art creation history and regularly publish the art creation news in the media, as well as plan and organize opening ceremonies, solo exhibitions, and lectures and interactive activities to pave the way for the artists' art prospects and markets.
Call for Entries:
1), Artist-in-Residence Application Open Period:  start to #April 16, 2025
VII. Receipt of Entries:
1), Please fill out the google application form: https://ssur.cc/SJ3p5cjQ
2), Please send [Artist Biography], [Artist Residency Proposal], [Artist Portfolio] to: dagangart@gmail.com
3), in order to avoid missing letters, please call to confirm after sending the letter (Tel: 02-23681968, cell phone 0928979215 Ms. rain)
4), dear artists and friends, please join the official customer service line@【 line@ ID : @664JPVRZ   】, by the specialists for your service, thank you for your cooperation...."
https://artemperor.tw/tidbits/17620,台灣，花蓮縣,國王十字藝術社【花蓮部落的癱瘓勇士- 45度角畫家金根鴻 】在花蓮開啟全新藝術天堂 至少為期一年的特展,https://d2onjhd726mt7c.cloudfront.net/images/datas/000/115/138/n43we8m305tyewj0pxoy2h3876mremqf_800x420^.jpg,2024-12-01 ~ 2025-12-31,花蓮新天堂樂園二樓 / 花蓮縣吉安鄉南濱路一段503號,https://soulangh.tnc.gov.tw/index.php,金根鴻,"因年僅15歲時遭遇車禍導致全身癱瘓，僅餘頸部與手腕能活動，癱瘓至今已逾30年。於2014年，因與林岳志結緣，得以接觸「待用課程」計畫，由兩位創辦人林才越與陳欣婷透過系統性的規劃，為其量身訂製一條邁向藝術家的學習之路。今年2024年歲末，與花蓮新天堂樂園合作，提供二樓空間為期最少一年的特展。從文化平權的視角出發，藝術作為文化資源與社會溝通的媒介，對偏鄉產生心理、情感與社會性影響。透過持續的藝術實踐，也為偏鄉弱勢群體的社會參與鋪設出一條未來之路。
「待用課程」與金根鴻計畫已完成十年的深度藝術陪伴與賦能計畫，邀請國內外傑出藝術家與專業人士參與，進行長期的一對一指導與陪伴。參與師資包括花蓮文馨獎得主沈廷憲、旅英藝術家陳墨田、資深藝術工作者王文宏、策展人王義智、資深畫家暨前華岡藝校校長唐自常、曾獲美國白宮大獎的藝術家蔡爾平、資深藝術工作者許水源、日本攝影師Takashi Okamoto，以及英國策展人陳欣婷博士等師資，透過長期一對一的陪伴指導，累積計畫時數近千堂，並籌辦多次藝術展覽，並由「待用課程」花蓮在地的發起人之一陳世賢協助展覽事宜，讓更多人見證他的勇氣與奇蹟。
「待用課程」課程內容涵蓋多元媒材技法、立體造型、符號運用、風格探索、策展實務、藝術史、構圖原理、藝術行銷及IP授權等領域，讓學員透過繪畫，探索無邊際的藝術世界。在台灣許多口足畫家多因手部疾患而以咬筆方式作畫。然而，金根鴻於15歲車禍後全身癱瘓，僅能運用脖子與手腕，長達30年來只能躺在床上，以45度角咬筆繪畫，因而以《45度角畫家》為其品牌名稱，象徵其獨特的創作視角與堅毅不屈的藝術精神。並展現了藝術賦能的多重可能性。這些展示過程不僅賦予其社會存在感，還擴展了其審美經驗與文化視野，提供文化身份建構與主體性發展的機會，進一步提升其文化自信與自我價值的認同。
花蓮豐濱部落癱瘓勇士 45度角畫家金根鴻 資歷
2014-2024 年
○「待用課程」與金根鴻計畫是一項為期十年的深度藝術陪伴計畫，並舉辦多次大型展覽，讓更多人體驗雖然全身癱瘓卻仍不放棄希望的金根鴻奇蹟。與英國資深策展人陳欣婷博士簽訂為期十年的經紀合約，陳博士將全面負責展覽規劃、授權教學等相關事宜。同時，所有畫作銷售收益將不進行分潤，原畫銷售所得全數歸屬於根鴻及其計劃。此外，複製畫作將捐贈予公益用途，以此回饋社會與感謝過去30年間社會中曾協助過根鴻的善心人士與團體。
2014年
○待用課程有系統地為他為期十年深度量身訂做，成為藝術家的學習之路，並取名為「45度角畫家」的品牌名稱（因咬著筆只能用45度角創作）。
2015年
○總統馬英九先生來花蓮禪光育幼院參與待用課程計畫時，金根鴻將其作品《花蓮藍》送給馬總統收藏。
2017年
○於台北華山創意園區巷貓舉辦「45度角畫家：金根鴻- 揮灑畫布人生」個展。
○於台北順益博物館舉辦「45度角畫家：金根鴻- 揮灑畫布人生」個展。
2019年
○於花蓮文化局辦理2019為花蓮部落癱瘓勇士-45度角畫家金根鴻慈善全義賣。
○於台北華山創意園區舉辦慈善全義賣。
2000-2021年
○於花蓮美術館舉辦「品味花蓮的藍」特展。
○於花蓮福容飯店與阿美麻糬旗艦店舉辦展覽「品味花蓮的藍」。
○規劃金根鴻獎學金，提供花蓮偏鄉學校如北濱國小、壽豐國小與明里國小學童。
○與花蓮光隆海洋深層水、花蓮阿美麻糬合作金根鴻圖像授權。
2022-2023年
○時報出版社出版《藝術陪伴-給孩子多一點愛，讓他們走更遠》。
○於板橋火車站舉辦《偏鄉孩子微策展》聯展。
○公視《我們的島》製作人蘇志宗導演 拍攝微紀錄片。
2024年-至今
○第二次圖像授權花蓮知名品牌「阿美麻糬」製作文創商品與禮盒包裝。
○首次於花蓮豐濱部落家中微策展。"
https://artemperor.tw/tidbits/17063,台灣，澎湖縣,澎湖縣政府文化局洪根深美術館【回望根生處—洪根深的澎湖鄉愁】Reflections of Origin—Hung Ken-Shen＆#039;s Penghu Hometown Nostalgia,https://d2onjhd726mt7c.cloudfront.net/images/datas/000/112/451/i2xznuorfgllqmab01yyzcjlm5bh85s3_800x420^.jpg,2024-03-23 ~ 2025-12-31,洪根深美術館,https://www.phhcc.gov.tw/home.jsp?id=10144,洪根深,"出生於澎湖縣湖西鄉鼎灣村的洪根深（1946-），相較臺灣本島來說，澎湖在當時藝文資訊與學習資源都十分匱乏，自臺灣來澎湖當兵的軍人往來臺灣本島與澎湖之間，有較多的機會自臺灣帶來雜誌等流行資訊，洪根深老師曾經表示，他在高中時期就常看著軍人帶回澎湖的雜誌，上面有一些藝文報導或名家作品，憑藉自己臨摹自學，在1966年考進美術第一志願的國立臺灣師範大學美術系。在當時，由「五月畫會」與「東方畫會」發動的戰後臺灣「現代繪畫運動」，從「形象解構」的意念入手，巔覆了自臺灣日治時期、乃至中國民初以來，以「寫實」手法改革中國傳統書畫的思維路徑，在1960年代前期，發展成銳不可當的「抽象狂潮」。臺灣現代繪畫運動達於高峰，逐漸進入統整、反省，乃至轉型的時刻。
洪根深在藝術上探詢的執著，加上包容廣闊的胸襟與勇於突破求變的氣度，使他日後成為在臺灣藝壇與教育界獨樹一格、舉足輕重的大師，也是澎湖人民為了升學和工作，往往都要前往臺灣、移居外地的縮影。那份遠離故土的歷練與鄉愁，猶如玄武岩的厚實堅毅與海浪不斷拍打撞擊所激起的浪花，醃漬於籠罩澎湖海島的鹹水煙，始終在洪根深的作品之中成為人生中最深沉悠遠的故鄉離愁。
開館時間：周三至周日9:00-12:00、14:00-17:00；周一、二及國定假日休館，澎湖縣民及65歲以上民眾憑證免費。相關訊息請上澎湖縣政府文化局網站https://www.phhcc.gov.tw/home.jsp?id=10144查詢。"
https://artemperor.tw/tidbits/16730,台灣，台北市,躍界新媒體【國立歷史博物館B1兒童創意共學空間】一場重新認識時間的大冒險,https://d2onjhd726mt7c.cloudfront.net/images/datas/000/110/777/00qcwh7s4hslj91bzhauagv5q7a3vmlw_800x420^.jpg,2024-03-12 ~ 2025-12-31,國立歷史博物館（台北市中正區南海路49號),https://www.nmh.gov.tw/cp.aspx?n=7600,國立歷史博物館,"重新啟動的史博館將成為兒童學習的重要基地，今年特別在B1樓層打造全新的「兒童創意共學空間」，空間內結合展示、學習、休憩的複合功能，配合108課綱「適性揚才」的課程願景，將科技載具融入學習，規劃了不同年齡層適合的互動展件，並以「時間」為主題，讓小朋友在探索空間的同時，可以透過自身感受及測量工具來度量時間，進而認識時間，理解時序。
啟發學齡前兒童的創造力-「牆面遊戲」、「小小世界」與「古文物新表情翻翻板」
首先是適合學齡前兒童的「牆面遊戲」，利用牆上的洞洞板及各色插釘，讓小朋友可以享受創作的自由，同時學會自我表達及培養專注力。而每到整點，洞洞板上方的「小小世界」也會出現報時的投影動畫，讓兒童了解時鐘報時功能，培養兒童的想像力和協調能力。「古文物新表情翻翻板」則是讓小朋友轉動翻翻牌，透過觸摸黃銅、宣紙、陶板不同的素材認識館藏文物，同時也能幫助兒童透過實際觸碰的體驗，增加美感的感知能力。
給低年級小朋友的雙重挑戰-「未來劇場」與「計時開始GO」
適合國小低年級的「未來劇場」，會先透過學習單讓小朋友們發揮想像力，替館藏文物和IP創造不一樣的超能力及故事，選擇文物場景和道具，讓小朋友作主，完成一場屬於自己的光影表演。「計時開始GO」可以讓小朋友選擇自己喜歡的計時工具，並一起按下桌上的按鈕，用自己的身體當工具測量時間，培養小朋友對時間的靈敏度。
讓高年小朋友化身為小小工程師-「城南這一天」、「四季的慶典」與「在這裡的時光」
史博館也為了高年級小朋友量身打造了一連串的數位互動裝置體驗，首先是饒富趣味性的「城南這一天」，小朋友可以透過平板下程式指令，並且和爸爸媽媽們一起比賽，誰能讓投影上的人物最快走到史博館！讓小朋友們可以在遊戲中了解到「程式指令」的基本概念。「四季的慶典」則搭配平板，透過點擊不同節日，利用燈、聲音、觸覺球、嗅覺球創造多重感官的學習體驗，讓小朋友認識四季節慶。最後「在這裡的時光」小朋友可在觸控螢幕上繪畫完自己的作品之後，接著透過AI共創增加時間感，使小朋友獨特的美感重新演繹。
108課綱希望強化孩子的基本學力，兼顧學習增加多元與彈性，也因此B1兒童創意共學空間在互動設計方面運用多元感官體驗激發孩童的學習體驗，並規劃多人操作機制，鼓勵群體協力共作的互動方式，讓孩童在互動過程中互相合作、溝通和學習，培養團隊合作和社交能力。
B1兒童創意共學空間也歡迎學校班級團體預約，讓跨領域學習成常態、 學習更有趣，使教育現場有更多互動可能性。
國立歷史博物館
地址: 台北市中正區南海路49號
開放時間：每週二至週日 10:00 -18:00，逢國定例假日照常開放。
休館時間：星期一；除夕及初一休館。
「B1兒童創意共學空間」開放場次
＊每日4場次，每場次體驗60分鐘
第一場10:10-11:10
第二場11:30-12:30
第三場14:10-15:10
第四場15:30 -16:30
※每週二~五第一場10：10 – 11：10，開放團體預約（20人以上），詳情請來電02-2361-0270教育推廣組。
※已團體預約之場次，不開放現場遊客體驗。"
https://artemperor.tw/tidbits/19170,台灣，台北市,山屋口口【浪漫物質】葉東進個展,https://d2onjhd726mt7c.cloudfront.net/images/datas/000/121/904/68n0push16313watpzwykuv9jp5daeoq_800x420^.jpg,2025-11-11 ~ 2025-12-31,山屋口口.1f｜臺北市士林區雙溪街12號 (每週一休館｜入口於名山公園廣場),https://www.instagram.com/mcabinmm?igsh=M2JoenVkNmkweTBp&utm_source=qr,國立歷史博物館,"《 浪漫物質 》葉東進個展
— 當理想被物化，浪漫還存在嗎？—
.
當理想被物化，浪漫還存在嗎？這個問題不僅是對現代生活方式的提問，也是一種對藝術、建築與人的關係的再思考。浪漫往往被誤解為逃離現實的柔軟姿態，然而在「當代語境」中，它或許正是一種堅定而具實踐力的信念，在理性與效率的世界裡，仍選擇保留一份對自然、對美、對生活節奏的敏銳感知。《浪漫物質》試圖揭示的正是這份感知如何經由精神、實踐與物質的轉化，成為可被觀賞、被觸摸、被居住，甚至是一種可共享的經驗實現。
.
葉東進曾經長年居住於埔里的山林裡離群索居，之所以選擇遠離都會，並非出於逃避，而是主動重新定位親近自然，在靜謐中建構一種緩慢而專注的生活節奏與創作步調。在遠離喧囂的距離裡，重新建構與自然的親密關係，讓藝術創作貼近生活的脈動，對他而言，這不僅是一種選擇，更是一種態度，一種對自我內在價值的堅持，他說：「這，就是他的浪漫。」正如知名詩人、作家梭羅（Henry David Thoreau, 1817-1862）在《湖濱散記》中實踐的「人不必追逐世界的喧囂，而應在自然中找回心靈的真實」之精神。葉東進以生活為創作的起點，在自然與時間的對話中，發現藝術的根源其實是「如何生活」。
.
《浪漫物質》展出作品以油性粉彩為主要媒材，用色沉穩雅緻、層次豐富，構圖上保留大面積的空間與留白，以極簡的造型，運用色感濃郁的顏料調合成低飽和的色彩，務求達到內在深層的精神表達。遠方的山形、浩瀚的天地、飄渺的雲霧、細緻如鉤的一彎新月，以及在穹蒼中自在飛翔的鳥兒，皆是萬物相連與生命循環的象徵。其作品也像是對內在情緒的一種可視化。色彩的分佈與筆觸的節奏，構築出一種介於「靜止」與「流動」之間的氛圍，既有壓抑，也有釋放。兩者之間像是人在面對自我時的狀態，既被現實牽制，又渴望超越。然而，畫面並不陷於掙扎，而在於「平衡」。靜謐的色調，節制的筆觸，讓觀者在觀看的過程中，逐漸被引入一種深層的安定與沉思，重新與自己的內在節奏對齊。這種張力正好呼應《浪漫物質》這個展覽主題 —— 在物質的媒介中尋找情感的殘響。
.
《浪漫物質》強調「精神→實踐→物質」的三段轉化，這場展覽不僅是葉東進的創作個展，也結合了「山屋口口」建物主人的理念——「人類文明親愛自然」。從精神到實踐，從自然到物質，《浪漫物質》回應了人與世界的根本關係。這不只是一場展覽，而是一場對「如何生活」的深層思考。邀請你走進「山屋口口」的《浪漫物質》空間，感受精神轉化為形體、思想落地為風景。在藝術與自然之間，找到屬於你的浪漫與真實。
.
.
《浪漫物質》葉東進個展
藝術家｜葉東進
策展人｜白奏
地點｜山屋口口.1f / 臺北市士林區雙溪街12號
*入口位於名山公園廣場
展期｜2025.11.11 —— 12.31 / 10:30-18:00，每週一休館
.
山屋建築見學活動開放預約
獲獎｜2020臺灣建築獎佳作
時段｜14:00-16:00
報名｜ig私訊 或 E-mail：mcabinmm＠gamil.com 預約
門票｜TWD 200/人
內容｜專人引領參訪山屋口口建築及理念介紹"
https://artemperor.tw/tidbits/18100,台灣，新北市,世界文創產學經貿協會【新店廣林寺壁畫展】,https://d2onjhd726mt7c.cloudfront.net/images/datas/000/117/002/3alp8stqoe5pdnkjqg6z3tg2y68k82s0_800x420^.jpg,2025-04-09 ~ 2026-01-01,新店廣林寺 / 新北市新店區新烏路一段26巷35之2號,http://www.gjlhb.cn/newsinfo.asp?pid=760&id=101,黃旭清、秦來春、楊數鳳,"活動主題：「廣林寺壁畫展」
開幕茶會：
活動時間：2025年4月9日(三) 上午10點起至下午2點半結束
活動地點：新店廣林寺
活動地址：新北市新店區新烏路一段26巷35之2號
聯絡方式：黃旭清理事長0909-433-637
交通引導：(捷運綠線) 新店總站出口右方馬路邊，
轉搭930、642、644、綠13公車，
公車搭到「青潭停車場站」，往回走100公尺即可到達廣林寺。
《茶會流程》
10:00-10:20：報到
10:20-11:00：壁畫創作者介紹(黃旭清、秦來春、楊數鳳)
11:00-12:00：禮佛、壁畫賞析
12:00-14:30：午齋、午茶交流時間
「廣林寺」住持 法華師父 :
諸佛世尊，唯以一大事因緣故，出現於世。
一大事因緣，為眾生而現相來人間，現相修行，現相說法，現相寂滅。所以生、老、病、死的過程，一直到修行，一直到說法，一直到圓寂等等，這是一大事因緣，來人間的過程。無非就是與眾生有因緣，所以叫做「一大事因緣故出現於世」。
因應機緣，黃旭清老師發願彩繪大眾一進廣林寺最常見卻又最容易忽略的圍牆，便邀請兩位山水畫老師特來廣林寺彩繪說法，日出而作，但即便到了太陽下山，老師們仍一筆一畫的彩繪玄空法寺的草木精神，搭配一首首的明心偈，推展藝文，讓環境、心境、意境達到一致性，環境配合藝術形成心靈上的療癒作用， 感謝幾位老師展現了藝術無價和成長的空間，與大眾廣結善緣，彼此莊嚴共生，如此之舉，也可謂是一大事因緣故。
彩繪完成後，每一位來參訪的信眾無不驚豔老師們的畫工精湛，即便是路過的遊客，公車司機，皆駐足於此觀賞老師的畫作，圍牆不大，卻是氣象萬千，早晚各有不同的風貌呈現眼前，推動淨化人心之工作，為自己也為這個社會打造快樂的人生。
《壁畫創作者介紹》
1) 黃旭清
新北市愛石協會第二、三屆理事長
中華書畫藝術學會副理事長
台北市山痴畫會副會長
港澳台美術家協會副執行長
台灣文聯協會顧問
世界文創產學經貿協會顧問
中華國際女書畫家顧問
台北市古今藝術交流協會顧問
中華兒童書法教育推展協會常務監事
2) 秦來春
中華國際女書畫家恊會理事長
2004個展於國立國文紀念館載之軒藝廊
作品「湖州清曉」國父紀念館收藏
2011個展於新竹市立文化中心。
2022台北市職業工會頒發終身成就獎
2023獲頒藝術金卓獎
現任教於木柵農會教授國畫。
3) 楊數鳯
北京師大藝術與傳媒。
水墨畫花鳥、山水教學。獲日本全日展大賞、國際藝術賞並任聘審查員。
中華國際女書畫家袐長、任多會常務理事及理事等職。
2次個展、3次百人藝術精英展及國內外聯展數十次。"
https://artemperor.tw/tidbits/18721,台灣，新北市,新北市美術館【楊嘉輝: 展亭】,https://d2onjhd726mt7c.cloudfront.net/images/datas/000/119/886/081d9jf3wxmcwtpq82cl7qhemtcylscj_800x420^.jpg,2025-09-09 ~ 2026-01-04,新北市美術館 3A、3B、4B展覽室（新北市鶯歌區館前路 300 號）,http://ntcart.museum/info,楊嘉輝,"「新美委製」（NTCAM COMMISSION）自2025年啟動，是新北市美術館每兩年一次的委託創作計畫，邀請一位／組具國際影響力之藝術家，進駐館內最具挑戰性的展覽空間進行全新創作。
本計畫回應美術館推動當代跨領域創作的方向，鼓勵藝術家在不同媒材、形式與知識領域間展開實驗性對話。計畫亦強調「以展覽創造空間」的觀點，關注空間之政治性、創造公眾交流之場域，以及重構美術館的展示邏輯與空間範式。同時透過本計畫，支持藝術家實現其創新構想，開創嶄新的藝術語彙與觀看經驗。
展覽 「楊嘉輝：展亭」探討自電腦時代以來，技術媒介、敘事形式與資料庫影像如何發展演化，並在今日透過生成式AI與多重感官技術，重構我們的感知經驗與觀看模式。 作品追溯了〈THINK〉此部影片的根源及後世影響，該片於1964年紐約世界博覽會時，由查爾斯與蕾·伊姆斯（Charles and Ray Eames）為IBM展覽館所創作。在電腦發展初期的年代，〈THINK〉將電腦描繪成人類思維如何接收與處理資訊的模型，並透過一連串充滿動態的圖像、聲音與觀念，使觀眾沉浸其中。
以〈THINK〉多螢幕的展示手法與其獨特的視聽節奏編排為出發點，本展同名新作〈展亭〉重新詮釋這部早期資料庫電影的先驅作品，並反思其文化背景中交織的樂觀與憂慮——尤其在當今生成式人工智慧以指數速度擴展資料模式化規模與速度之際。作品結合了影像拍攝與檔案素材，並運用生成式AI進行畫面迭代合成。製作過程中特別邀請拉縴人男聲合唱團演唱由藝術家創作的新曲，並於臺灣聲響實驗室設計的多聲道音場中呈現。
楊嘉輝：展亭
Samson Young: Pavilion
｜指導單位｜新北市政府
｜主辦單位｜新北市美術館
｜合作單位 ｜臺灣當代文化實驗場 C-LAB"
https://artemperor.tw/tidbits/17712,台灣，新北市,朱銘美術館【市民128－朱銘木雕特展】,https://d2onjhd726mt7c.cloudfront.net/images/datas/000/115/527/3ogwwyz66xidled2ku7llgygk0rxn50i_800x420^.jpg,2025-01-25 ~ 2026-01-04,208新北市金山區西勢湖2號（第一展覽室）,http://ntcart.museum/info,楊嘉輝,"雕塑藝術不僅是藉由作品本身傳遞概念，在當代雕塑中，更多的是利用將物理空間融入創作思考，使其作為承載情感、理念和文化現象等內容的作品場域。因此展呈形式更是一門美學轉化的課題：除了單一作品的自我指涉所造就出的場域，作品與作品間的關聯、作品與展覽空間及觀眾之間的對話連結氛圍已成為一種被共同營造建構的整體。此「場域」在今天更是構成藝術表達與意義連結的重要元素。本展以朱銘於2012年所完成的〈人間系列—市民〉作為主軸，並以朱銘對於此組作品的構想—滿布空間的裝置精神—來呈現簇擁的市井意象。
〈人間系列—市民〉為朱銘2012年完成的群像作品，共89個雕塑物件，刻劃了128個人物，是對於社會文明發展進程中的一種回應。人物姿態的表徵充滿了對都會生活深刻的觀察體驗與描述。在這批為數眾多的群組雕像作品中，以鏈鋸削切構形的「快速刀法」為其特色。人物刻痕加劇強化了一種不斷重複筆直式的表現力道，並且利用了寮國香杉的木質特性，加入掰開、撕扯的操作手法，還原出木材紋理喧囂的本質性張力。這種獨特的表現力，顯示機具速度重複性的工業語彙與木質的自然物性間交互共融、互為表裡的整體指涉。
《人間系列》中的三姑六婆作品取材以鄉土民情的農村場景，人物表現出原初、質樸與寫意的調性，象徵著人類最自然本真的語境。相比之下，在〈人間系列—市民〉這批無上彩的原木本色的群雕像上，則模擬了都市裡的人群狀態。作品尺度約等身高，人物刻畫大多展現其正面的意圖。它們一一豎立於大地之上，指出一種垂直式不斷向上發展的空間。其眾多的數量，又有一種集體平行式的擴延場域。它們暗示了現代化進程中，城市化高樓大廈林立的生活場景。這些人物的形象表徵，也投射出都會文明中聚集與疏離的容顏狀態。朱銘曾表示：「雕塑不僅僅是形體的創作，更是對生命的體悟和表達。」
《市民128－朱銘木雕特展》探尋藝術家如何通過創作表現現代生活中的群體動向與個體生命，並思考人與空間依存的關係。透過朱銘的理念以及此次展呈所營造的場域特質，期望讓作品、空間和觀眾之間建立一種互動的連結性。引領觀眾遊走於作品特殊場域之中，融入到作品所構築的情境，並近距離的感受作品所傳達的思想與情感。朱銘提供一種認知現實世界的結構，一種入世近景以人為本位的淬鍊形式，再現人類身處於都會文明進程中卻映照於芸芸眾生縮影的景象，作品所傳達的深層意涵是對現代文明與自然人化交互共生的展現提議。"
https://artemperor.tw/tidbits/19048,台灣，台南市,暮拉多元藝術空間【如時 As Time】探尋時間中的自然與當代性 Exploring the Nature and Contemporaneity in Time,https://d2onjhd726mt7c.cloudfront.net/images/datas/000/121/330/ix3pkrm79v2zdlspfcou8dtab86n6gzh_800x420^.jpg,2025-10-16 ~ 2026-01-04,台南市中西區國華街三段15號,https://themoolahart.com/,Éric Poitevin 、埃里克．普瓦特凡、,"▌如時 As Time
探尋時間中的自然與當代性
Exploring the Nature and Contemporaneity in Time
我試圖建立一種直接、強烈且不帶偏見的關係，努力拋開那習慣以『絕對價值』看待一切的視角……我與我所凝視之物的關係，是基於時間而存在的。」
— 埃里克．普瓦特凡（Éric Poitevin）
“I am trying to create a direct and intense relation without prejudgments, trying to forget what I know, to see in ‘absolute value’... My relationship to what I am looking at is based on time.”
— Éric Poitevin
——————
▌如時
▌探尋時間中的自然與當代性
展出｜Éric Poitevin（埃里克．普瓦特凡）
展期｜2025.10.16 Thu. — 2026.01.04 Sun.
時間｜10：30 – 19：00（Mon. – Sun.）
地點｜暮拉多元藝術空間
地址｜台南市中西區國華街三段15號
As Time｜The Moolah Multi-Art Space｜Artists  Éric Poitevin｜Date 2025.10.16 Thu. — 2026.01.04 Sun.｜10:30 – 19:00 (Mon. – Sun.)｜Venue The Moolah Multi – Art Space｜Add. No.15, Sec. 3, Guohua St., West Central Dist.,Tainan City 700, Taiwan (R.O.C.)"
https://artemperor.tw/tidbits/18995,台灣，台南市,丹之寶TANSBAO Gallery【宇宙迷宮喜馬拉雅當代藝術 】Labyrinthus Universi: Himalayan Contemporary Art,https://d2onjhd726mt7c.cloudfront.net/images/datas/000/121/113/2vf95alvqddcr9dwhumnzckalj3pt33h_800x420^.jpg,2025-09-09 ~ 2026-01-04,臺南美術館2館,https://www.tnam.museum/exhibition/detail/643,Tsherin Sherpa、Zimbiri、Asha Kama、Gyempo Wangchuk,"在世界屋脊的群山之間，喜馬拉雅文化圈以其獨特的地理與歷史條件，孕育了深厚的精神信仰與藝術傳統。橫跨南北兩麓與廣袤的青藏高原，不僅是印度、中國與伊斯蘭文明的交匯點，亦為佛教與唐卡藝術的重要發源地。這片神秘的地域遠離海洋，也因此較少受到外來文化的侵擾，讓世代相傳的傳統得以完整延續，並在歲月的沉澱中孕育出厚實的文化底蘊。在當代全球化與地緣政治的浪潮裡，這樣的文化土壤催生出一批在傳統與當代之間、在文化轉譯與自我認同之間持續探尋新語彙的藝術家。
雙線交織：在傳統與當代之間
《宇宙迷宮：喜馬拉雅當代藝術》為亞洲首次公立於美術館呈現的喜馬拉雅當代藝術聯展，由策展人高森信男規劃，集結了來自尼泊爾與不丹的四位重要藝術家：尼泊爾藝術家才仁．夏爾帕（Tsherin Sherpa）個展《識界 COSMOS AND IDENTITIES》，以及不丹藝術家訶莎．卡瑪（Asha Kama）、金寶．旺楚克（Gyempo Wangchuk）與金柏麗（Zimbiri）的聯展《療癒 SHANTI OF HEALING》。
展覽以雙線並行的策展架構，呈現該地區藝術家如何在傳統文化習俗、宗教視覺語彙與當代美學之間承接與轉譯，並回應藝術家自身於離散經驗、身份認同與文化傳承的複雜課題。
在喜馬拉雅地區，嚴謹的唐卡繪製技法與佛教宇宙觀長期主導藝術創作。然而，面對快速變動的社會與跨文化交流，當代藝術家亟須重新詮釋這些深植於信仰的符號，並將之置入全球化語境。1968 年出生於尼泊爾加德滿都的才仁．夏爾帕（Tsherin Sherpa），其當代創作橫跨歐、美多地重要機構展出，如紐約魯賓美術館 （Rubin Museum of Art，2025）、維吉尼亞美術館（Virginia Museum of Fine Arts，2022）個人回顧展、德州亞洲協會（Asia Society Texas，2023）個展等，並於 2022 年代表尼泊爾參與威尼斯雙年展。他的創作以符號重組與視覺再造為核心，將宗教圖像與當代語言銜接，挑戰神聖性與消費化之間的界線；三位不丹藝術家－ 訶莎・卡瑪（ Asha Kama）、 金寶・旺楚（ Gyempo Wangchuk） 與金柏麗（ Zimbiri）於名為《療癒》的聯展中，則以繪畫回應精神性、自愛與宗教文化延續的議題，展現出喜馬拉雅當代藝術的多樣面貌。
穿行宇宙迷宮：身份、記憶與觀看
透過此次展覽，觀者得以踏入喜馬拉雅藝術世界的「迷宮」：在層層符號與象徵的迴旋之中，穿梭於藝術與文化的交會處，探尋隱伏於文化深處的脈動與感動。喜馬拉雅藝術家在創作中所面對的，是歷史傳承與個人記憶、宗教精神與現代感知之間的張力。他們的作品為亞洲當代藝術提供新的觀察視角，凸顯亞洲作為一個多元且內部異質的文化共同體，如何持續承載歷史資源並推進當代表述。
對於位在亞洲重要藝術節點的台灣而言，南美館透過此展覽為觀眾搭建了一座跨越地理與文化距離的橋樑，使觀者得以在作品中感知遠方地域的精神紋理與文化複調；對藝術愛好者、文化研究者、收藏家與公眾而言，這是一次難得的契機，能在同一展覽中直面喜馬拉雅當代藝術的多重面貌與文化深度，近距離感受這片遙遠地域的文化魅力。
▌展覽資訊
展名｜宇宙迷宮：喜馬拉雅當代藝術（Labyrinthus Universi: Himalayan Contemporary Art）
展期｜2025.09.09－2026.01.04
地點｜臺南市美術館 2 館
策展人｜高森信男
指導單位｜臺南市政府
主辦單位｜臺南市美術館、雙清文教基金會
特別感謝｜丹之寶
▌參展藝術家簡介
- 才仁．夏爾帕 Tsherin Sherpa（尼泊爾）
出生於加德滿都後移民至美國；以藏傳佛教與唐卡語彙為根基，透過符號重組與當代轉譯探討神聖／世俗、身份與全球流動；2022 年代表尼泊爾參與威尼斯雙年展。
- 訶莎．卡瑪 Asha Kama（不丹）
被譽為「不丹當代藝術之父」，他的創作橫跨繪畫與裝置，創作題材多關注信仰、自然與日常經驗的交織，延展不丹傳統視覺語彙於當代語境。
- 金寶．旺楚克 Gyempo Wangchuk（不丹）
創作游移在傳統與當代之中，以圖像與材質實驗探討個體記憶與文化象徵之關係，遵循古法的同時又能自出新意，而被譽為「不丹唐卡鬼才」。
- 金柏麗 Zimbiri（不丹）
其創作以「老虎」意象為核心，運用不丹傳統礦物顏料與手工編織帆布為主要媒材，著重於質地、肌理與象徵之間的互動對話，延伸自我敘事與文化認同的提問"
https://artemperor.tw/tidbits/19006,台灣，高雄市,Gina Hong Guang （積吶虹光）【大東藝術圖書館．新書推薦｜積吶虹光(LEF) : TW愛與和平，青天白日滿地虹】Gina Hong Guang（LEF）- TW Love and Peace : Rainbows From All Over the World,https://d2onjhd726mt7c.cloudfront.net/images/datas/000/121/135/irks8oac2fw78u3h87dq9ff64zyapqs5_800x420^.jpg,2025-10-08 ~ 2026-01-08,大東藝術圖書館  (830高雄市鳳山區光遠路161號),https://vocus.cc/article/6894d044fd89780001e8f280,積吶虹光,"「無論走多遠，青天白日依然在頭頂守護，而光與彩的交織早已悄然融入每個角落，成為我與世界的永恆聯結。」— 積吶虹光。
積吶虹光Gina Hong Guang誕生於西元2016年。「虹」是宇宙中最博愛、慈悲的顏色。在天、地、人之間閃爍著光波，彼此相互融合，是自由、是平等、更是博愛的無限延伸，化解了人與人之間的種族衝突與分裂。希望大家看到彩虹時，悲傷的人能充滿法喜，極端的人能用平靜的心化解自己的情緒，當博愛慈悲大於極端自由時，就是中道和平的精神。
青天白日滿地「虹」彷彿施展了魔法，其美麗象徵幸運，希望能將這份幸運留給地球人，以「自由、平等、博愛 (LEF)」為核心理念，倡導中道精神，呼籲人們應攜手合作，共同追求一個更美好、更和平的世界。
ISBN   978-626-99732-0-0
【作者介紹】
藝術家、設計師兼策展人陳怡君，畫名「積吶虹光Gina Hong Guang」(積=累積；吶=吶喊、盡力；虹=彩虹；光=光芒、希望。字義：在日日反反覆覆，天天全心全力後，生命就如彩虹的光芒，精彩動人)。曾榮獲澳門國際藝術學院新進博覽會、美國Pratt平面視覺設計獎、國際版畫素描雙年展及作品典藏予國立台灣美術館等，受德國工業設計美學教育的理性薰陶，也受感性的西方抽象表現主義大師馬克・羅斯科Mark Rothko與傑克遜・波洛克Jackson Pollock的影響，將馬克・羅斯科的幾何形體概念及傑克遜・波洛克的線條，以垂直、水平結合與交疊的方式抽象呈現虹，試圖啟發人的感知與想像力──智慧。
藝術是心想生；
藝術是低到如塵埃的美學，美 = 博愛；
當代藝術不應該只追求創新 = 自由；
當代藝術應該挑戰解決地球極端問題，中道精神 = 平等。
彩虹彷彿施了魔法，
多麼美麗，象徵幸運！
希望這份幸運留給地球人，
自由、平等、博愛 (LEF)。"
https://artemperor.tw/tidbits/19084,台灣，台北市,gdm 爍樂畫廊【每一個人走向信仰的過程都不一樣】林東鵬,https://d2onjhd726mt7c.cloudfront.net/images/datas/000/121/526/ppenfs6cuiou9jir6z6eeqbyld5tjlz2_800x420^.jpg,2025-10-23 ~ 2026-01-10,gdm 爍樂畫廊（台北市內湖區瑞光路390號一樓）,https://galeriedumonde.com/zh/,林東鵬,"爍樂畫廊榮幸於台北空間呈現《每一個人走向信仰的過程都不一樣》，是林東鵬 (Lam Tung Pang) 移居北美後首度於亞洲舉辦的個展。涵蓋藝術家由 2020 年至 2025 年創作的作品，結合行為表演、影像裝置、繪畫、及首次實驗的動力裝置。
林東鵬，一位自我流放的香港離散藝術家，於 2022年移居溫哥華。1978年生於香港，其成長經歷見證了殖民歷史、後殖民時期的回歸，隨之而來的劇烈社會變革，以及全球地緣政治的重塑。
《每一個人走向信仰的過程都不一樣》講述了一個藝術家如何以生命回應時代變遷。林東鵬展現出在破碎現實中不屈不撓的意志――透過質疑和瓦解既有認知、去殖民化、跨越界限，在持續行動中尋找希望的可能。
「歷史猶如眼鏡，給我們視角，而藝術則如鏡子，讓我們看見自己。」— 林東鵬
動態影像裝置《鍍影》首度於 2019 年底在香港藝術館亮相。那年的春夏，林東鵬每天在工作室循環播放中國獨立音樂人張淺潛的《地火》，繼而發明「失憶剪接法」及「呼呼剪接法」去完成《鍍影》。作品投映於俯瞰維港的落地窗上，林東鵬融合炭筆動畫、影像素材與現成圖像，延伸出盧亭的神話――傳說中為一種半人半魚的生物，長久以來受到陸上漢人政權的壓迫和排擠，被邊緣化的象徵。對林東鵬而言，盧亭的兩棲特質象徵著香港人在多重文化與社會政治地景中持續漂泊的狀態。2020 年 5 月 28 日，在國安法通過的前夕，林東鵬在香港藝術館窗面上以點狀的馬克筆筆觸紀錄了打在玻璃窗上的雨水，是說「雨再大，我還是在雨縫裡看到香港。」，以消極式樂觀態度對香港未來予以寄望。
自 2020 年起，「破碎的筆觸」逐漸成為林東鵬的核心創作語彙。在啟程前往北美之前，他創作了《距離之地》木板繪畫系列，彷彿為離開香港留下的一則情感註腳，深蘊著告別故鄉的複雜心緒。對林東鵬而言，木夾板不僅是承載力量的創作基底，其溫潤的色澤更散發出如肌膚般的親密感。這種由多層木片黏合而成的材料，原本象徵穩固與持續，卻也透露出一種強烈的短暫性，猶如林東鵬的生命狀態――在堅韌與漂泊之間悄然自我映照。
「在崩裂的世界，找到破碎的言語，刻劃崩塌的風景……」— 林東鵬
離港之後，林東鵬開始正視自身的殖民經歷，並在異地尋覓文化認同、情感的依附。他試圖從風景與自然所蘊含的權力結構與社會脈絡中進行解讀，以此展開自我「去殖民化」的過程。在他的視角中，風景與身體形成一種雙重鏡像――風景是身體的延伸，身體則是風景的內化。兩者彼此交織，在某種層面上互為構成，共同承載著權力與自主之間持續拉扯的張力。
《解山圖》是林東鵬自 2023 年起創作並持續發展的三部曲繪畫系列。作品由 36 塊木夾板組成，每部曲橫跨 12 米寬幅。藝術家從 1725 年出版的古籍《古今圖書集成》版畫中擷取 213 座山的意象，以炭筆在木夾板上進行解構與重繪。林東鵬融合拓印、擦除與燒灼等技法，塑造出獨特的「破碎的言語」。這種游走於解構與建構之間的視覺語言，正是他對當前支離破碎世界所作出的深刻回應與思索。
黃公望（1269–1354）於元末創作的《富春山居圖》（1348–1350）為中國山水畫史上的重要作品。元代文人多出身宋朝士族，面對蒙古統治與文化斷裂，普遍懷有失落與疏離感。黃公望亦曾入仕，後因獄事退隱，轉而寄情山水。畫中所描繪的富春江畔清幽山居，象徵文人理想中的「避世桃源」與「心靈歸宿」。此畫在流傳過程中被分割為兩部分 ――《剩山圖》現藏於浙江省博物館， 《無用師卷》則由台北故宮博物院典藏。此一物理上的分離，成為後人觀賞時無法忽視的歷史痕跡，也與當代離散經驗中對歸屬感的探尋產生了深刻的共鳴。
在林東鵬的《富春山居圖再造》詮釋中，他將原作中分離的元素加以解構，重組為一幅寓意性的嶄新風景畫――畫面中兩座山隔河相望，宛如兩座孤立的島嶼。隨著藝術家逐步加入樹木與植物，作品漸漸偏離原貌，呈現出過去與現在、希望與幻滅之間多層次的視角。林東鵬的山水創作，呼應傳統文人精神，既象徵對社會劇變的沉思與疏離，也抒發出渴望
對烏托邦的想像。而遷徙鳥的圖像，則隱喻因應變遷而生的適應與流動。
林東鵬在一個極端對立、秩序崩解的時代中，試圖回應人們對希望的深切渴望。他將阿爾布雷希特·丟勒 (Albrecht Dürer) 於 1508 年創作的《祈禱之手習作》重新詮釋為一件由 23 個木夾板組成的動力裝置。作品呼應其繪畫中兩座孤立島嶼的意象，祈禱之手的分割部件始終緊鄰，卻永不合一。這種物理與象徵上的分離，喚起深切的渴望――雙手彼此伸向對方，卻始終無法交握成那祈禱的姿態。隨著動力裝置機械結構的律動，那份未竟的渴望愈發強烈，亦暗示著人們對既有體制信念的動搖。
透過這個強而有力的視覺隱喻，林東鵬試圖啟發觀者在這個破碎而危險的世界中思索韌性、流動、邊界，從而奮起抗爭――在行動中尋找希望。
藉由個人敘事與流散經驗的交織， 《每一個人走向信仰的過程都不一樣》記錄了林東鵬自身的生命轉折，也為置身當今社會政治現實中的觀者提供一處反思的空間。流動的身份與意識，就藏身在旅程中、在異國土地上、在不同族群中。
▐ 藝術家簡介
林東鵬 1978 年生於香港並成長於此，2002 年於香港中文大學新亞書院美術系取得學士學位，2004 年畢業於英國倫敦中央聖馬丁藝術與設計學院，獲美術碩士學位。林東鵬現居溫哥華。
其重要機構項目包括：《不出賣靈魂—獨立藝術節》（英國倫敦泰特現代美術館，2010 年）；《好奇匣》（美國舊金山中華文化中心，2013年）；《玩物》（香港路易威登藝術廊，2014年）；《玩具亭》（香港chiK11藝術空間，2016 年）；《邂逅！老房子—林東鵬 × 王屋村古屋》（香港王屋村，2017 年）；《鍍影》（香港藝術館，2019-20年）；《半步屋》（日本越後妻有大地藝術祭，2021 年）；《喂！拜拜你條尾》（赫爾辛基雙年展，2021 年）；《大逃亡》（西雅圖亞洲藝術博物館，2022 年）；《過去進行式》（舊金山亞洲藝術博物館，2022-23 年）；《山水重啟：為多變的世界造景》（華美協進社，紐約，2024 年）；《We Need Sun ＆ Books》（與舊金山亞洲藝術博物館及 Arion 出版社合作，2024 年）；以及《玉山》（克羅亞洲藝術博物館，2025-26 年）。"
https://artemperor.tw/tidbits/18972,台灣，台北市,台北當代藝術館【宇宙寫生】豪華朗機工個展,https://d2onjhd726mt7c.cloudfront.net/images/datas/000/120/978/zppt0x4e84o6kfg761t2dzc16b5m1b9h_800x420^.jpg,2025-10-04 ~ 2026-01-11,台北當代藝術館（台北市大同區103長安西路39號）,https://www.moca.taipei/tw,豪華朗機工,"那與生命、科技與藝術之間所連結的宇宙。
「宇宙寫生」，是一個以生態系統、科技與藝術之間的連結為核心主題的創作展覽，展現豪華朗機工的藝術關注，「萬物皆連結 It’＆#039;s all connected」。展覽以跨域藝術來探索與倡導一種持續的、和諧的共生方式，透過沉浸空間、跨媒體裝置和生成式技術，人類在宇宙中與自然和科技的詩意連結，希望喚起觀眾對於環境的珍視與凝視，觸發未來的幻想。
萬物皆連結的生態系：作品在三個層次相互連結呈現
一、連結的生命
人與人、物與物、人與自然之間的深刻聯繫，藝術家如何透過創作與世界產生對話，還是觀眾如何在作品中找到自己的情感共鳴。每一件作品都是對生命與情感的觀察，並在時間中不斷延續和轉化。
二、記憶的物件
承載著記憶的物件們，是時間的容器，記錄著過去的瞬間，並不斷被重新賦義。這些「記憶的物件」始終保留著過去的影響，我們深感其中時間的刻印，那是變動的痕跡。
三、凝視的宇宙
這是對當下的無窮探索。每一件作品都向著宇宙凝視，試圖捕捉那看不見的、無限延伸的可能性。對當前的反思，對未來的啟示，探索人類的無限創造中，有著與宇宙之神相連的啟示。
豪華朗機工融合新舊時代，傳達出一個核心理念：在生物、物理和思想層面的連結，共同塑造了我們所處的世界。這些跨域的藝術作品中，我們期望激發觀眾對於藝術和科技的欣賞，並從中獲得啟發，更能引起觀眾對於永續生活方式的思考和實踐，對合作與共生的深刻體會。
▐ 個展自述
豪華朗機工十五年。
一路經過合作與變形，每一個事件都深深影響著創作的演進，一直用「輕鬆異境，陽光飄浮」來形容團隊創作，現在看來，更多了些體悟。第十五年，有著許多熱情想衝刺，也有著更多沉澱想訴說。
這場展覽專注於豪華朗機工對十四件舊作的重新演繹。每一件作品，在時間的流逝中被賦予新的生命與視角，這些過去的記錄，與當下和未來進行對話。舊作的精髓，現在意義不同，重返的過程，對原作再思考，探看新技術、新媒材和新合作的視角，感知的情緒。
而第十五件作品，描繪著宇宙。
迭代是自然演繹的寫生之筆，生命在其間演進。每一件重生的作品，激起了共同回憶和情感波動。從光明到悲傷，這些情感在其中交織，感知現實世界中的能與不能。持續朝太陽，輕鬆地走去，與生活和情感共鳴，感知那世界的光彩。
▐  團隊介紹
成軍於2010年，由藝術家張耿豪、張耿華、陳乂及林昆穎組成。作品以混種跨界為創作概念，作品風格走向以簡潔乾淨形式表現出輕鬆意境，取材於自然環境，討論奇觀社會中的人性思維，在科技及人文之中取得和諧，激發創意，並利用「音樂、視覺、裝置、文本」共陳手法，使面向千變萬化。"
https://artemperor.tw/tidbits/18674,台灣，台北市,順益台灣美術館【典藏展 : 膠彩薈萃之美】,https://d2onjhd726mt7c.cloudfront.net/images/datas/000/119/725/8l7zkmh0lqyqrsokv9l6ziivw2ywjymu_800x420^.jpg,2025-07-01 ~ 2026-01-11,順益台灣美術館（台北市中正區延平南路五號2樓）,https://www.moca.taipei/tw,石川欽一郎、呂鐵州、廖繼春、藍蔭鼎、林玉山、陳進、郭雪湖、李石樵、陳敬輝、陳永森、林之助、許深州,"本展精選出館藏台灣二十世紀的畫家經典作品，邀請觀眾一同踏上台灣美術的探索之旅。展覽分為兩大主題，第一區回溯至台灣美術教育的萌芽時期，揭示這些早期畫家如何在動盪的時代背景下發展出自己的獨特風格。第二區則聚焦台灣早期膠彩代表畫家之作品，讓大家感受膠彩畫之細膩與華麗。
我們誠摯邀請您，以悠遊的心情漫步展覽，細細品味這些作品所傳達的藝術情感與時代精神。
-
展出藝術家：石川欽一郎、呂鐵州、廖繼春、藍蔭鼎、林玉山、陳進、郭雪湖、李石樵、陳敬輝、陳永森、林之助、許深州（按出生年代排序）
-
「典藏展：膠彩薈萃之美」
展期∣ 2025年07月01日～2026年01月11日
地點∣ 順益台灣美術館2樓典藏展
開館時間∣ 9:00-17:00，每週一及春節假期休館。"
https://artemperor.tw/tidbits/19182,台灣，嘉義市,泰郁美學堂【晶晶】蕭筑方個展,https://d2onjhd726mt7c.cloudfront.net/images/datas/000/122/026/ijcjerw117rc1ey99n367h6npl8ruhlb_800x420^.jpg,2025-11-15 ~ 2026-01-11,嘉義市東區大雅路二段452號,https://www.taiyugallery.com.tw,蕭筑方,"在蕭筑方近年的創作中，凝視與感知的時間被拉得更為細長。她將駐村期間的生活經驗化為畫面層層堆疊的筆觸與呼吸，將「雲」、「雨」、「光」等瞬間的變化轉化為可被觀看的內在節奏。2023蘇格蘭駐村期間的素描作品〈結晶與倒映〉觸發了她對自然與時間關係的思考，成為後續創作的起點。藝術家回到感知的純粹，以形體與色塊的交會探問自我在自然循環中的位置，並以繪畫作為安然的方式，回應時間與心境的微妙互動。
「雨凝結成雲，再累積下成雨，這樣的自然法則，其中暗藏許多讓創作者自我內化的契機。」— 蕭筑方"
https://artemperor.tw/tidbits/19121,台灣，台中市,大雋藝術 Rich Art【Drift with the Air 】Zdenek Konvalina個展,https://d2onjhd726mt7c.cloudfront.net/images/datas/000/121/722/0gl5mtk8q1llvgwruhgzj0bu4ysolyfu_800x420^.jpg,2025-11-08 ~ 2026-01-11,大雋藝術,https://dajungallery.com/exhibitions_detail.php?id=1407,Zdenek Konvalina,"大雋藝術將於 2025年11月8日至2026年1月11日呈獻捷克藝術家 Zdenek Konvalina的首次台灣個展《Drift with the Air》。Konvalina以繪畫與裝置構築出一個介於現實與感知之間的流動場域。在這裡，「呼吸」成為時間與存在的隱喻，象徵聚合與釋放、流動與停頓的節奏，貫穿整個展覽，形成持續而有機的循環。深沉的色調如吸氣般凝聚力量，柔和的漸淡則如吐息般釋放張力——deep tones for inhale, soft fades for exhale。每一筆、每一層顏料都承載著呼吸的韻律，讓整個展覽宛如一次完整的呼吸循環。
作品源自Konvalina身為舞者的身體記憶與對運動的敏感感知。漸層的抽象畫面、映照自然光的樹影，以及延伸至空間的裝置，皆在光與時間的交錯中呈現呼吸的延續與生命的脈動。展覽空間亦如一個流動的身體：層層簾幕的轉換、光影的流動與作品之間的留白，使觀者在漂浮與行走之間感受空間的呼吸。作品之間彼此呼應，與空間形成有機循環，觀看不再只是理性的觀察，而是一種身體化、情感化的經驗，使時間的延展與空間的厚度得以被具體感知，觀者在緩慢的節奏中與展覽共振。
《Drift with the Air》不僅是對自然律動的詩意回應，更是一場對身體與感知的重新調頻。展覽邀請觀者在空氣、光影與時間的交織中漂浮、共振，重新感受時間的延展與空間的流動。整個展覽如一個無聲循環，讓每一次的觀看都如重新吸入新鮮空氣般，流動而充滿生命力。
Rich Art Gallery is pleased to present Czech artist Zdenek Konvalina’s first solo exhibition in Taiwan, Drift with the Air, on view from November 8, 2025 to January 11, 2026. Konvalina constructs a fluid realm between reality and perception through painting and installation. Here, “breath” becomes a metaphor for time and existence—a rhythm of gathering and release, motion and stillness—that permeates the exhibition and forms a continuous, organic cycle. Deep tones condense like an inhale, while soft gradients dissipate like an exhale—deep tones for inhale, soft fades for exhale. Each brushstroke and layer of pigment carries the cadence of breathing, making the exhibition itself feel like a complete cycle of breath.
The works derive from Konvalina’s embodied memory as a former dancer and his heightened sensitivity to movement. Layered abstract surfaces, shadows of trees reflecting natural light, and site-specific installations unfold the continuity of breath and the pulse of life in the interplay of light and time. The exhibition space, too, becomes a living body: shifting veils, flowing light, and deliberate intervals between works allow visitors to sense the breathing of space as they drift and move through it. The works resonate with one another and with the surrounding environment, forming an organic circulation where viewing transcends rational observation and becomes an embodied, emotional experience. Time expands, space gains depth, and visitors find themselves attuned to the slow rhythm of the exhibition.
Drift with the Air is not only a poetic response to the rhythm of nature but also an act of re-tuning the body and perception. The exhibition invites visitors to drift and resonate within the interweaving of air, light, and time—to rediscover the expansion of duration and the flow of space. Like a silent loop, each encounter feels like breathing in anew—fluid, vital, and full of life.
_________________
Drift with the Air——Zdenek Konvalina個展 Solo Exhibition
⭐ 開幕茶會暨藝術家導覽Opening Reception＋Artist Tour
2025.11.08（六）14:00 - 16:00
藝術家 Zdenek Konvalina 將親臨現場，帶領大家感受畫作中的節奏與流動。同時，現場將有精彩的開幕舞蹈表演，呼應藝術家作品中「呼吸」與「流動」的主題。活動亦提供精緻小食與飲品，邀請您一同享受一場視覺、聽覺與味覺交織的藝術饗宴，與藝術家面對面交流，體驗藝術的魅力。
ଂ日期 Date｜2025.11.08（六Sat.）– 2026.01.11（日Sun.）
ଂ時間 Time｜週二至週日11:00-19:00 (週一公休Mon. Closed)
ଂ地點Venue｜大雋藝術 Rich Art Gallery (408台中市南屯區惠文路489號)"
https://artemperor.tw/tidbits/19096,台灣，新竹市,新竹市美術館【遷徙、築徑、知識百年的想像之地】,https://d2onjhd726mt7c.cloudfront.net/images/datas/000/121/565/u6com23w0zbymi5c9j91zxttitulsq7g_800x420^.jpg,2025-11-04 ~ 2026-01-11,新竹市美術館（新竹市東區中央路116號）,https://www.facebook.com/hsinchuartgallery/?locale=zh_TW,中原大學建築系、蘇弘、王文心、Yannick Dauby、蔡宛璇、Nigel Brown、林昶戎、王郁媜、尹邦倫、 工作坊參與師生,"《遷徙、築徑、知識：百年的想像之地》
以新竹市美術館（前新竹市役所）的百年歷史為主軸，透過歷史回顧、文化反思與當代藝術的多元對話，探討以古蹟作為主體的美術館在城市與藝術發展中的意義。策展以「遷徙」、「築徑」、「知識」三組核心概念，建立跨領域的研究與創作架構，並透過田野調查、地景測繪、聲音與植物的檔案建構、口述歷史與教育協作，發展歷史建築、環境與當代藝術的創新對話。百年的時間性也形成環境與生態的變化。從河川水系的改道、海岸線的退縮，到產業發展帶來的土地利用轉換，城市的樣貌不斷改變。展覽以藝術作為行動，關注自然生態與城市發展間的關係，讓觀眾在歷史、文化與環境的多重脈絡中，重新想像城市與自身的關係。
遷徙 Migration
測量與紀錄百年以來的改變。從人、物種、技術到信仰，遷徙構成了新竹城的生成機制，也形塑了城市日常的動態節奏。策展行動透過田野調查與口述歷史，重現市場、城廟、眷村與水文空間中的遷徙軌跡。我們不僅追溯居民如何在歷史中重新安居，也探討植物、聲音、語言與風土如何在城市中遷移。
築徑 Paths
跨領域發展穿越與連結路徑，透過想像產生創造力。邀集建築師、藝術家、生態學者、聲音創作者等共同踏查，於日常空間中丈量知識與感知的距離。「築徑」既是方法也是實踐：從護城河的再敘述、風場與光線的感測，到植物與土壤的田野檔案建構，一條條跨領域的感知路徑重新雕刻城市肌理，使被忽視的角落重新發聲。
知識 Knowledge
教育協作，藝術參與，可見與不可見間的知識生產。策展不僅回顧歷史，更著重於知識的生成與共享。建構「地景檔案庫」，涵蓋地圖、聲音、植物、信仰與居民敘事，並透過展覽、出版與教育推廣轉譯為公共資源。知識不再是靜態典藏，而是一種持續流動、可被參與與再創的城市網絡。
《遷徙、築徑、知識：百年的想像之地》
展期|11月4日至1月11日
開放時間|週二至週日早上9點至下午5點（每週一休館）
展覽地點|新竹市美術館（新竹市東區中央路116號）
藝術家|中原大學建築系, 蘇弘, 王文心, Yannick Dauby, 蔡宛璇, Nigel Brown, 林翊戎, 王郁婕, 尹邦倫,  工作坊參與師生
策展人/論述|陳宣誠
承辦單位|新竹市文化局"
https://artemperor.tw/tidbits/18749,台灣，台北市,吟遊文創【枝間新綠　陳立凡個展】枝間新綠一重重， 小蕾深藏數點紅,https://d2onjhd726mt7c.cloudfront.net/images/datas/000/120/000/p3jvy9d0lft9ldchvofr1yibya7pacsl_800x420^.jpg,2025-07-15 ~ 2026-01-12,臺北市松山區敦化北路167號1樓,https://www.facebook.com/hsinchuartgallery/?locale=zh_TW,陳立凡,"「枝間新綠」取自""枝間新綠一重重， 小蕾深藏數點紅""，藉詩詞文字中隱藏的生命力來表達此次作品的意象。陳立凡以無形文化資產工藝為媒，透過永續材料與當代構成語彙，展開關於生活、文化與環境的詩性對話，本次展覽展出《之間》、《一境一鏡》系列、《繁花》系列、《她們》。歡迎蒞臨凱基銀行敦北分行，走入枝葉流光間。"
https://artemperor.tw/tidbits/18711,台灣，高雄市,一菅空間【PaRt】一菅空間年度展覽計畫,https://d2onjhd726mt7c.cloudfront.net/images/datas/000/119/863/gx9tnh7iokf41ya25ihn8clr6zoqrm9p_800x420^.jpg,2025-08-08 ~ 2026-01-12,高雄市鹽埕區五福四路184號1、2樓,https://fb.me/e/54DaPv53S,蘇睿豪、簡莉芸、石孟鑫、張伯豪、何宇森、林永家、林伯城、江蕎勤、徐瑞謙、許少軒、金可讚、陳欣孟、王昱儒、陳世育、林彥翔、林于椉、陳宇弘、陳冠霖、郭哲希、黃珮琪、蔡睿宇、嚴紹恩,"▗▗▟ ▙▘▗ PaRt：一菅空間年度展覽計畫 ▖▝▟ ▙▗
自18世紀工業革命，一系列技術的發明引起了生產的轉變，人工勞動邁向動力機器，讓季節、時間與勞動的關係重整，開啟了由技術主導的時代。當我們棲身在可計算與調節的過程，強制均值的關係、日漸加速的環境，一體化過於絕對，任何事物被賦予了某種運作的方向與意義，個體或獨特的存在降格為依附於功能的輔件；最終，我們成為了社會系統中的「部分」。
「部分」各司其職，專注於目的同時確保社會這個團塊得以順暢的運行，「部分」之間的不善交流，盤旋在功能與價值前看似一體，實則鬆散模糊。而在這樣的環境中，我們該如何回看自身在這龐大系統中的位置？
在這次《PaRt》年度計畫，以「部分——part」作為概念的核心，將「part（部分）」視為宏觀世界、透明社會中，以微小的單位為前提所形成的觀看與感知方式，嘗試在透明的環境中尋找事物自處的樣貌。「part」在詞義上指涉著串連的繫繩、結構的支點或動能間的齒輪，既可被翻譯成部分、局部、部件，依據不同的情境，也可被解釋為角色、段落。它通常存在於某個正在運行的系統，可大可小、如影隨形。
假設我們將「部分」獨立出來，專注於順行在機制中的繫繩、支點、齒輪，並去除它們所被賦予的功能與目的，「part（部分）」轉為「parasite（寄生/噪音）」般的存在，「部分」本身成為無法忽略的噪點，這時我們繞行結構的改變，調轉了認知事物的關係、反思在現代化中過度的理所當然。在系統與部分的邊界跳躍之際，以此在使用與淘汰、文字與資訊、影像與記憶、景觀與日常的關係間，重建出另一種「部分」的當下。
針對此次計畫的概念與命題，我們邀請了藝術家、藝術團體、策展人，分別為：蘇睿豪、簡莉芸、 石culpture、陳世育，他們個別擁有長期關注的創作、策展脈絡，有著以「部分」為居的自處方式。他們將身處於龐大順行系統中的微小與不和諧展現，透過看似自成系統又為獨立個體的展覽計畫，回應此年度計畫所提出的概念。
展覽資訊 ❘
▙▚ Part of object  蘇睿豪 >>> 2025年8月8日 （五）- 2025年9月1日（一）
▟▝ Part of word and language  簡莉芸 >>> 2025年9月12日 （五）- 2025年10月6日（一）
▙▝ Part of image  石culpture >>> 2025年10月17日 （五）- 2025年11月10日（一）
▙▛ Part of landscape  陳世育 >>> 2025年11月21日 （五）- 2026年1月12日（一）
地址 ❘ 高雄市鹽埕區五福四路184號1、2樓
開放時間 ❘ 週五至週一 13:00-19:00
交通資訊 ❘ 捷運鹽埕埔站1、4號出口
贊助單位 ❘ 國藝會、高雄市政府文化局
各展覽詳細資訊，將會陸續於臉書粉專、lnstagram各平台公告。"
https://artemperor.tw/tidbits/18905,台灣，台北市,文心藝所 Winsing Art Place【李元佳個展】,https://d2onjhd726mt7c.cloudfront.net/images/datas/000/120/689/xmismctgrl0ywu09vhnyjj6os5wpx29n_800x420^.jpg,2025-09-13 ~ 2026-01-18,文心藝所 Winsing Art Place（台北市內湖區民權東路六段 180 巷 10 弄 6 號）,https://fb.me/e/54DaPv53S,李元佳,"李元佳於1929年出生於廣西，戰後輾轉來台。早期創作受到李仲生的現代藝術觀念的啟發，確立了融合傳統筆墨與抽象表現的繪畫語言。作為「東方畫會」的創始成員之一，李元佳移居英國後設立了自己的基金會，並在分享與社群營造的基礎上，開展更為宏觀的藝術實踐。
進入1960年代，李元佳的創作風格走向極簡、神秘、觀念化，在節制的表現性中透露恢宏的宇宙圖式。他開始發展「點」（point）──這個貫穿他創作生涯的概念及母題。在1962年移居義大利波隆那之後，李元佳加入藝術團體「龐圖」（Punto），繪畫表面不再只是圖像的載體，更成為操作、切割與重構的現場，將觀者的注意力從繪畫筆觸轉移到幾何構成。
這個傾向延續到李元佳1967至68年間的倫敦時期，創作上從視覺載體轉向觸覺化物件，探索空間裝置、互動式作品。他活躍於英國少數以非西方藝術家為核心的前衛藝術社群，除了被視為一位世界主義者，李元佳也是複數版（multiple）與參與式藝術（Part-Art）在英國的先驅之一。李元佳創作生涯最後的25年以北英格蘭為據點，他以一己之力打造了「李元佳美術館」，成為英國北方重要的現代藝術據點。
此次在文心藝所推出的「李元佳個展」，由文心藝術基金會邀請策展人游崴策劃，重新考察了基金會對於李元佳藝術的豐富收藏。展出藝術家自1950至1990年代，橫跨臺北、波隆那、倫敦及坎布里亞郡等四個不同時期的作品，作品形式橫跨書法、繪畫、淺浮雕、互動作品、掛毯、攝影版畫及藝術家檔案文獻，試圖展現李元佳創作中極簡、神秘或充滿觸覺暗示的「點」，及其背後充滿精神性的宇宙圖式。
李元佳，1929年生於廣西，二戰後隨國民政府來台，入臺北師範學校藝術科就讀，並入李仲生畫室習畫，受現代藝術觀念啟發，開啟了抽象語言的探索，並與同儕於1957年創立了「東方畫會」，為臺灣戰後初期現代繪畫運動的主要團體之一。李元佳此時期的作品，揉合了中國筆墨傳統及抽象表現的精神，其自由的線條及開放的結構，帶有幻想性與音樂般的律動感，透露了來自康丁斯基、米羅等的影響。作品中充滿書寫性的線條，也與同時期書法作品有著類似的動勢，有時亦混合甲骨文及象形文字的意象，將自然萬物託寓於抽象形式。
1960年代初期，李元佳逐漸形塑出風格極簡的抽象語言，往往在大片留白的紙面上僅留下如污漬或果核般的細微墨點。畫中饒富意趣的「點」，既是動作痕跡，也是抽象觀念，承載著「一切與空無」的哲思。他也嘗試冊頁形制，將畫框吸納進幾何構成，並以黑、紅、金、白作為主要用色，象徵「始與終、血與生命、高貴、純粹」。1961年，李元佳移居義大利，成為歐洲前衛藝術運動「龐圖」（Punto）創始成員。在短暫停留米蘭後，他移居波隆那，住在設計師迪諾．嘉維拉的家具工廠中，環境轉換促使他開始以工業材料進行淺浮雕創作。
1967至1968年，李元佳應倫敦信號藝廊邀請參與「探測之二」與「3+1」展，被英國藝壇視為「逃離紅色中國的第一批抽象藝術家」開始受到注意。信號藝廊跨領域、實驗性及多元族裔的氣氛十分吸引李元佳，遂移居倫敦，開始自學攝影、寫英文詩，並將之融入創作。在倫敦停留期間，他在里森藝廊舉辦三次備受矚目的個展，作品透露了某種觸覺轉向：原本筆觸般的「點」，被圓形的磁鐵物件取代，作品形式拓展至環境、參與及互動。他也開始發展「玩具藝術」的概念，成為英國最早實踐參與式藝術（Part-Art）與複數版作品（multiple）的先鋒之一。
1969年，李元佳離開倫敦，移居北英格蘭的坎布里亞郡鄉間，作品形式擴張為空間裝置，與自然環境結合。在位於布斯比的工作室舉辦兩次展覽後，他向藝術家溫尼佛．尼可森買下一間農舍，獨力擴建成為「李元佳美術館」（LYC Museum and Art Gallery）。自1971年開館至1982年，舉辦逾兩百檔展覽，並獨立出版展覽圖錄，成為北英格蘭重要現代藝術據點。創作上，李元佳持續發展互動性與觸覺性的「宇宙點」浮雕及圖騰式繪畫。結束美術館營運後，他投入攝影版畫創作，在自攝並沖印的黑白照片上手工上彩。影像融合了自然主義及編導式攝影，有時以隱匿面容的方式自拍入鏡。晚期作品的抒情、陰鬱及神秘，透露了李元佳生涯晚期的心境。"
https://artemperor.tw/tidbits/18979,台灣，台南市,"臺南市美術館【皮膚と內臟】自己、世界、時間 Skin and Viscera: Self, World, and Time",https://d2onjhd726mt7c.cloudfront.net/images/datas/000/121/026/zd2gdd4eh74a2cjrg3xsli64rdgtoxje_800x420^.jpg,2025-10-03 ~ 2026-01-18,臺南市美術館2館1樓展覽室A、2館1樓展覽室B、2館1樓展覽室C、2館1樓展覽室D,https://www.tnam.museum/,小林万里子、佐合道子、佐々木類、中田真裕、三嶋りつ惠、宮田彩加、牟田陽日、山下茜里、留守玲、綿結（依日文50音順序排列）,"本展覽從皮膚與內臟的感知為起點，試圖將自我、世界與時間組織起來。肯定身體接觸和感官經驗，透過從中所產生出來既神秘又具象徵性的表現，探求自我於現代的存在方式，以及如何面對世界的方法。
同時參照當代藝術的重要理論和思想，引介十位傳承自草間彌生以來的歷代創新藝術家精神的日本新一代女性藝術家。
這些女性藝術家，在超越男性的性與威權鬥爭的平權社會（扁平社會）中，探索自身，創造出追求新的存在意義的作品。草間彌生在其自傳《無限之網》中曾寫道：「不應該受到舊道德的束縛，要做自己喜歡的事」，展現了在自由中求生存的強力表現。這種精神也引起迴響，成為當代藝術家們的重要課題，且深深影響著他們的創作。
此外，本展覽以《葬送的芙莉蓮》中主角打敗魔王之後的旅程故事為隱喻，嘗試在主要故事結束後審視自我，重建與他者及「來世」的關係。
指導單位：文化部、臺南市政府
主辦單位：臺南市美術館
協辦單位：NPO Syuto Kanazawa、GO FOR KOGEI
贊助單位：公益財団法人日本台湾交流協会
特別感謝 / Support：The Japan Creator Support Fund、U.I.J HOTEL ＆ HOSTEL 友愛街旅館
特別感謝 / Special Thanks：國立成功大學文學院、金沢美術工芸大学、愛貝克思集團、Nakacho Konishi、OKETA COLLECTION、ShugoArts、荒城幸雄、嘉嶋勇一郎、木原健寿、山内徹生
Starting from sensations arising from the skin and internal organs, this exhibition intends to connect the self, world, and time. By embracing bodily contact and sensory experiences, it adopts the resultant mysterious and symbolic expression to explore how the self exists today and how it engages with the world.
Drawing on critical theories and ideas in modern art, the exhibition features ten Japanese female artists of a new generation—carrying forward an innovative artistic spirit from the legendary Kusama Yayoi.
These female artists move beyond the illusion of egalitarian society (flat society)—involving sexual and authoritarian struggles against men— to explore their own identities and create works seeking new definitions of existence. In her autobiography Infinity Net, Kusama mentioned, “We should not be constrained by outdated morals—we should do what we love,” powerfully expressing the artist’s will to survive within freedom. Such spirit has resonated with many and become a vital calling for contemporary artists, deeply influencing their creation.
Additionally, the exhibition takes the protagonist’s journey after defeating the Demon King in Frieren: Beyond Journey’s End as a metaphor—encouraging self-reflection following the end of the central storyline and rebuilding relationships with the Other and the world to come.
Supervisor: Ministry of Culture Taiwan, Tainan City Government
Organizer: Tainan Art Museum
Co-organizer: NPO Syuto Kanazawa, GO FOR KOGEI
Sponsorship: Japan-Taiwan Exchange Association
Support: The Japan Creator Support Fund, U.I.J HOTEL ＆ HOSTEL
Special Thanks: College of Liberal Arts National Cheng Kung University, Kanazawa College of Art, Avex Creator Agency Inc., Nakacho Konishi, OKETA COLLECTION, ShugoArts, Araki Yukio, Yuichiro Kashima, Kihara Kenju, Yamanouchi Tetsuo"
https://artemperor.tw/tidbits/19101,台灣，新竹市,新竹市美術館【「好字為之的時代」】,https://d2onjhd726mt7c.cloudfront.net/images/datas/000/121/584/3yw0au56mpnndk3xoph8rn62cyacptwa_800x420^.jpg,2025-11-08 ~ 2026-01-18,中央路241號6樓,https://www.facebook.com/hsinchu241/,justfont、日星鑄字行、花椒設計工作室、陳彫刻處、吳季禎、汪正翔、徐珮芬、張禮權、羅禾淋、國立臺南科技大學暨未來表演實驗室,"「好字為之」取自「好自為之」的轉化，探討文字於當代的角色與變化。在字裡行間，我們不只閱讀語意，也閱讀時代。
AI興起後，書寫的載體、傳播與主體皆被重塑，速度取代了思索，生成取代了手寫。於此語境之中，我們又身處哪一個「好自為之」的時代？
本展邀集十組藝術家／單位，以四個展區與一場圖靈測驗展開探究：
「文字的延續：介於過去與當下之間」
「文字的載體：介於control 與 control+C 之間」
「文字的棲地：介於獨特與模板之間」
「文字的可能：介於輔助與主導之間」
每個展區皆有詩人徐珮芬與其語言模型共同生成的詩作，邀請觀眾於閱讀與感知之間判斷，一同體驗「好字/好自為之」的時代。
新展將於11月8日登場⋆⁺₊⋆
歡迎各位前往觀展 ～
#新展預告 #好字為之的時代
—————————
好字為之的時代
The Age of Self-Written Fates
▎展覽時間｜2025.11.8（六）－2026.1.8（四）
▎展覽地點｜241藝術空間（新竹市中央路241號 6樓）
▎開館時間｜10:00-18:00（週一休館）
? 免費入場，歡迎自由參觀！
團體預約導覽歡迎訊息小編預約或電洽03-5337687"
https://artemperor.tw/tidbits/19019,台灣，台北市,Mind the G【GDAP SP 天使的色彩，社會的擁抱】樂山教養院創藝工作坊成果展 |12/03國際身心障礙者日,https://d2onjhd726mt7c.cloudfront.net/images/datas/000/121/190/hmbsf96prhyvyo53p1rxntkjtxsj1ttz_800x420^.jpg,2025-10-22 ~ 2026-01-22,政大公企中心公企藝閣-台北市金華街187號 A棟10樓,https://www.gdaptw.org/,樂山教養院,"本次展覽以「藝術共融」為核心，期盼透過作品的呈現，邀請大眾認識「國際身心障礙者日」，並深化對「身心障礙者權利公約（CRPD）」的理解。
正如簡昱琪（2011）所指出，藝術創作對身心障礙者而言，是一種「非語言的溝通形式」，也是「投射內心世界的鏡面」。創作不僅是情感的抒發，更是一種社會對話的語言，
能化解偏見，拉近彼此的距離。樂山教養院長期推動藝術培力計畫，透過藝術共融，陪伴身心障礙天使畫家，以畫筆描繪心中的世界，讓世界看見不一樣的美好！
註：每年 12 月 3 日，是聯合國所訂定的「國際身心障礙者日」（International Day of Persons with Disabilities, IDPD），其核心精神在於促進社會對障礙者權利與尊嚴的理解與重視，並彰顯「不遺漏任何人」的普世價值。"
https://artemperor.tw/tidbits/18993,台灣，新北市,鶯歌光點美學館【心象棲地】董晏伶創作個展,https://d2onjhd726mt7c.cloudfront.net/images/datas/000/121/051/an9l48eyqg7pcbu3evsfxrz2rasi4kyy_800x420^.jpg,2025-10-30 ~ 2026-01-25,新北市鶯歌區陶瓷街18號3F,https://www.gdaptw.org/,董晏伶,"展覽名稱｜【心象棲地】董晏伶創作個展
展覽期間｜2025.10.30－2026.01.25
開幕茶會｜2025.11.02 Sun. 15:00
開放時間｜10：00－19：00（每月一、三週之星期二休館）
地　　點｜光點藝術中心　三樓展覽廳
地　　址｜新北市鶯歌區陶瓷街18號
展覽專線｜02-2678-6577
展覽介紹｜
《心象棲地》一場走進內心深處的旅程。
在這片棲地中,存在著由情感、記憶與潛意識幻化出的怪獸——牠們或模糊、或奇異,承載著真實的感受。這些生物既陌生又熟悉,像是心裡的投射:或許是一個未曾言說的片刻、一段夢境殘留的閃爍影像,或是在事件觸發後湧出的
情緒。
「心象」指的是從內心生成的畫面,不論來自記憶、潛意識或夢境,它們或許不存在於現實,卻常在無形之中滲入我們的感受與思維。而「棲地」是一片能夠呼吸、繁衍、變化的生態場域。當兩者交會,就形成了一個獨立的小世界,
使得無形的心象得以安居,在其中生長、游移,彼此呼應,構成一種內在的生態循環。
我習慣把情緒或潛意識中的碎片,透過想像力轉化為怪獸或奇特的形體。牠們身上藏著各種隱晦的標記與符號——枯枝纏繞的身體、異常鮮豔的皮膚,四肢由鋼鐵打造的腿...等。這些符號並非直白的故事,而更像是一段需要解碼的語言,等待觀者以自身的經驗與感受去閱讀。正如夢境中的象徵難以立即說清,作品中的生物也以加密的方式傳遞訊息,讓每一次觀看都能生成新的理解與共鳴。
《心象棲地》不只是作品的集合,更是一個由符號與生物編織的場域。這些生物與符號的存在,並非為了提供答案,而是為了讓那些無形的心象,得以被看見、被安放。
而創作本身,也成為我與內心對話的一種方式。
▌藝術家介紹 —— 董晏伶 Yanling Dong
董晏伶用畫筆說故事，也用色彩捕捉情感。她的創作源於對夢境、神話與生活碎片的觀察，經常將蛇、動物與幾何圖案混合成一種充滿隱喻的視覺語言。作品如同潛意識的投影，讓人感受到既熟悉又陌生的張力。她善於將東方繪畫的柔和筆觸與現代構圖結合，創造出富含哲思與能量的繪畫語彙。"
https://artemperor.tw/tidbits/19062,台灣，高雄市,高雄市立美術館【園區】2025 張新丕個展,https://d2onjhd726mt7c.cloudfront.net/images/datas/000/121/441/js9cluho5vmduf8qo5js14xi6lu8m23a_800x420^.jpg,2025-10-04 ~ 2026-01-25,高雄市立美術館 2 樓展覽室,https://www.kmfa.gov.tw/ExhibitionDetailC001100.aspx?Cond=72278062-bba0-4be1-a951-afa141f04770,張新丕,"策展顧問｜黃志偉
策 展 人 | 吳慧芳
展務執行 | 李明軒
「園區」，是一個多重層面的空間隱喻，是資本主義消費市場下的產物名詞，也是張新丕繪畫作品的生產基地。
在這園區裡充滿著尺度計算所框構出來的空間和紋理，當然也免不了對自然環境的算計…
在張新丕的「園區」裡，是繪畫性的也是批判性的，是他創造未知形象不停運轉的新生氣流動狀態…讓繪畫自由！
「園區」一詞，為中性用語，是具有促進某一產業發展而設立的特定場域；本展以此為展名，尤直指藝術家張新丕位於檳榔園中的工作室—創作產出地。在張新丕的創作中，南方風土不再只是背景或風景，而是一種深植於身體記憶與生命經驗的存在方式。他的畫筆游移於記憶與現實、地方與身分之間，其畫面所建構的場景，不是對家鄉自然景物的再現，而是與土地共構的敘事場域。
2021年張新丕在絕對空間個展以「熱帶天堂-合界」為概念，認為藝術創作具有共時性，並以土地之下、盤根錯節的植物來譬喻那界線是難以區分的。在翌年正修藝術中心個展中提出「熱帶天堂-重合視域」，除了延續前次的概念，並使用指稱人類雙眼可視角範圍的「重合視域」，來形容我們所在的生活空間，是人、土地和身體感所共構賦予而存在的，再一次的強調了，彼此皆是共時的相互影響著彼此。2025年個展《園區》，拓延「熱帶天堂」系列的創作脈絡，進一步聚焦於「觀看」本身：我們如何在濕熱的氣候與流變的地景中，看見人與自然的互動？如何透過視覺與情感的重疊，生成一種身體性與倫理性的觀看方式？在這裡，藝術家、觀者與土地，彼此感知、回應，並共同參與一種新的風景形式。
展覽從台灣獨有的自然生產結構與文化圖景出發：甘蔗田映襯著午後烈陽，檳榔園在濕熱空氣中顯得格外明亮，流動的海浪與港灣則暗示著歷史與產業的遷移。張新丕透過顏料疊加的圖層與透明的筆觸，捕捉這些熱帶風土的微妙光感，並融入個人生命遭遇與社會環境的反思。他的畫面常常同時蘊含對自然的柔情與對人文現實的批判，讓我們在欣賞色彩與形式之美的同時，也被迫凝視土地變遷留下的裂痕。
張新丕的繪畫語彙，充滿透明、濕潤、具穿透性的筆觸與光影處理，彷彿午後陽光灑落檳榔園中的空氣浮動。畫面中的自然符號—水田、樹影、農舍—既具象又寓意，指向臺灣南部長期以來的產業變遷、土地使用與社會結構問題。他筆下的風景並不靜止，而是充滿著記憶的堆疊與歷史的沉澱，繪畫在此成為一種溫柔而堅定的土地敘述。
策展結構上，本展不以線性編年為導引，而是以主題意識編排展區，使觀者能在不同作品間游移穿行，逐步沉浸於由濕熱氣候與感性觀看交織而成的空間感。展覽也回應藝術家近年對身體感與自然關係的關注，透過色彩與構圖進一步探問人在自然秩序中的角色與位置。
《園區》既是藝術家長年創作歷程的延續，也是一次深刻回望地方經驗、文化記憶與視覺倫理的當代實踐。在全球化視覺語言日益同質的當下，張新丕的創作提醒我們：真正的觀看，是與所在之地共振的能力，是在日常風土中持續生成的敘述力。
藝術家張新丕
1955年出生於屏東縣，1979至1993年間旅歐，法國巴黎國立高等藝術學院畢業，多次個展於德奧法。深受德國新表現主義、義大利超前衛的影響，並加入奧地利分離派，其口號--「給藝術自由」--依然在創作中迴響。
1995年於北美館個展後，即返台全心投入創作。為找回創作初心，執行「藝術協尋」計劃，在探討原創型態與自我創作之間的關聯性，且意外促成伊斯坦堡雙年展獲獎。籌組社區藝術團體，為當時閒置空間再利用重要推手，並舉辦 2001年「土地辯證」等，透過繪畫、雕塑、空間裝置等與土地連結進行創作，或許就是一種新的「南方分離」，從主流的視野中自我抽離，轉向屬於南方的在地經驗。
近年來，以「熱帶天堂」命題作為展覽主軸，「菁仔園」成為藝術意象，檳榔樹、鳳梨田、漁塭、海堤、消波塊等作為符號性，是一種跨越生產生態、社會結構與藝術形式的綜合實踐。作品大量使用螢光等高光色彩構築熾烈的地方感敘事，光影凸顯人與物的存在關係，筆觸常常在厚重與透明之間震盪，試圖捕捉那存在的不確定性，詮釋身處南方「燒熱」身體感官。透過多年的觀察與記錄，這片土地已經從「自然—文化交織的生活場域」，轉變為「人工—經濟主導的斷裂地景」。藝術家再現的不僅是土地與海岸線，更是一種斷裂與重構的經驗，藉此丈量自己與變動地景之間的距離。"
https://artemperor.tw/tidbits/18829,台灣，新北市,新北市美術館【建築的恐懼與療癒】,https://d2onjhd726mt7c.cloudfront.net/images/datas/000/120/402/5yd7l3bw4t35yziksumfc7mba1wbe16f_800x420^.jpg,2025-10-04 ~ 2026-01-25,新北市美術館 – 6A、6B展覽室（新北市鶯歌區館前路 300 號）,https://ntcart.museum/,尹子潔、布恩森．普瑞姆塔達、吳增榮、吳耀東、松田和久、洪浩鈞、徐婷、符昌鋒、曾志偉、楓川秀雅、廖偉立、澎葉生、陳東華、陳家毅建築師事務所、賴伯威、顧世勇,"建築始於身心庇護的需求，我們一如地球的所有生物，藉建築對抗生命本質的危機，譬如天災、傳染病毒或他者的威脅。當恐懼與療癒交織時，讓我們見到混亂無序的真實顯現，以及對秩序安定的緬懷憧憬，二者皆是生命的本態。
不幸的是，現代建築與城市並沒有真正回應生命對於恐懼與療癒的思索，反而一步步落入巴塔耶所說「自我的膨脹、最終的空虛、對他者的蔑視、大聲的喊叫、對過往不幸輝煌的凝視」的時代沈淪裡，這正是展覽想要省視的位置點。
展覽因此分成四個主題：儀式、建築的法則、召喚、里山，邀請16組建築師/藝術家，透過聲音、影像、裝置和構築的創作，呈現建築與生命的複雜關係，也詮釋空間本與哲學、神話、環境和人，從來就緊密相連的廣義本質。
一如文化地理學家段義孚在《恐懼景觀》所說：「人們不單建造房子、發明農耕以應對自然的威脅，還創作童話、傳奇，建構宇宙想像、哲學體系，將之作為心理的庇護所，用以逃避思維的混沌、對自然的恐懼。」
建築因此是宇宙混沌的顯現，是人類心智的庇護所，是生命棲息的所在，恆長存在恆常變動。而且，雖然恐懼吞噬心靈，療癒還是時時庇護，建築始於自身的恐懼與療癒，畢竟也要對他者的恐懼與療癒付出關懷。
建築的恐懼與療癒
The Architecture of Fear and Cure
｜策展人｜阮慶岳
｜參展藝術家｜尹子潔、布恩森．普瑞姆塔達、吳增榮、吳耀東、松田和久、洪浩鈞、徐婷、符昌鋒、曾志偉、楓川秀雅、廖偉立、澎葉生、陳東華、陳家毅建築師事務所、賴伯威、顧世勇
｜指導單位｜文化部、新北市政府
｜主辦單位｜新北市美術館"
https://artemperor.tw/tidbits/19168,台灣，台北市,10680【Masters on paper 藝術大師在紙上】,https://d2onjhd726mt7c.cloudfront.net/images/datas/000/121/914/ayta22iuir6ilwza5w3gx9z60p46pqrs_800x420^.jpg,2025-11-01 ~ 2026-01-31,台北市大安區安和路二段112號,https://ntcart.museum/,Joseph Beuys、Georg Baselitz、Keith Haring、David Hockney、Yayoi Kusama 、Henri Matisse、Elizabeth Peyton、Pablo Picasso、Bridget Riley、Ed Ruscha、Yves Saint Laurent、Sanyu,"這次展覽聚焦於藝術大師的紙上作品，在當代藝術中，紙上作品早已不只是“草圖”或“次要作品”，而是一種獨立的藝術形式。
許多藝術家運用紙張作為主要媒介進行創作，探索材料的纖維、折疊、燒灼等可能性，反而可以更清楚的看見藝術家創作上隨性的一面。
相較於布面油畫，紙上作品塗抹重畫的空間也變得更小，更能夠看清楚藝術家在創作的直接性和技巧性，紙上的筆跡、擦痕、鉛筆印、修正痕跡也更容易保留。
不同於油畫作品，紙上作品更能看出藝術家的浪漫與隨性感。
10680NEXT邀請您來近距離觀賞這些藝術大師的作品
藝術家名單（按字母排序）
Joseph Beuys
Georg Baselitz
Keith Haring
David Hockney
Yayoi Kusama
Henri Matisse
Elizabeth Peyton
Pablo Picasso
Bridget Riley
Ed Ruscha
Yves Saint Laurent
Sanyu
*免費入場參觀，若想坐下慢慢欣賞，低消一杯咖啡。
*為維護觀展品質，室內人數限制上限為25人。
*店內備有畫冊，僅供店內閱讀，請愛惜翻閱。
展覽地址：台北市大安區安和路二段112號
營業時間：週二至週六 11：00－18：00
預約電話：02 2738 3719"
https://artemperor.tw/tidbits/19113,台灣，台北市,TKG+【Drawing Fold】陳敬元個展,https://d2onjhd726mt7c.cloudfront.net/images/datas/000/121/648/owe0l7qgo1hrajnnjlif5iqpfrjxuv81_800x420^.jpg,2025-10-30 ~ 2026-01-31,TKG+ Projects（台北市內湖區瑞光路 548 巷 15 號 2 樓）,https://www.tkgplus.com/,陳敬元,"關於陳敬元，關於陳敬元的畫，關於那些往返於個人記憶與集體意識間的陳述、拮抗，甚至僅是以一種清冷的視角去記錄某個當下，陳敬元的創作專注在呈現只有「繪畫」得已處理的藝術語言與形式，透過筆觸和線條的共構，佐以藝術家獨有的色感，細膩地描摹那些介於清晰與未定、在場與缺席間的幽微曖昧，在抽象感知與寫實再現的壁壘間之間敲動出繪畫獨有的敘事語彙和空間。
繪畫的語彙，又或說繪畫的語言性，在一眾形式主義支持者的簇擁下成了當代藝術發展的基石，藝術不再僅服膺於紀實記錄這個一元的敘事意識，而是仰賴於審美經驗中的顯著形式（significant form），後又再羅蘭巴特（Roland Barthes）的理論下走向了符碼學的範疇，進而使閱讀藝術成為可能。回至當代，在後殖民理論與身份政治的影響下，「藝術語言」被重新理解為權力、文化身份與語境的再現場，藝術家透過畫筆運用畫面上的斑斕有意識的搭築根於自身品味而產生的秩序，讓這些單一的色塊與痕跡具備統一的意義，進而得以去溝通個體如何所感於世界的洪流，去講述記憶如何作用於現實的朦朧，去賦予現世的物件以抽象的符號。繪畫成為了一種銜接虛幻與紀實的語法。
對敬元而言，以場境側寫的筆法去收攏人物的情緒與感知，使觀眾在平面的日常裡聚焦在潛藏底下的情緒暗流是其繪畫語彙的獨一。本次展題Drawing Fold便是對其藝術語彙的自我剖析。Drawing 一詞強調繪畫過程中的動態，他既能指涉油彩所留下的物質痕跡，也涵蓋了持續書寫、修訂與塗抹的過程；Fold則表達皺摺、摺疊之意，但也隱含了「群體」與「圍攏」的概念。藝術家在此將繪畫視為一種折疊的運動，給予其Enfold的主動性，在線條的展開與收攏之間，將光影、身體與情感收納和環抱，使構圖成為情緒與敘事的載體；而Unfold的權力則掌握在觀者身上，觀者自然能從視覺經驗上去理解敬元的繪畫，不論是畫面中相互襯映的杏黃、靛青與灰藍，亦或是其對於光影的經營，其色感和技法的精彩足以滿足觀看本身，然若能在凝視的過程中探尋到藝術家所欲表達之高亢或寂寥的意義，畫面便逐步顯影，映出心靈層面的色彩。
Drawing Fold 因而形成了一個有趣的雙關。它首先可以理解為「褶皺的繪畫」，最直觀可以表現在敬元藝術語彙裡的特點：層疊。敬元的繪畫往往根植於自身的身體經驗與感官遭遇：時間的剪影、重疊的記憶、列車窗外浮光掠影般的軌跡，皆被他轉化為畫布上的痕跡。他對「痕跡」的專注化為層層疊疊的筆觸，正如在《夜行》系列中，這樣的技法既喚起夜晚的親密與朦朧，也召回留存在肌膚與心靈上的短暫印痕，呼應記憶本身的游移與不確定性。繪畫過程中不斷的塗改與修正，正如大腦在不同情感刺激下對場景的消解與重組：記憶的片刻被反覆疊合，最終壓縮為一個定格，細節被抹去，只留下模糊卻難以磨滅的印象。這樣的方法使內容與創作緊密結合，讓畫面本身成為記憶機制的具象化。
Drawing Fold 第二層的意義則是「繪畫下的群眾」，敬元的作品始終懷抱對社會與集體的關注。從早期社會運動經驗中抗爭者的肖像，到《廣場》系列以俯視角度描繪的群像側寫，藝術家不斷探問：個體如何無可避免地被捲入時代的洪流？自我的異質性又如何在龐大而獨斷的集體敘事中逐漸被稀釋、甚至消隱？在這些作品中，他延續了早期對光線與古典題材的執著，畫面氣質交織神祕與自然主義的氛圍，以戲劇化的光線探照潛伏於畫面深處的隱喻，卻不流於復古的矯飾。於是，畫中的光線並非明媚歡快，而是夾帶悲劇性的陰翳，或薄如絲綢般的哀傷。這樣的光影語法回應了他一以貫之的集體關懷，同時觸及個體與群體之間那未言明卻持續緊繃的權力張力。
一樣出彩的色感，同樣精心經營的光影，陳敬元的藝術語言從早期濃烈的古典氣息與超現實特質，逐漸演變至今日在主題上更傾向寫實或紀錄，而隱伏於幽微與曖昧氛圍之下的情感，依舊真摯動人。Drawing Fold 因而不僅是對眾生百態的紀錄，更是一種關於記憶、情愫與幽微的書寫方式，恰如其分地回應了藝術家所追求的——呈現唯有「繪畫」才能處理的藝術語言與形式。"
https://artemperor.tw/tidbits/19112,台灣，台北市,TKG+【共壤】蔡佳葳個展,https://d2onjhd726mt7c.cloudfront.net/images/datas/000/121/646/jnkw3kljqrbenxpsqqyosjh1r4gpt2ku_800x420^.jpg,2025-10-30 ~ 2026-01-31,TKG+ （台北市內湖區瑞光路 548 巷 15 號B1）,https://www.tkgplus.com/,蔡佳葳,"「人們總以為，解決世界的問題是要征服土地，而不是去觸碰它，真正地落實於其上。」 — 丘揚創巴仁波切（Chögyam Trungpa Rinpoche, 1939–1987）
2025 年底，TKG+將推出藝術家蔡佳葳全新個展「共壤 Touching the Earth」。承襲 2022 年個展對於跨文化、集體創作與地方記憶的探索，蔡佳葳在「共壤」中將視野轉向更為個人化的感知實踐，從台灣島嶼出發，蔡佳葳的創作行經文字的紋理、陶土的觸感與繪畫的筆勢，延伸至蒙古無垠的草原，透過創作回應當代社會中人與自然關係的重構可能，以陶器、礦物顏料繪畫及錄像裝置等形式，構築土地、儀式與文化記憶之間的交織關係。
本展核心作品《親吻大地》（Kissing the Earth, 2025），由蔡佳葳與蒙古行為藝術家 Ganzug Sedbazar 合作，於蒙古草原完成拍攝。Sedbazar親自實踐這段儀式，作品中所呈現的並非形式上的表演，而是一種源自內在信念的真誠回應，以繩索、麵粉與牛糞等象徵性材料，構成一個動態的空間語境，探究自然元素與人類行為之間的關係。游移在圍繞自身所布置的儀式空間，Sedbazar將牛糞引燃置入獸皮的容器，以繩索緊束之，隨後用全身之力拋甩懸於空中。作品所追求的不是重現傳統，而是藉由行動重新理解儀式作為關係重構的行為可能性。
由多件陶土器皿組成，以不同姿態錯落展場中，另一重要系列作品《古老的願》（Ancient Desires, 2025），則回應藝術家個人記憶中80年代台灣街頭的供桌文化。部分器皿中置放著藥草，作為對身體與療癒的祝願：創作並非只是裝飾性的形式，而是一種回應與共感的實踐。此系列的陶器製作與台北抱瓶庵藝事空間合作完成，保留了手工製作的溫度與質地，也反映了藝術家對於「製作」本身作為一種連結與回應的重現。
延續對土地與實踐的關注，蔡佳葳亦創作數件以天然礦物顏料繪製的畫作。進一步探討精神與物質之間的轉化關係。顏料選用青金石與藍銅礦等礦石製色，並以「圓」為構圖符號，呼應其在不同文化脈絡中所象徵的循環與整體性。畫作結合手寫經文，引用自《華嚴經》中的《普賢行願品》段落，述說一種萬象並生的宇宙觀，也回應藝術家持續對物我共存的關注。
「共壤」是人與土地之間非佔有式的關係，透過觸碰、共處與傾聽，建立連結。多種媒材與形式的交織，讓展場呈現出一種靜緩的觀看節奏。錄像的時間性、陶器的溫度與繪畫的定格，在空間中彼此呼應，使每件作品不僅是單獨的物件存在，而是成為一種網絡。蔡佳葳以創作作為行動與感知的橋樑，邀請觀者重新思考人與土地、與他者之間的關係，她所關注的不僅是具體的跨文化實踐，更包含那些未被提及、卻深刻存在於每個人記憶中的經驗與連結。"
https://artemperor.tw/tidbits/18491,台灣，南投縣,毓繡美術館【佈局 Arrangements】托尼‧馬特利 Tony Matelli,https://d2onjhd726mt7c.cloudfront.net/images/datas/000/118/673/van788swwct1uzz9r7f0agn695irxmry_800x420^.jpg,2025-08-09 ~ 2026-02-01,健行路150巷26號,https://www.yu-hsiu.org/exhibition/2/data/41,Tony Matelli,"展覽簡介
「佈局」是美國藝術家托尼‧馬特利（Tony Matelli）在台灣首次個展，呈現共26件雕塑及畫作。馬特利的雕塑一向被視為高度擬真、超級寫實，然而他的創作並非都是客觀如實的再現，而是混雜著荒誕的黑色幽默，刻意營造一個意義懸置，不穩定、不舒適的觀看情境。
馬特利的創作幾乎是我們平常熟悉的題材，像是鏡子、古典雕像、香腸、蔬果、雜草、花卉、水杯、繩子等物，但在顛倒、懸浮、失衡、失能、失效等佈局手法下，他把時空的秩序破壞殆盡，讓觀者從中經驗到一種受挫的、受阻的觀看，視覺感知的混亂與焦慮，而這正是他意圖建構的另一種自主性美學邏輯：反抗定義，懷疑並挑戰事物的既定結構，創造屬於自己的情感連結和詮釋空間。
我許多作品的誕生，來自於自我與社會之間的摩擦。 ─ 托尼‧馬特利
展名「佈局」取自二樓展場的系列作品名稱 Arrangement，馬特利以作品在三層樓空間的「顛覆式」編排作為藝術策略，將形式重新定位排列，由此思考存在的構成，以及事物的價值與意義如何被分配賦予，並藉此處理自我慾望在社會體制下所擦碰出的衝突和矛盾。馬特利作品的空間佈局有意識地擺脫物理現實的拘束，亦希望觀者在展場「攀升」（ascension）的過程中，能引發或多或少的忐忑和無法言說的自由感受。
藝術家簡介
托尼‧馬特利 Tony Matelli
1971年生於芝加哥，1993年完成威斯康辛州密爾瓦基藝術與設計學院藝術創作學士，1995年取得密西根州克蘭布魯克藝術學院藝術創作碩士，現居住於紐約。
馬特利1991年曾參與紐約獨立藝術學院聯盟－獨立研究計畫，1998年獲得紐約藝術基金會獎助金。其作品典藏機構包含丹麥ARKEN方舟現代美術館、挪威卑爾根當代藝術館、斯德哥爾摩Bonnier Collection、西班牙安德拉克斯（Andratx）當代藝術中心、紐約新美術館 Altoids 當代藝術收藏、莫斯科Ekaterina文化基金會、法國波爾多地區當代藝術基金會（FRAC）、盧森堡大公國現代藝術美術館（Mudam）、科隆路德維希博物館、廣東HEM和美術館等。
馬特利個展經歷包含南投毓繡美術館（2025）、布魯塞爾Maruani Mercier畫廊（2023）、巴黎Andréhn-Schiptjenko畫廊（2023）、洛杉磯Nino Mier畫廊（2022）、紐約Maruani Mercier畫廊（2021）、紐約Alone畫廊（2020）、斯德哥爾摩Andréhn-Schiptjenko畫廊（2019）、伊斯坦堡Pilevneli畫廊（2018）、紐約Real Estate Fine Art（2018）、倫敦Marlborough馬博羅當代（2017）等。重要聯展則包括參與2024年芬蘭坦佩雷藝術博物館「五十年超寫實雕塑大展」，以及2023年羅馬波拿巴宮「重塑現實：五十年超寫實雕塑大展」，其餘亦有荷蘭拉倫辛厄爾博物館（2024）、德國漢堡美術館（2024）等展。
馬特利的雕塑儘管被界定為超寫實風格，事實上他的創作卻是朝向一種毫無牽絆的姿態，自成一格，嘗試構建一個自我探究的思辨性空間，提出關乎存在主義的命題。馬特利藉由展現雕塑物體的高度精緻以及清晰明確的主題，來讓觀者對其產生信任與投入，期待他們能面對作品直接感受意念，與作品內含的價值觀交流互動與對話，根據自己的生命狀態有所解讀或啟發。馬特利的創作靈感來自於對日常的情緒或情感，作品因此外化了他個人的反叛思維，看似對體制進行批判，實際上卻避而遠之，也無意成為某種理論或意識形態的載體，他想實踐的，僅僅是如何使作品以浪漫主義式的精神與觀者產生內在連結。"
https://artemperor.tw/tidbits/19122,台灣，台北市,卓氏藝術【靜謐流光】卓淑倩創作個展,https://d2onjhd726mt7c.cloudfront.net/images/datas/000/121/694/patdmi2u9vq3aiiigkrowzyfwel3eykn_800x420^.jpg,2025-11-05 ~ 2026-02-05,臺北市北投區新民路60號 軍陣醫療大樓1F 醫苑藝徑藝廊、行政大樓,https://shadesofblueartstu.wixsite.com/drawsart/post/%E9%9D%9C%E8%AC%90%E6%B5%81%E5%85%89-%E5%8D%93%E6%B7%91%E5%80%A9%E5%89%B5%E4%BD%9C%E5%80%8B%E5%B1%95,卓淑倩,"卓淑倩——台灣藝術家與教育者，現就讀國立臺灣師範大學美術系博士班，長期以繪畫為核心，跨及教學與跨域合作。她的創作以壓克力與油彩的透明層疊見長，結合舞者、魚群與宇宙式的光影場域，從個人生命經驗出發，延展至對情感、存在與時間流動的凝視。畫面在具象與想像之間游移，藉由色光的「流」與心性的「靜」形成對話，呈現既詩性又具哲思的當代圖像語言。近年關注「東方精神的當代轉譯」與「觀看—被觀看」的課題，並持續於藝文空間與藝術教育現場推廣藝術與美感素養。2024年創立 Draw’s Art Gallery，致力於展演與公共教育的連結。
靜謐流光  卓淑倩創作個展
展出日期：114年11月5日-115年2月5日
展出時間：星期一-五08:00-17:00 星期六8:00-12:00
展出地點：軍陣醫療大樓1F 醫苑藝徑藝廊、行政大樓
地址：臺北市北投區新民路60號"
https://artemperor.tw/tidbits/19085,台灣，台北市,TAO ART【無盡的生命循環】宮島達男,https://d2onjhd726mt7c.cloudfront.net/images/datas/000/121/528/xgo1qxn7as7ep577qbvuruiydxeydtx2_800x420^.jpg,2025-10-22 ~ 2026-02-07,TAO ART（台北市內湖區洲子街79-1號8樓）,https://taoartspace.com/,宮島達男,"TAO ART 呈現 日本殿堂級當代藝術家宮島達男台灣首次個展
《無盡的生命循環 Endless Life Cycles》 走入無盡的數字宇宙
展覽日期：2025 年 10 月 22 日 至 2026 年 2 月 7 日
展覽地點：TAO ART （114台北市內湖區洲子街79-1號8樓）
媒體預覽：2025 年 10 月 22 日 （星期三）下午 3 時 至 下午 4 時
開幕酒會：2025 年 10 月 22 日 （星期三）下午 4 時 至 下午 7 時
TAO ART 將於 2025 年 10 月 22 日至 2026 年 2 月 7 日欣然呈現日本當代藝術大師宮島達男（Tatsuo Miyajima）在台灣的首次個展《無盡的生命循環》 （Endless Life Cycles）
宮島以 LED 數字裝置和科技驅動雕塑 （technologically-driven sculptures）享譽國際，本次展覽集結藝術家近五年的十二件重要創作，帶來一場關於生命、時間、空間與存在的深刻探問。與此呼應，亞洲大學附屬現代美術館亦將推出宮島在台灣的首個美術館個展《眾生共命：宮島達男》（Tatsuo Miyajima Human Lives as Collective Experience），兩個展覽分別以內與外呈現藝術家不同面向的作品，探討自身的生命循環以及自身與眾生的關聯，引領觀眾探索並共創一段極具哲學性的藝術實踐。
1957 年出生於日本的宮島達男，以 LED 數字裝置聞名於世。自 1980 年代末期發光二極體（LED: light emitting diodes）普及後，他開始大量運用此媒材，並以「數字」與「倒數」為創作語言，將科技轉化為思索生命的哲學符號。雖然以新媒體藝術為技術基底，宮島更像是一位以藝術作為語言的哲學家。他曾於 1999 年代表日本參與威尼斯雙年展，其作品《MEGA DEATH》，由 2400 顆藍色 LED 組成，作品在某段時間會突然熄滅，讓觀眾直面龐大的黑暗，隨後又重新亮起，不斷循環。這件作品紀念歷史上的大規模死亡，引發了人們對失落、生存和重生的強烈思考。燈光亮滅的周期性反映了他對生命連續循環的信念，具體展現其三大核心理念：「持續變化（Keep Changing）」、「連結一切（Connect with Everything）」與「永無止境（Continue Forever）」。
在宮島的藝術實踐裡，數字持續循環與重複，無論是從 1 到 9，或 9 到 1，每一個序列皆象徵一個完整的生命週期。然而「0」在他的作品中始終缺席。在數列的循環裡，9 之後不是 0，而是一段空白的停頓。這片黑暗彷彿是死亡與重生的瞬間，也呼應了佛教中輪迴與轉世的哲學思考。數字因此以各種形式出現 ── 網格、塔樓、錯綜的電路或單純的數字本身 ── 不斷延展他對時間與空間中「變化、連結、永恆」的持續探索。
在這次的台灣首展中，宮島特別為 TAO ART 打造兩組作品，其中一組為茶室空間場域限定的作品《TAO ART・計數之窗）。這件作品是繼瀨戶內海倍樂生藝術場直島（Benesse Art Site）「家計畫」完成的首件作品在「角屋」（Kadoya）登場後，第一次於其他場域展出。作品以兩扇覆有液晶薄膜的特殊玻璃（UM Glass）為媒介，玻璃表面緩緩浮現持續變動的倒數數字，而台北街道的景象又隱約透過玻璃顯現。觀眾在數字、倒影與街景之間，得以思索自身在無盡循環中的位置。
另外一組全新委託製作的《360個生命》（2025），則是透過多組變幻的數字單位，以不同速率與色彩展現全球生命的多樣與交織，數字不斷的明滅循環，點出宮島長期關注「生與死」的核心，亦即「生命（Seimei）」。作品中不同速率、色彩（包含黑色）的變化，不僅象徵世界各地的每一個不同生命的可見、或不可見的存在樣態之外，亦是呈現出無數微小的生命彼此之間交織，構築成一個豐富的世界、乃至於宇宙，宛如一則現代寓言，映照人類存在的普遍境況。在同一空間的《持續變化（蒙德里安） – no.11》（2021）將閃爍的數字置入蒙德里安的幾何結構，在秩序與混沌的交織中，使觀者得以感受時間流動的韻律與永恆。
作為佛教徒的宮島，其創作深受佛教思想啟發。《飛天 – no.9》（2022）與《飛天 – no.12》（2021）以自由流動的數字光點，喚起敦煌壁畫中飛天的意象，象徵對生命循環的永恆想像。近年發展出的《數字珠畫（Numerical Beads Painting）》系列則捨去 LED 光源，轉以隨機計算的圖面，搭配藝術家在巴黎收集的數字珠子，大量排列以構築「三千大千世界」，在畫布中重現數字的明滅與宇宙的宏觀秩序。
另一展間則以「反脆弱（Counter Fragile）」為題的 C.F. 系列作品，如《反脆弱的空氣環 – no.2》（2023）與《反脆弱的空氣環 – no.3》（2023），宮島以有機、雲狀般纏繞的電線組成扭曲的輪廓，每一件作品猶如漂浮的微型宇宙。它們看似脆弱，卻在閃爍的微光中蘊含不容忽視的價值，正如人類的存在雖短暫卑微，卻無比珍貴，引出藝術家對「人在宇宙中的微小狀態」的思索。
影響生命的災難，關於集體記憶的創傷，也是宮島所關注的。2011年的東日本大地震，無疑是日本歷年來最大的天災，宮島邀請三千名災區民眾透過一個數位計時器（digital counter）設定專屬的倒數速度，以各自的生命節奏回應災難留下的痕跡，看似日常，但個體的差異，以及每個人對於災難不同的衝擊和改變，讓大家看見受災群體的日常樣貌，其實與所有人無異── 每個人都在各自的節奏中生活。現場展出的《時間之海・東北:生命的樣貌（Life Face for Sea of Time – TOHOKU）》（2025）則是藝術家支持紀念美術館的建設所創作的版畫，彰顯藝術家對此議題的持續關懷。
另外，位於台中的亞洲大學附屬現代美術館，也將舉辦宮島達男在台灣的第一場美術館展覽《眾生共命：宮島達男》。內容涵蓋自 1993 年至今超過三十年的創作，包括經典作品、創作概念圖以及邀請台灣各族群共同參與的共創計畫。其中，宮島更為安藤忠雄設計的三角展覽廳創作直徑 5.4 公尺、由 216 顆 LED 構成的大型新作《Mutual Ten Worlds》，為展覽注入震撼核心。
透過台北與台中的雙展聯動，宮島達男不僅以數字藝術構築出獨特的生命哲學，更邀請觀眾進入一場與世界對話的藝術現場。在數字的光影與輪迴之間，觀眾將被引導去思索：在這無盡的循環裡，何以存在？TAO ART 創辦人 Vicky Chen 表示：「一開始是對宮島先生和佛學有關的研究感到好奇，參照佛學的『空』避開零以抽象數字探討生命與空間萬物的連結。在宮島先生的主要作品中，這些閃爍的 LED 燈，雖然看似是冷漠的科技，但其實有著很深很溫暖的含義，印象深刻的便是早期在瀨戶內海直島完成的《Sea of Time ’98》，集結眾多島民共創，開啟了瀨戶內海現今的藝術生態。宮島先生用藝術連結眾人，很溫暖令我感動。一直希望可以將這份關懷和感動，帶來台灣跟大家分享，非常期待這次與日本畫廊 SCAI THE BATHHOUSE合作為宮島先生製作的展覽。」
▐ 關於 宮島達男（Tatsuo Miyajima）
1957 年生於日本東京，目前生活並工作於日本。他於 1986 年完成東京藝術大學（原東京國立藝術大學音樂學部）的本科與研究所學業，之後開始進行行為藝術實驗，隨後轉向以光為媒材的裝置藝術。
自 1980 年代後期起，宮島的創作始終圍繞著數位發光二極體（LED）計數器展開，他將這些計數器稱為「小裝置（gadgets）」。數字在 1 到 9 之間不斷閃爍，循環反覆，卻不一定遵循順序，象徵著從生命走向死亡的旅程；其中「0」或「零點」象徵終結，因此從不出現在他的作品中。這一觀念部分來自人文思想、佛教教義，以及他三個核心的藝術理念：「持續變化」、「連結一切」、「永無止境」。宮島的 LED 數字體現了他對延續、連結與永恆的探究，同時也關注時間與空間的流動與跨度。
▐ 關於 TAO ART
由陳薇捷（Vicky Chen）創立，是結合收藏與展覽的嶄新型態藝術空間。由日本建築大師青木淳（Jun Aoki）操刀設計，以「都市園林」為概念，營造出一個融合古典、經典與當代藝術的生活場域。空間配置包含白立方展間、茶室與起居室，呈現藝術融入日常生活的多種可能。
TAO ART 致力成為一個多元且具開放性的藝術平台，以親近且生活化的方式向大眾介紹藝術。不僅積極推動台灣當代藝術走向國際，也引進海外資源，定期策劃當代藝術展覽、座談與跨域交流，成為連結台灣與國際藝術對話的重要節點。
▐ 關於 SCAI The Bathhouse
SCAI The Bathhouse 坐落於東京谷中一座擁有兩百年歷史公共浴場中的當代藝術畫廊。在尊重歷史的同時，也為未來重新詮釋空間，自1993年創立以來，一直是本地與國際藝術業界熟悉的當代藝術據點。澡堂畫廊旨在成為當代藝術不同潮流在日本與世界交會的場所，並在藝術界中扮演引領且具責任感的角色。多年來，SCAI 培育出眾多優秀的藝術家、畫廊經營者與藝術總監。秉持相同理念，畫廊持續推動具前瞻性的計畫。"
https://artemperor.tw/tidbits/18833,台灣，台北市,鳳甲美術館【異織獨繡鳳甲美術館刺繡典藏選粹】The Other Side: Selected Embroidery from Hong-Gah Museum Collection,https://d2onjhd726mt7c.cloudfront.net/images/datas/000/120/412/fkr0gy0jwnl2gpoe1gsd55pd2xzli8bv_800x420^.jpg,2025-09-20 ~ 2026-02-08,台北市北投區大業路166號11F,https://hong-gah.org.tw/hong-gah/the-other-side,宮島達男,"異織獨繡：鳳甲美術館刺繡典藏選粹
The Other Side: Selected Embroidery from Hong-Gah Museum Collection
(for English, please scroll down)
​
展期：2025.09.20 – 02.08
地點：鳳甲美術館（台北市北投區大業路166號11樓）
開幕式
2025.09.21（日）14:00
刺繡是一門將時間織入空間的藝術，以無數次的針線來回，成就布帛上萬千姿態的圖像與紋飾，承載著豐富的歷史記憶與文化象徵。本次「異織獨繡 The Other Side」延續鳳甲美術館往年曾舉辦的主題性刺繡藏品展覽（註），透過風格多樣、技法精湛的刺繡作品，揭示1950年至1990年間攀至巔峰的中國現代刺繡技術，以及其所反映之特定時代下的社會文化與價值變遷。
「異織獨繡 The Other Side」不僅說明各地區刺繡技法與風格的差異性，也隱含這些作品在時代流動中來到異地、他方的歷史軌跡，更提示了它們大多得倚賴團體作業以完成一件作品的獨特性；同時，也期待藉由展覽進一步認識並看見每件繡品背後所蘊藏的文化與歷史價值。
本展精選四十件刺繡藏品，皆來自美術館創辦人邱再興先生的私人收藏。展覽共分三區：「絲線之道」、「時代織痕」、「繡裡藏光」，分別就刺繡的技法與形式、社會功能與歷史脈絡，以及信仰與象徵意涵，展現刺繡無盡的面貌。三個面向並非獨立相斥，而是互為參照、提供觀看刺繡的多種視角。每件作品皆同時涉及技法的演進、社會的脈動及精神的寄託，觀眾可循不同視角進入刺繡的世界，發掘其多層次的美學價值與文化意義。
鳳甲美術館成立至今逾廿年，累積包含水墨、書法、油畫、雕塑、攝影、影像等多元媒材的館藏，其中尤以五百餘件的中國現代刺繡最為人所知，是亞洲地區最重要的私人收藏之一。美術館期望藉定期性的藏品展示與推廣，持續促進社區美學教育與跨領域對話，亦透過主題性展覽、國內外藝術家個展及社區藝術參與等計畫，作為當代藝術展演的實踐現場，搭建藝術與社會之間的交流平台。
註：2005年於國父紀念館舉辦「絲情畫意－當代繡畫藝術展」、2009年於鳳甲美術館舉辦「奇針藝繡－鳳甲美術館十年刺繡選粹」、2013年於鳳甲美術館舉辦「繡外畫中－鳳甲美術館中國刺繡館藏暨多媒體文創應用展」、2021年於鳳甲美術館舉辦「刺繡秀秀：織品上的圖像記事」。
指導單位：文化部、台北市政府文化局
主辦單位：財團法人邱再興文教基金會
執行單位：鳳甲美術館
​
- - - - - - - - - - - - - - - - - - - - -
​
​
Dates: 2025.07.05-08.31
Venue: Hong-Gah Museum (11F., No. 166, Daye Rd., Beitou Dist., Taipei City 11268, Taiwan )
Opening
2025.09.21 (Sun) 14:00
​
Embroidery is an art that weaves time into space—its imagery formed through the countless and repeated back-and-forth motion of needle and thread, where each stitch accumulates the weight of time, cultural memory, and historical meaning.
Following a series of themed embroidery exhibitions previously organized by Hong-Gah Museum (see note), The Other Side sheds light on the peak of modern Chinese embroidery between the 1950s and 1990s. Through an extensive collection of technically accomplished and stylistically diverse works, the exhibition reflects the shifting cultural values and social currents of their time.
While The Other Side foregrounds regional variation in technique and style, it also draws attention to the broader historical itineraries of these works—their displacement across time and geography. Many pieces were created through collective labor, revealing how the unique is often forged through the hands of many. At the same time, the exhibition invites viewers to encounter the other side of embroidery—uncovering its layered histories and meanings.
The Other Side presents forty embroidered pieces from the private collection of the museum’s founder, Mr. Andrew Chew. The three thematic sections: The Way of Thread, Stitches in Time, and  Light within the Embroidery explore embroidery respectively through the lenses of technique and form, social function and historical context, and spiritual resonance and cultural sensibility. While each perspective offers a distinct entry point, they are by no means mutually exclusive. Rather, they encourage viewers to see embroidery as a richly layered cultural practice. Each piece is at once a site of technical evolution, a vessel of social memory, and a medium for symbolic expression.
Founded over two decades ago, Hong-Gah Museum has steadily built a diverse collection spanning ink painting, calligraphy, oil painting, sculpture, photography, and moving images. Among its holdings, more than 500 works of modern Chinese embroidery stand out as a particularly significant private collection in Asia. Through ongoing presentation of its collections and a commitment to public engagement, the museum continues to foster art education and cross-disciplinary dialogue. It also remains an active site for contemporary art practices, curating thematic exhibitions, solo presentations by artists from Taiwan and abroad, and hosting various kinds of community projects, to create meaningful encounters between art and society.
Note: Previous embroidery exhibitions include Beyond Stitch - The Modern Chinese Embroidery Art Exhibition (Sun Yat-sen Memorial Hall, 2005); The Embroidery Exquisite Collection of Hong-Gah Museum (Hong-Gah Museum, 2009); 繡外畫中－鳳甲美術館中國刺繡館藏暨多媒體文創應用展 (Hong-Gah Museum, 2013); and Showing Stories: Images on Chinese Modern Embroidery (Hong-Gah Museum, 2021).
Advisors: Ministry of Culture, Taipei City Government Department of Cultural Affairs
Organizers: Chew’s Culture Foundation
Executive Organizer: Hong-Gah Museum"
https://artemperor.tw/tidbits/19143,台灣，台北市,國立臺北藝術大學關渡美術館【螺旋－變形者II】‘alipusapus - muvalis,https://d2onjhd726mt7c.cloudfront.net/images/datas/000/121/766/7ihj5nw4z7oku8i6isdjhpdblfxpkvqt_800x420^.jpg,2025-11-14 ~ 2026-02-15,國立臺北藝術大學 關渡美術館四樓展覽廳,https://kdmofa.tnua.edu.tw/mod/exhibition/index.php?REQUEST_ID=e1626ae68798853bcff9a390f902a9df43dc297aae00787f2304109f21b6210a,黃錦城、瑪籟・瑪卡卡如萬,"︱展覽介紹︱
「死亡不是終點，而是進入祖靈世界的轉化過程；
祖靈未曾離去，而是當下活著的神聖連結。」
— Malay Makakazuwan 瑪籟・瑪卡卡如萬
靈魂告別｜靈的轉換與神聖航行
在2023年於紐西蘭戈維特布魯斯特藝廊駐村期間，原本預計與阿美族藝術家拉飛・邵馬一同展出，然而他不幸於台灣辭世。隔年佈展時，我們受邀參與毛利族於新年舉行的追思儀式，拉飛的照片與毛利逝者一同被安置於 marae（毛利聚會所）中央。那場儀式中，歌聲與故事編織起靈魂的航線，讓我深刻感受到毛利文化對靈與生命循環的尊重與凝視。
同年，父親與大舅相繼離世，年底部落於Mangayaw（大獵祭）中，為我家族舉行Meraparapas（除喪儀式），由rahan（祭司）主持，以祈歌與儀式行動引領哀慟的釋放與靈魂的安置，使家族與部落重新回歸平衡。Mangayaw是一項融合成年訓練、出草行動、祭祖與除喪於一體的複合性儀式，象徵著身體的成長、精神的鍛鍊、族群的連結與生命的再出發。
這一連串生命與儀式的交會，讓我重新凝視「死亡」作為生命循環的一部分。在2011年下賓朗的田調中，我曾問祭司：「人死後會去哪？」他回答：「靈魂會乘月桃葉，划向四格山——那是祖靈的居所。」這段話與毛利人關於靈魂沿 Te Rerenga Wairua（雷恩加角） 返抵 Hawaiki（祖靈故土）的信仰，彼此呼應，如同靈魂乘著獨木舟橫越大洋，踏上一段回返祖源的神聖航行。
螺旋｜變形與歸返的儀式
《螺旋》是一場關於生命、靈魂、儀式與轉化的創作行動。作品從卑南族 Mangayaw（大獵祭）三個核心階段——猴祭（成年轉化）、出草（集體行動）、除喪（重生與淨化）——出發，交織個人親歷的生死別離與文化交會，構築一條橫跨自我與族群、當代與祖源、感官與靈性的藝術航道。
螺旋作為本計畫的視覺與反思主軸，象徵生命的層層展開與不斷變形。作品中，「圓」不僅是形式語彙，更是內在宇宙秩序的體現：圓形舞蹈象徵萬物循環與群體和諧；花環則標記人生中的祝福與節點。這些文化元素被延伸為可行走的路徑、編織裝置、聲音召喚與動畫影像，成為創作中的儀式載體與靈性容器。
創作者在其中扮演「當代變形者」的角色，於身份、文化與靈魂之間來回穿梭，透過藝術實踐召喚祖靈、回應身體記憶、重建與自然的共感。《螺旋》不僅是一場創作歷程，更是一場儀式旅程，試圖在文化變遷的縫隙中，為靈魂尋找回家的路。
作品涵蓋繪畫、編織、複合材料、聲音採樣與影像等形式，試圖透過身體、聲音與物質的層層交疊，在個人經驗與族群記憶的交界處，展開一場神話未完的延續，也想像文化未來的另一種可能。
︱藝術家簡介︱
-黃錦城-
噶瑪蘭族 Tanavi 打拉美社（現宜蘭冬山）人，現居阿美族 Cikasuwan（現花蓮吉安鄉）。服役期間出版詩集《暗處聆聽》，奠定創作基調。退伍後投入教職、報社與設計工作，並參與花蓮松園別館、舊酒廠等閒置空間藝術行動。一次與太魯閣族人的族語問候，促使其重新思考族群認同與創作方向。他以自然素材與現成物構築裝置作品，交織歷史與日常、詩意與政治，回應原住民族於殖民歷史中的處境。
-瑪籟・瑪卡卡如萬-
卑南族台東Pinaski（下賓朗） 部落人。自幼隨祖父母於部落成長，父母為第一代都市原住民。求學於高雄與台北接受美術教育，畢業後投入設計工作，深刻體會主流社會對原住民族的刻板印象與歧視。2002 年進入東華大學民族文化學系，開啟族群認同與自我追尋之路。2008 至 2012 年參與原住民藝術工作者駐村計畫，回到部落學習語言、神話與禁忌。其創作以自然素材與傳統工藝為媒介，回望族群記憶，探索存在與文化之間的連結。"
https://artemperor.tw/tidbits/19142,台灣，台北市,國立臺北藝術大學關渡美術館【舟越桂】Katsura FUNAKOSHI,https://d2onjhd726mt7c.cloudfront.net/images/datas/000/121/765/k9i0kgek20qtw8p9hs7c8buyhek4vozo_800x420^.jpg,2025-11-14 ~ 2026-02-15,國立臺北藝術大學 關渡美術館一樓展覽廳,https://kdmofa.tnua.edu.tw/mod/exhibition/index.php?REQUEST_ID=e1626ae68798853bcff9a390f902a9df3f43127a03d333f9094bb22e7cc93a6f,舟越桂,"︱展覽介紹︱
人間 —— 凝視遠方的寫實人像
在1980年代初期，舟越桂以具高度寫實性的木雕肖像崛起。當時正值日本進入泡沫經濟高速發展的時期，社會普遍追求消費、表象的繁華與投機的成功，精神層面的探討日漸稀薄。然而，舟越桂的創作與時代主流脫鉤，以靜謐、內省與超然的姿態，提供了另一種面對世界的方式。
因父親亦為雕刻家的關係，幼時即受奧古斯特・羅丹（Auguste Rodin）影響的他，在1986年旅居歐洲期間更得以近距離觀察與研究西方人像雕塑。雖然其雕刻語彙明顯與西方對話，但他對精神凝視與木材氣質的重視，與12至13世紀慶派（Kei School）雕刻家運慶（Unkei）的傳統佛像產生深層呼應。
舟越桂早期人物作品常呈半身形式，臉部與衣著極為寫實細膩，形象來自身邊的親友或陌生人，它們的眼神凝視遠方，彷彿被時間凍結在靜謐的精神場域之中。有時，他也會在電車上觀察乘客的眼神，將他們短暫的過客視線凝結在作品之中。
在木雕上，他保留了雕刻過程的痕跡，使樟木的纖維紋理與手工的刻鑿節奏成為作品的重要細節，表面的淡彩與鉛筆線條也使作品擁有近似繪畫的層次與柔光感。人物的雙眼則以大理石鑲嵌，其與真實眼球相仿的石紋，強化了凝視的神祕與情感深度。
之間 —— 紙上的精神肖像
自1980年代中期起，舟越桂持續創作大量紙上作品，包括版畫、素描與水彩等。這些作品中的人物形象與雕塑相似，但並非作為雕塑草圖而存在，而是獨立且完成度極高的藝術創作，曾多次於展覽中正式發表。紙上作品延續他對凝視、靜謐與象徵意涵的探問，同時也出現更自由、更具想像力的超現實圖像，與其雕塑中靈性與象徵的探索相互呼應。
技法上，舟越桂於版畫創作中嘗試多種技術，包括美柔汀（mezzotint）、水印（aquatint）與木版畫等。這些技法強化了畫面的陰影層次與細膩質感，使紙上人像呈現出一種近似雕塑的立體光感。作品中的線條與色彩呼應其雕刻中樟木的自然紋理與淡彩處理，使兩種媒材語言彼此對照，形成一種跨越平面與立體的肖像實驗。
他的雕塑與紙上作品不僅在美術領域被重視，也在日本文學與大眾文化中獲得廣泛共鳴。舟越桂所描繪的靜謐、孤獨與精神性形象，多次被知名作家選為書籍封面，如辻仁成的《海峡の光》、天龍荒太的《永遠の仔》、《悼む人》等作品，成為一種普世的精神象徵。
幻間 —— 人神相融的超現實幻境
1990年代之後，舟越桂的雕塑開始更加強調超現實與象徵性，作品出現了如生物特徵的異變形象。這一變化與當時的社會氛圍密切相關——日本在泡沫經濟破裂、阪神大地震與奧姆真理教事件等衝擊下，社會陷入了深度焦慮，大量探討「靈性」、「混種性」與「異界」的藝術與文學也隨之興起。
舟越桂作品中的混種造形與神話感凝視，正呼應了這股文化潮流。人與生物的融合，不僅具備神話象徵與宗教暗示，也可視為對「人類中心主義（Anthropocentrism）」的鬆動與反思。同時，他也受到超現實主義（Surrealism）啟發。2010年左右，舟越桂的《Sphinx（人面獸身）》系列規模成型，是他在超現實階段中最具代表性也最為人所知的雕塑系列。
舟越桂的作品並未曾隨著「超扁平（Superflat）」風潮與普普藝術（Pop art）的回歸而改變，他的作品依舊保持著深沉的時間感與靜默的凝視，以雕塑探索人類內在的存在狀態與精神象徵。在日本乃至世界的當代雕塑中，我們都能看到舟越桂所造成的影響，尤其諸多日本當代藝術家將他對精神性的執著視為標竿，可見其對日本藝術發展的重要性與深遠啟發。
2024年，舟越桂於家鄉盛岡市逝世，而他的雕塑仍靜靜地凝視著喧鬧的世界，在飄蕩的環境中堅定著不可取代的精神價值。
︱藝術家簡介︱
舟越桂（Katsura Funakoshi，1951–2024）是當代日本最具代表性的雕刻家之一。他於1951年出生於岩手縣盛岡市的藝術世家，其父舟越保武（Yasutake Funakoshi）為昭和時期的重要雕刻家，擅長創造具天主教精神性的寫實人像。在東京藝術大學獲得碩士學位後，舟越桂於1980年代初開始發展以樟木為主材料的木雕作品，以人像為創作核心，融合寫實造形、精神性凝視與超現實象徵，深刻影響了當代日本雕塑的發展脈絡。
自1988年以日本館代表身份參加第43屆威尼斯雙年展（Venice Biennale）以來，舟越桂的作品陸續受邀參與1989年聖保羅雙年展（São Paulo Biennial）、1992年第9屆卡塞爾文件展（Documenta IX）與2000年第一屆上海雙年展（Shanghai Biennale）等多項國際重要展覽，作品獲大英博物館（The British Museum）、紐約大都會藝術博物館（The Metropolitan Museum of Art）、龐畢度中心（Centre Pompidou）、路德維希博物館（Museum Ludwig）等機構典藏，更於2011年獲頒日本藝文界最高榮譽紫綬褒章。2024年，舟越桂逝世於盛岡市，獲頒旭日章。"
https://artemperor.tw/tidbits/19141,台灣，台北市,國立臺北藝術大學關渡美術館【睡夢廢墟間－小泉明郎個展】Ruins of a Sleep - Meiro Koizumi Solo Exhibition,https://d2onjhd726mt7c.cloudfront.net/images/datas/000/121/764/pcbxwve39bo5nfv3ypvnhkaauy0m7yjk_800x420^.jpg,2025-11-14 ~ 2026-02-15,國立臺北藝術大學 關渡美術館二、三樓展覽廳,https://kdmofa.tnua.edu.tw/mod/exhibition/index.php?REQUEST_ID=e1626ae68798853bcff9a390f902a9df5896082a5a7123a275facd59f77837fa,小泉明郎,"︱展覽介紹︱
「睡夢廢墟間」一展揭示出小泉明郎藉由「意識」的虛實交錯並置，進而賦予其政治性與集體記憶的維度。《天使的證言》由時年99歲抗日戰爭老兵近藤一的訪談，與11位日本年輕人逐字背誦近藤的原始證詞所構成，小泉以兩部長度不同、於循環播放中不斷錯時的影像，召喚被遺忘的歷史的再意識。
其最新作品《溶肉》中，藝術家運用人工智慧程式，以「這是一部關於人們逐漸失去自由意志的悲劇電影。」為提示語，反覆輸入至過去催眠療法的黑白照片，透過每隔五秒一次的循環回饋，生成為一部如夢境般混亂的電影。而由AI所生成的旁白，則使整部電影猶若某種AI的「意識流」。
五頻道作品《弔祭未來的死者》由藝術家執導，與20位日本年輕人所共同完成的表演影像。於為期兩天的工作坊中，儀式化一位日本自衛隊士兵的人生講述，並據此展開對社會政治需求與個體生命、自由之間的意識辯證。
「睡夢廢墟間」將長期被隱藏、壓抑且難以言說的記憶，化為介於睡夢與現實之間的意識張弛，而作為全展的遠景的《弔祭未來的死者》，則在脆弱、威權與身分的虛實交錯中，揭露對集體暴力與國家機器的批判
︱藝術家簡介︱
小泉明郎（Meiro Koizumi）1976年生於日本，目前居住並工作於橫濱。他以實驗錄像裝置與沉浸式創作而享譽國際。其藝術實踐經常探討私人情感與集體記憶間的張力，並檢視政治的、文化的，或是技術性的權力體系如何塑造影響個體。小泉的創作跨越錄像、繪畫、雕塑，近年更延伸至虛擬實境（VR）與人工智慧（AI）等媒介，持續引導觀者進入心理性的場域，使脆弱、權威與身份等議題受到考驗。他的實驗性 VR 劇場作品〈Prometheus Bound〉榮獲第24屆日本媒體藝術祭藝術部門大獎；2021年，更獲得英國卡地夫 Artes Mundi 藝術獎。
他的重要個展包括：〈生命劇場〉（德龐美術館，2025）、〈好機器 壞機器〉（Annet Gelink Gallery，2023）、〈戰地〉（明尼阿波利斯藝術博物館，2019）、〈戰地〉（邁阿密佩雷茲藝術博物館，2018）、〈失敗的沉默肖像〉（墨西哥城當代藝術大學博物館MUAC，2015），以及「專案系列99：小泉明郎」（MoMA，2013）。
近期的聯展則包括：第14屆光州雙年展（2023）、〈傾聽地球轉動的聲音〉（森美術館，2022）、愛知三年展（2019）、沙迦雙年展14（2018）、第12屆上海雙年展（2018）以及第9屆亞太當代藝術三年展（2018）。
︱教育推廣活動︱
-藝術家導覽-
時間︰11月14日（五）17:40-18:40
集合地點︰關渡美術館四樓入口大廳
-藝術家對談-
時間︰11月15日（日）13:30-15:30
地點︰關渡美術館四樓入口大廳
與談人︰小泉明郎（藝術家）、住友文彥（日本東京藝術大學全球藝術研究所教授）、黃建宏（國立臺北藝術大學藝術跨域研究所教授）
*活動皆以日／中文方式進行"
https://artemperor.tw/tidbits/19134,台灣，台北市,Mind the G【GDAP SP 友智藝同】台大醫院北護分院 | 樂智社區服務據點　<成果展>,https://d2onjhd726mt7c.cloudfront.net/images/datas/000/121/748/k1wavqay5sodfssd0xub2b2dhiqjwr6w_800x420^.jpg,2025-11-07 ~ 2026-02-25,政大公企中心公企藝閣-台北市金華街187號 A棟3樓,https://www.gdaptw.org/,樂智社區服務據點銀髮學員,"本期展覽，旨在呈現長者們在日常課程中的藝術實踐：以水彩、蠟筆、粉彩、剪貼與輕黏土等媒材，喚回身體的記憶、情感的色澤與社會連結。
對長者們而言，作品不是技法的競技，而是關係的生成。課桌旁的問候、操場邊的陽光、握筆時的穩定與呼吸，都轉化為可被看見的線與面。
當醫療專業與校園學習彼此支撐，「藝術」也能成為照顧的語言，更讓我們看見「被理解與被尊重」如何在社區中落地。
[關於「樂智社區服務據點」]
由台大醫院北護分院「失智共照中心」與西門國小共同合作，以垂直醫療整合與醫養結合為核心，提供失智者與家屬連續照護與專業諮詢。
據點遷入校園後，空間由10人擴充至每時段20人，由專業治療師如物理治療、職能治療等跨職系團隊帶領，每週一到五的上午、下午都有開課，讓校園成為老幼共學的友善場域。"
https://artemperor.tw/tidbits/18414,台灣，台南市,Be Art Store【苦，不苦】江鳳娌油畫小品展,https://d2onjhd726mt7c.cloudfront.net/images/datas/000/118/287/wyd0n63ttrq66fpjbzwa04m4411xdwsi_800x420^.jpg,2025-07-01 ~ 2026-02-28,台南市中西區忠義路二段1號(府前路側),https://be-art-store.weeblysite.com/,江鳳娌,"江鳳娌油畫小品展，於Be Art Store展售中。
Be Art Store offers a collection of items celebrating the essence of ""artful beauty,"" meticulously curated from both domestic and international artists and designers,
showcasing an array of limited-edition peripherals.
Be Art Store
營業時間:週二至周日10:00-18:00
地址:台南市中西區忠義路二段1號(府前路側)
電話:06-2215838"
https://artemperor.tw/tidbits/18297,台灣，台北市,Bluerider ART【維納斯的慾望聖殿】Venus Temple of Desire,https://d2onjhd726mt7c.cloudfront.net/images/datas/000/121/477/p1rw2sn2vdj7w3l46oifh6cq5t7ar9zx_800x420^.jpg,2025-05-09 ~ 2026-02-28,Breeze Center 微風廣場 / 台北市復興南路一段39號1樓,https://be-art-store.weeblysite.com/,MARCK、Desire Obtain Cherish、Willi Siber、Thierry Feuz、Carol Prusa、 Susanne Kühn、Kari Anne Helleberg Bahri、Isabella Kohlhuber,"這不是一場展覽，這是一場藝術的高調入侵，一場對慾望的審美宣言。Bluerider ART首度跨界於Breeze Center微風廣場策展《維納斯的慾望聖殿》打造奢華、速度、科技與藝術全面融合的顛覆之地，挑戰所有對藝術與時尚的既定認知。
開幕活動將於2025年5月9日晚間「微風之夜」盛大舉行，邀請微風集團執行長廖曉喬（Michelle Bridgette Liao）、瑞士知名藝術家Thierry Feuz（西瑞·菲茲）與Bluerider ART創辦人王薇薇（Elsa Wang）共同主持揭幕儀式。
本次展覽集結來自歐洲與美國的多位重量級當代藝術家，作品橫跨錄像、雕塑、繪畫與裝置藝術，呈現出一場感官與觀念並進的美學革命。參展藝術家包括：
◆ MARCK（瑞士） 以其標誌性的人形木箱裝置構築凝視與被凝視的慾望劇場。
◆ Desire Obtain Cherish（美國） 以棒棒糖與品牌語彙包裹誘惑，甜到窒息、諷刺直搗內心。
◆ Willi Siber（德國） 透過《巴洛克珍珠》（Baroque Pearls）系列，打碎物質邊界，以華麗雕塑重建當代神話。
◆ Thierry Feuz（瑞士） 讓色彩成風，一場無聲的審美風暴席捲而來。
◆ Carol Prusa（美國） 用銀針筆直書宇宙神秘結構，融合科學與靈性。
◆ Susanne Kühn（德國） 揮舞卡漫筆觸，讓女性形象重獲語言。
◆ Kari Anne Helleberg Bahri（挪威） 用布料撕開性別疆界，讓身體發聲。
◆ Isabella Kohlhuber（奧地利） 引爆語言符號的結構，讓馬克思資本論衝撞空間現實。
當F4賽車直駛展場中心，速度與力量撞擊藝術與美學，場域成神殿，慾望成為信仰。當觀眾進入MARCK（馬克）前衛的人形木箱，在極端空間中被觀看，這裡不再是靜態的白盒子，而是一座神聖又危險的慾望神殿。每一件作品都在對你說：「不要只是看——進來、感覺它、主宰它。」。這是一場高調的文化入侵，是Bluerider ART 對當代藝術場域提出的全新宣言：
我們不只是熱愛品味——我們駕馭潮流。
我們不只是觀看藝術——我們就是藝術。
我們不只是描繪慾望——我們活出慾望。
-
Bluerider ART @ Breeze Center
《維納斯的慾望聖殿》Venus Temple of Desire
展覽期間
2025.5.9 – 2026.02.28
Breeze Center 微風廣場
台北市復興南路一段39號1樓
開放時間：
週日至週三｜11:00 – 21:30
週四至週六｜11:00 – 22:00
聯絡信箱：info@blueriderart.com
電話：02-66008888"
https://artemperor.tw/tidbits/18308,台灣，台北市,帝門藝術教育基金會【臺大醫院健康大樓公共藝術計畫起跑】藝術與療癒的全新對話,https://d2onjhd726mt7c.cloudfront.net/images/datas/000/117/850/uptwzu2oi8kwzdh4cogzki3viovxd9x9_800x420^.jpg,2025-06-01 ~ 2026-02-28,台北市中正區中山南路7號,https://dialog.deoa.org.tw,邱承宏、王榆鈞、林大為、林書楷、張博智、Inés Esnal、徐婷、秦政德、陳科廷、走路草農/藝團、劉雨青、陳若軒、李基宏、片子國際,"伴隨健康大樓新建工程，臺大醫院即將展開一項融合藝術、自然與城市記憶的創新公共藝術計畫——「重啟對話 Dialogues Reset」。此計畫不僅是藝術的展現，更是一場與自然、城市與生命自我對話的過程，透過常設型藝術作品設置與多元的參與式創作，引領大眾探索健康的多重面向。
與空間歷史共鳴，創造療癒氛圍
此計畫集結多位國內外藝術家，打造七件常設型藝術作品，預計於今年年底完成。其中，國際藝術家Inés Esnal以懸掛於大廳色彩繽紛的裝置作品《讓自然成為撫慰》，為觀眾帶來活潑流暢的視覺趣味。張博智以水氣為靈感，透過動態影像技術與數位演算，將捕捉到的環境氣候係數化為充滿綠意的數位植生牆《律動的風景》，搭配木質調的內裝，營造藝術與自然交織的療癒氛圍。串連舊院區和新醫區的中央走廊，由新銳藝術家徐婷所創作《海邊的房間》，捕捉海邊一日從清晨到黃昏的色彩變化，透過玻璃窗灑落的光呈現，使得繁忙的廊道沉靜溫柔。戶外，林大為的作品《如煙亦如夢》，利用光影投射於古蹟煙囪之上，光影的漸變，象徵了城市歷史的流轉與未來的夢想；鍋爐室前方，則上演一場雕塑與音樂的對話，邱承宏《繡燕#台大醫院》與王榆鈞《透光尺度》，分別從「城牆石」與「光」召喚台北城和醫院的百年記憶。城牆石椅上，林書楷《未境之城移地計畫》藉著基地調查和個人語彙，打造富含地方敘事與城市未來想像的藝術場域。
啟動參與式創作，與自我和社會對話
除常設作品外，計畫也將於6月啟動一系列參與式創作，邀請民眾共同參與，將藝術融入生活。藝術家秦政德將帶領「心靈寄藥袋」計畫，透過走讀、創作與分享，探索現代人心靈的療癒方式；走路草農/藝團則推出「思箱第六感」計畫，結合食物的療癒力與五感體驗，引導大眾重新連結自然與身心健康。劉雨青「自然校準綠回歸-來帖藝術處方箋」以園藝療法為基礎，透過四季更迭的植物，為不同族群設計療癒體驗，讓大自然成為最溫柔的治癒力量。陳科廷「剪拾-感官告白的心識界」則透過五感與剪紙工作坊，讓參與者從酸甜苦辣的體驗中，感受內在情緒的轉化，重新塑造自我。
藝術與健康的交會，打造療癒場域
「重啟對話 Dialogues Reset」不僅是一個公共藝術計畫，更是臺大醫院對於「健康」概念的全新詮釋——身心靈的平衡、城市記憶的延續、與自然的共鳴。這場藝術對話即將開啟，邀請所有人一同參與，感受藝術如何在日常生活中，為我們帶來療癒與啟發。"
https://artemperor.tw/tidbits/19078,台灣，台南市,森/CASA【龎 銚．作 品 展】瓦解中的詩意．失序中的平衡 ． 11.7 - 2026.2.28 ．森/CASA 漁光旗艦店 ＆ 森初藝廊,https://d2onjhd726mt7c.cloudfront.net/images/datas/000/121/521/ckwvluer76g3rcp0m8j3c7o1roxwemdf_800x420^.jpg,2025-11-07 ~ 2026-02-28,台南．漁光島．森/CASA 漁光旗艦店 ＆ 森初藝廊,https://www.moricasa.com/news_articles/224,龎銚,"◞ ◞
龎銚．作品展｜ Yolanda Pong
｜瓦解中的詩意．失序中的平衡｜
◞ ◞
拾起畫筆刮刀
筆觸自由疊加
意韻恣意揮灑
墨色斑跡碰撞
創作軌跡
映著自身反饋的對話
點線面的延伸
繪上亮面飽滿與數種薄霧層次
展現雪白墨灰世界的濃淡肌理
龎銚，以黑白灰的簡練與金屬調的相遇，在畫面空間結構與平衡中，呈現繪畫最純粹的本質。融合抽象表現主義與不定形藝術，藉各媒材間的相互交錯，完整虛實與互映的型態。
人與自然密不可分，以節氣、月份進行非形象的表意創作。初見畫作的感性詩意，色澤流動的情感變幻，趨向理性平衡的意念。
-
繪畫一場緩慢，由混沌步向清晰的進行式。
創作不需要靈感，靈感太虛無太夢幻了，需要的是敏銳的觀察力、豐富的感受力。在理性與感性間拉扯出一種情緒，一種可以進入創作的情緒；或，一種什麼都不做無我的情緒，接近純粹的狀態。
面對畫面，從開始大面積的撥撒、注入不確定性、隨意遊走、停頓放慢、看，再一點點拾起，小心翼翼，尋找瓦解中的詩意、失序中的平衡。在各種表現形式中，我放棄了描述、形體與故事性，為追求繪畫裡最本質的精神。討厭各式所謂的題材，尤其是人，但逃離了人的題材卻難以迴避人所延伸的問題，日益惡化的自然生態、氣候變遷，如何喚起我們對四季更迭的思念、對山川海洋的尊敬，慢慢形成一種意識，印記在畫裡。畫題也從較中性的詞彙回歸到更貼近自然意象。
也許，這是另一種契機，讓我從最純粹的繪畫語言中，找到與自然連結的路徑，除了繪畫裡視覺的符號與溫度，重新思考人在自然裡留下的痕跡，感受自然傳達給人的力量。
平衡與純粹，是最有力量的狀態，也是對於自身或繪畫最終的追尋。
/ 　龎銚 2025
-
龎銚 Yolanda Pong
當代藝術家
生於北京，童年生活於香港，於 1986 年隨家人定居台灣台北。1995 年畢業於國立臺灣藝術專科學校美術科西畫組。2004 年畢業於美國密蘇里州芳邦大學藝術創作碩士。作品典藏與展出於台灣、上海、北京和香港等地。
曾主持 TLC頻道《龐銚敲敲門》節目，走訪台灣各地具特色的空間和設計，並於 2010 年榮獲第45屆金鐘獎最佳綜合類主持人獎。
龎銚一家三代都是藝術家，祖父龎薰琹，中國現代著名畫家、工藝美術家，現代美術團體「決瀾社」發起人之一；祖母丘堤，為中國第一代女性油畫家。父親龎均當代油畫大師，是近代知名油畫家徐悲鴻的關門弟子，母親籍虹亦是知名油畫家。
-
◞　special exhibition　◞
龎銚．作品展
瓦解中的詩意．失序中的平衡
⠀
✧⠀開展日．開幕茶會
⠀
日期｜ 11.7 (五)   #預約制
時間｜ 14:00 - 17:00
預約｜ 來訊或電洽
⠀
彩蛋｜ 當日 14:30~15:00，將有藝術家龎銚分享會
⠀
⠀
✧⠀秋季特展
⠀
展覽｜龎銚．作品展．2025
展期｜2025.11.7 － 2026.2.28
時間｜週二至週六，僅限預約
電話｜06-3912112
地點｜台南．森/CASA 漁光旗艦店 ＆ 森初"
https://artemperor.tw/tidbits/19009,台灣，新北市,府中15【感覺器 OFF／ON】超感官影像體驗展,https://d2onjhd726mt7c.cloudfront.net/images/datas/000/121/158/rt63vzgdhgfm6pwkuwe20bc7l7jxep0a_800x420^.jpg,2025-10-02 ~ 2026-03-01,府中15 （新北市板橋區府中路15號）,https://youtu.be/wR_IQZVxNYs?si=BH-LdXBvHdvSReXd,謝昕妮、陳昱榮、吳修銘、陽春麵研究舍、陳凱育、黃郁文、林立,"在短影音取代長篇故事、影像取代完整文字的時代，我們感受世界的方式，是否也正被悄悄改變？《感覺器 OFF／ON——超感官影像體驗展》，將於2025年10月2日至2026年3月1日在府中15（新北市板橋區府中路15號）正式展出。由擷果創意策展，集結7組藝術家與創作者，以影像、聲音裝置與互動媒體等形式，聚焦數位世代的感官經驗，帶領觀眾重新察覺感官與情緒的變化，並看見數位時代下自我如何被重新定義。
四大展區　逐層展開的數位敘事
展覽橫跨府中15的一至五樓，規劃成四個主題展區。從影像與聲音的輸入出發，指出在日常中人們的感官逐漸麻痺，情緒與感受被簡化為社群符號，而每一次的表達與選擇，又在演算法的運算下形塑出多重的自我。觀眾隨著樓層逐步上升，將經歷從觀看、重啟感官，到解碼情緒與身分生成的過程，清楚感受數位時代如何影響感官與自我認知。
1F 虛實邊界 登入中——被投影的觀看現場
以藝術家謝昕妮的作品《Here - Now - Position》作為整場展覽的起點。作品以昭和時期的小電視、20 世紀末的 CRT 映像管電視與當代LED螢幕拼貼出跨世代的影像場景，並即時投影觀眾臉孔。觀眾一踏入展場，就會發現自己同時是觀看者，也是被觀看的一部分。
3F｜感官系統 重啟中——演算法與聲音的色彩實驗
三樓的入口是一條全黑走廊，先將觀眾的感官歸零，才正式進入展區。這裡展出三件作品分別透過光影、聲音與城市聲響，引導感官逐步被打開。陳昱榮的《空間演算法－流動的邊界》以環境感測數據和演算法生成光影與聲響，讓觀眾置身數據流動的場域；吳修銘的《彩虹舞台》將觀眾的聲音即時轉換成專屬色彩，每一次發聲都點亮獨特的舞台畫面；黃郁文、陳凱育的《府中ASMR》收錄商圈、巷弄等府中街區的日常聲響，帶來一段城市的聲音散步。透過視覺與聽覺的重新校準，讓觀眾喚回對外界刺激的敏銳度。
4F｜情緒訊號 解碼中——影像取代文字的未來世界
當感官被重啟後，各種刺激隨之轉化為情緒。但當這些情緒回應到社群平台時，卻被快速壓縮為符號化的語言，四樓展區正是針對這個落差展開，聚焦於社群語言的情緒轉譯。林立的《Emo集》以 emoji 拼圖影像，呈現文字逐漸被符號取代的未來語言想像；互動裝置《社群語彙遊樂場》則邀請觀眾挑戰迷因、貼圖與表情符號的遊戲，通關後還能兌換限定小禮品，把「社群語言」變成展場裡最貼近生活的互動。
5F｜身分模組 運算中——AI時代下的自我生成
每一次在社群平台上的表達、設定與選擇，都在演算法的作用下逐步累積，成為建構身份的一部分。五樓展區便聚焦於這個過程，探討自我如何在虛擬與現實之間被不斷生成。陽春麵研究舍的《Internet - Labeling me》展出藝術家的自拍與多年搜尋紀錄，並邀請觀眾親手為藝術家及自己「貼標籤」，體驗被數據定義的過程。吳修銘的《C9-3試鏡館》則提供一個虛擬舞台，觀眾對著系統輸入自己的理想人格後，系統即時生成專屬角色影像並存入檔案庫。
開展期間限定  玩心理測驗，帶走專屬文創禮
開展期間特別推出線上心理測驗遊戲「測測看屬於你的感覺開關」，觀眾可透過題目測出專屬的「感覺器人格」。完成測驗並將結果分享到社群限時動態後，即可於2025年10月31日前至府中15一樓服務台兌換展覽限定文創禮品，限量200份，送完為止。活動詳情與測驗連結請見 https://ooopenlab.cc/quiz/fzfifteen。
展覽延伸活動  邀請觀眾持續參與
展覽期間為2025年10月2日至2026年3月1日，期間舉辦8場工作坊、2場專場導覽及1場特別活動，邀請觀眾參與，將展場經驗延伸至日常。更多活動資訊可至府中15官網：https://www.fuzhong15.ntpc.gov.tw/查詢。
感覺器 OFF／ON——超感官影像體驗展
展覽日期｜2025/10/2（四）－2026/3/1（日）
展覽地點｜府中15 （新北市板橋區府中路15號）
開放時間｜09：30 - 17：00（休館日請參閱：https://www.fuzhong15.ntpc.gov.tw/xmdoc/cont?xsmsid=0G253376020686000251）
主辦單位｜新北市政府文化局 府中15
策展單位｜擷果創意Harvest Ideation
專案統籌｜方姿晴
企劃執行｜方姿晴
平面設計｜張家偉、呂品嫻
空間設計｜黃郁文
現場執行｜張瀚禧 、徐展峯
藝術家｜謝昕妮、陳昱榮、吳修銘、陽春麵研究舍（依樓層順序排列）
創作者｜陳凱育、黃郁文、林立（依樓層順序排列）
空間攝影｜森山視覺有限公司
動態攝影｜兜風有限公司
活動攝影｜Alf Wang"
https://artemperor.tw/tidbits/19144,台灣，桃園市,桃園市立大溪木藝生態博物館【第二屆大溪國際木家具工藝設計競賽】競賽得獎作品展、臺灣收納家具史話特展,https://d2onjhd726mt7c.cloudfront.net/images/datas/000/121/767/rbe4jazubuunysp57fqye648z9jw5rfh_800x420^.jpg,2025-10-29 ~ 2026-03-01,大溪武德殿、大溪公會堂,https://wem.tycg.gov.tw/Default.aspx,謝昕妮、陳昱榮、吳修銘、陽春麵研究舍、陳凱育、黃郁文、林立,"位於桃園大漢溪畔的大溪，自20世紀初發展木藝產業，迄今已超過百年的歷史。桃園市立大溪木藝生態博物館為推動大溪木藝傳承與推廣，特舉辦「大溪國際木家具工藝設計競賽」，期望藉由本競賽的辦理，鼓勵國內外新銳工藝與設計能量的融合與創新，透過運用傳統木工技藝與當代設計創意和多元媒材，展現木製家具的繽紛樣貌及溫潤的文化底蘊，並逐步帶動木藝產業的多元發展及創新動能。
本次徵件主題「收納」，著眼於現代生活型態的改變，反應在家具的設計需求上，越來越關注如何有效應用空間巧思、收藏及收納概念的運用。收納的功能不僅限於物品存放的基本需求，還包括家具自身的伸縮、展延、維度、使用者需求概念延伸的變化等，在生活上更具「收藏及收納」的意義與實用性，同時也兼具玩賞品味的雅趣，在有限空間中營造出大大樂趣與巧思，賦予生活美好的品味。第二屆大溪國際木家具工藝設計競賽，希望推動木藝創生及鼓勵家具創作、結合木藝技術工法的運用與當代的設計創新思潮，賦予生活更多的想像。
競賽得獎作品將於大溪武德殿展出，搭配本屆競賽主題，另規劃「臺灣收納家具史話」特展於大溪公會堂展出。收納家具不僅是日常必需品，從中也可看到社會和產業發展變遷，本特展以「早期民居的收藏智慧」、「外銷國際的精緻木藝」和「當代創意收納設計」三大主題，並邀請不同時期代表性家具品牌展出，看到百年來臺灣收納家具的變化。"
https://artemperor.tw/tidbits/18309,台灣，台中市,國立自然科學博物館【《考古番仔園文化尋找中部平埔族的祖先》特展】探索「中部平埔族祖先」的生活樣貌,https://d2onjhd726mt7c.cloudfront.net/images/datas/000/117/852/9nd7fmsj0tcnfih21768hp6xmcwcrg4x_800x420^.jpg,2025-04-30 ~ 2026-03-01,台中市北區館前路1號,https://web3.nmns.edu.tw/Exhibits/114/fanziyuan-culture/,謝昕妮、陳昱榮、吳修銘、陽春麵研究舍、陳凱育、黃郁文、林立,"集結30年人類考古挖掘研究精華與成果，國立自然科學博物館攜手文化部文化資產局推出《考古番仔園文化：尋找中部平埔族的祖先》特展，展場匯聚近500件考古學展品，包括「南勢坑遺址灰坑」剝製標本與「清水中社遺址墓葬」縮小模型，還有觀眾可親手觸摸的仿製石器與鐵器，經由視覺、聽覺、觸覺等多重體驗，深入認識「中部平埔族祖先」的生活樣貌。
特展聚焦臺灣中部史前時代最晚階段的「番仔園文化」，呈現新石器時代晚期至金石併用時代之間的文化發展軌跡。策展團隊藉由考古發掘成果，梳理史前先民在中部地區的聚落分布、農耕狩獵活動、工藝技術及喪葬習俗等生活樣貌，完整還原番仔園文化人的人文景象。
番仔園文化可分為兩個階段，前期「番仔園類型」，距今1600年至1000年；後期「鹿寮類型」，距今1000年至400年。從時間序列、聚落位置、文化內涵上皆與中部平埔族關係密切，因此推論番仔園文化人就是「中部平埔族的祖先」。
過去30年間，人類學組發掘多處屬於番仔園文化的重要遺址，像是清水．中社、鹿寮、南勢坑、惠來遺址等。遺址出土的獸骨、貝殼、炭化稻米等考古遺物，揭示當時人類的生活方式；經由狗獾、獐的骨頭與牙齒，可判斷臺灣曾有這兩種動物存在，後因故才滅絕。
策展團隊經劉克竑帶領，實地考察番仔園文化遺址後，發現前人居住在氣候宜人的山坡上、距離海岸也不遠，能同時利用山林與海洋資源維持生計，生活條件比想像中豐富多元。
展區有多件亮點展品不容錯過，例如高2.3公尺、座長3.5公尺的「南勢坑遺址灰坑」遺跡剖面剝製標本，這是史前居民挖來燒製陶器的坑，觀眾可近距離觀察灰坑斷面土層的顏色；按1/4比例精心製作的「清水．中社遺址墓葬模型」，重現2019年科博館考古隊挖掘成果，從12具人骨的排列方式與埋葬狀態，一探古人對生命終點的理解與儀式。
特展入口以「大肚山臺地以西的海岸平原」的色彩與光線為設計元素，營造出中部臺地豐饒、陽光充足、氣候宜人的環境意象，讓人彷彿穿越時光隧道，走入番仔園文化的時空。展覽以實體文物為核心，搭配多媒體影像、互動式展具，邀請觀眾一同探索番仔園文化的特徵、了解臺灣史前居民的生活智慧與毅力，感受文化資產保存的價值與重要性。
展覽分為8大單元，「消失的過去—揭述臺灣中部史前人」、「凡走過必留下痕跡—中部平埔族的生存證據」、「尋找地下的寶藏」、「那些年，人們吃了甚麼？」、「古人穿甚麼？」、「安家立命」、「地下的老祖先」、「歷史時代的中部平埔族」。
《考古番仔園文化：尋找中部平埔族的祖先》特展即日起至2026年3月1日於第一特展室展出，歡迎來科博館認識中部平埔族祖先的生存智慧，開啟一趟先人足跡的追尋之旅，感受文化傳承至今，你我當下生命的厚度與意義。更多展覽內容與科教活動訊息可參考官方網站。"
https://artemperor.tw/tidbits/18239,台灣，台南市,國立臺灣歷史博物館【寫生的故事張捷、陳澄波與其時代風景特展】,https://d2onjhd726mt7c.cloudfront.net/images/datas/000/117/563/es8y7qwl7mxhadm3j8h1q7frzn1umbew_800x420^.jpg,2025-04-29 ~ 2026-03-01,臺南市安南區長和路一段250號,https://web3.nmns.edu.tw/Exhibits/114/fanziyuan-culture/,陳澄波、張捷,"寫生，是運用畫筆與色彩，將眼前三維空間的實體景物，描繪為二維平面的作品，讓觀者無論在哪一個時空，彷彿能透過畫作看見繪者眼中的景物。我們熟悉的臺灣畫家陳澄波，是個熱愛寫生的藝術家，他的作品，幾乎都是在對象前完成的，也留下數張在寫生現場的得意照片。在二二八事件受害離世後，他的妻子張捷以秘密的收藏，也彷彿為他熱切卻不幸隕落的生命「寫生」，為臺灣歷史留下關鍵證物，當中也有許多見證時代的生活文物。
本特展以「寫生」為核心概念，透過文物與周遭布置的訊息，試著將關於張捷與陳澄波四維時空的故事，表現在三維空間的展場中。我們著眼於重現張捷與陳澄波的事蹟，更希望讓來到展場、帶著不同生存歷程的觀眾們，也能感受他們純眞而活潑的氣息，領略他們經年累月、寫生而成的時代風景。
▐ 單元1 生命之章
陳澄波熱情投注於繪畫，致力推廣藝術，同時也是熱心公眾事務的地方聞人。1947年二二八事件發生後，嘉義軍民對抗，市區一度為民軍控制，3月11日陳澄波與地方士紳組團與軍方和談，在水上機場遭到扣押，兩週後的3月25日上午，他與潘木枝醫師等一行四人，在嘉義火車站前遭公開槍殺。
在這裡，我們從他藝術生涯起飛時的自畫像，到他對家人與社會傾注深刻關懷的遺書，以及妻子張捷秘密收藏的死亡見證，包括受害時所穿的衣服、玻璃底片及照片等文物，體會他生命的重量。
▐ 單元二 半樓仔頂的秘密
位於嘉義蘭井街與國華街口的陳澄波故居，是個縱深2.5公尺、內部搭建閣樓的淺型街屋，地坪約莫12坪。在半樓仔頂的10坪大空間裡，曾藏有張捷畢生的珍藏，當中有陳澄波的所有畫作、照片書信、各式文件、繪畫用具，見證著張捷年輕時的回憶、兩人共組家庭的成長發展軌跡，以及陳澄波熱情參與社會的痕跡。
1993年張捷離世後，由長子陳重光持續守護父親遺物，終見二二八事件的平反。然而，歷經長年的捲曲與疊壓，許多畫作和文物因此受損、蛀蝕。近年來，這些文物藉由專業修復逐漸恢復風采，也在後人的整理和研究過程，發現深藏其中的許多秘密。
▐  單元三 超級藏家張捷
陳澄波的太太張捷，不只是「藏畫的人」，她還珍藏了各項承載家族記憶的物件。她的嫁妝、織品、刺繡用品，及親近家人的文件器用、生活物件，也收存在閣樓的各個角落，可以想見她的善於收納、以物念情。從她的蒐藏對象及數量來看，稱其為「超級藏家」也不為過。
1899年出生的張捷，成長於舊傳統與新時代思想並存的時期，也恰逢臺灣摩登文化的開端。從她的個人收藏，可以看到一名女性的成長，及其時代風景的轉變。
▐ 單元四 咱的家庭
將近三十年的婚姻生活，夫妻兩人「張捷主內、陳澄波主外」，組成為藝術努力的家庭。留學日本、任職上海，奔波各地寫生籌辦活動的陳澄波，會挑選明信片、寫信給孩子，也為家人和他們的住居留下許多畫作。觀看這些家人間的作品、書信，寫實又溫暖，能感受到一家人的流轉、成長和濃厚的情感。
▐ 單元五 街道上的畫家
陳澄波熱愛寫生，街道就是他的畫室，從張捷珍藏多年的畫具，可想像他帶著畫具、畫布、背著畫架前往寫生路上的樣態，他甚至會詢問路過民眾的看法，開放式的繪畫生活，直接啟發許多後輩對藝術的興趣。
在張捷蒐藏的陳澄波照片、文獻當中，也可以看見陳澄波在繪畫以外的樣貌。他積極串聯美術界人士，為臺灣文化整體的發展努力，更始終對社會懷抱高度的熱情與關懷，戰後更參選嘉義市參議員，投身政治工作。
▐ 單元六 為世界留下的
曾有這麼一個熱愛藝術的家庭，用盡心力、默默地，為他們的時代留下多姿多采的風景，假如張捷、陳澄波──我們的主角們──少了那麼一點留存世間的意志與決心，散佚了這些文物、畫作與生活見證，我們將無從知曉這個藝術家庭的故事，當我們回顧臺灣的美術，乃至整個臺灣歷史的時候，也將偏失極其關鍵的一部分。
歷史，就在人們留存於世間的意志，與時局的無情折衝之間，不斷流變、積累。姑且不論做得到、做不到：您想為您的家人、為自己、為這個世界，留下些什麼呢？"
https://artemperor.tw/tidbits/18887,台灣，高雄市,高雄市政府文化局駁二藝術特區【駁二當代館｜森棲棲！插畫家的綠色狂想】,https://d2onjhd726mt7c.cloudfront.net/images/datas/000/120/623/ik5s1sqmzs5b1gti4h88ys7jwpgshtod_800x420^.jpg,2025-09-26 ~ 2026-03-01,駁二大勇區C5當代館（高雄市鹽埕區大勇路1號）,https://pier2.org/exhibition/info/1692/,33_original 女子的日常生活插畫、Eat MushRoom 食菇、Humor Star 幽默之星、manual_for_all、Minghan H.、PHOERADISE - Phoebe Chen、Raimochi、Sophia Ji 插畫工作室、羊號角 Piper、夏仙 Sammi、浮游人、湯姆先生 Mr. Tom、絨絨森林 Fluffy Forest,"森林，對你而言是什麼樣的存在？
是療癒心靈的秘境？是小時候奔跑玩耍、滿身泥土氣味的回憶場所？或者，它是現實生活之外，一個可以安心躲藏、放空沉澱的自然庇護所。對許多人來說，森林不只是由樹木、陽光與空氣組成的空間，更像是一個情感的容器——承載著快樂、平靜、孤獨，甚至未知的想像。
「森棲棲！插畫家的綠色狂想」中的15個插畫展區，是創作者與森林對話的呈現，不僅描繪了森林的樣貌，也擁抱幻想虛構的自由，更映照出人類對自然的感知與體悟。邀請你走進這場專屬於插畫的森林探險，揭開一封封寄自綠意深處的信。
––––––––––––––––––––––––––––––––––––––––
෴森棲棲！插畫家的綠色狂想෴
▦ 展覽時間｜2025.09.26（五）-2026.03.01（日）
▦ 展覽地點｜駁二大勇區 C5當代館
▦ 主辦單位｜高雄市政府文化局、駁二藝術特區
▦ 策展單位｜駁二當代館
▦ 參展單位｜33_original 女子的日常生活插畫、Eat MushRoom 食菇、Humor Star 幽默之星、manual_for_all、Minghan H.、PHOERADISE - Phoebe Chen、Raimochi、Sophia Ji 插畫工作室、羊號角 Piper、夏仙 Sammi、浮游人、湯姆先生 Mr. Tom、絨絨森林 Fluffy Forest
▦ 授權單位｜大塊文化、國立臺灣博物館
▦ 藝文合作｜WINK PHOTO、山衣丁planedo
▦ 展覽資訊｜https://pier2.org/exhibition/info/1692/"
https://artemperor.tw/tidbits/18221,台灣，台中市,國立自然科學博物館【《自然藝想》開展！】邀你進入標本與模型交織的大千世界,https://d2onjhd726mt7c.cloudfront.net/images/datas/000/117/469/f4rsxi3w0n8hdpxpu4eekg6o1atyzp56_800x420^.jpg,2025-04-16 ~ 2026-03-01,台中市北區館前路1號,https://web3.nmns.edu.tw/Exhibits/114/modeling-nature/,國立臺灣大學生命科學院動物博物館、臺灣原型師,"公仔模型蒐集風氣正夯，國立自然科學博物館與國立臺灣大學生命科學院動物博物館聯合策劃全新特展《自然藝想》，邀請專門製作模型的臺灣原型師共同參與，展出逾40件栩栩如生的生物標本及模型，帶領觀眾探索人類如何透過「觀察、測量、建模」理解複雜的自然，感受科學的縝密與藝術的創意，歡迎動物迷、模型愛好者來一探究竟！
《自然藝想》特展是一場科學與藝術的跨界對話，透過標本與模型的錯置，突顯「蒐藏」的深度與廣度、「科學研究」的意義與價值，並藉由展示呈現在大眾眼前，引領觀眾多元思考，進而實踐共學，體現博物館作為知識轉譯與公共溝通平台的重要角色。
「標本」源於自然，講求還原真實，保存生物樣貌；「模型」則是模仿實物原形，按一定比例縮放製成的樣品。這次特展希望透過標本與模型的巧妙對比，呈現兩者在研究、展示與教育上的基礎功能，進一步帶大眾了解科學工作者、藝術創作者如何從專業視角出發，以不同方式詮釋人們眼中的大自然。
《自然藝想》展出多件原型師打造的恐龍模型，例如：禽龍、亞伯達角龍、厚頭龍等，展現原型師手下的想像與真實；在「自然的『模』樣」單元中，觀眾還能一窺1比20的暴龍頭部模型製作流程，認識模型從平面圖像轉化成立體結構的關鍵歷程。
展區由5面落地窗型展櫃組成，劃分成獨立卻又相互串聯的主題單元：「『模』索真實」、「標準『模』範」、「有『模』有樣」、「『模』擬自然」、「模樣千萬變」、「自然的『模』樣」，分別展示不同媒材的典藏標本與藝術創作。"
https://artemperor.tw/tidbits/19057,台灣，桃園市,隱藝空間工作室【《歲月痕》傅鈺個展】歲月所觸，心靈所映,https://d2onjhd726mt7c.cloudfront.net/images/datas/000/121/525/1rrczij88pvlv6gfwpi9subs0nybopeq_800x420^.jpg,2025-10-29 ~ 2026-03-02,桃園市立中壢高商藝文中心,https://www.yinartspace.org/5,傅鈺,"歲月所觸，心靈所映——傅鈺個展《歲月痕》
繪畫，是生命在時間中留下的印記之痕
傅鈺個展《歲月痕》，展覽以「歲月所觸，心靈所映」為副標題，呈現傅鈺自早期至近年的重要創
作。此次展覽不僅是一場創作軌跡的回望，更是一段與時間、心靈對話的旅程。
傅鈺長年潛心於藝術創作，自2000年參與第九屆台北國際藝術博覽會以來，創作從未停歇。
2003年，其作品《迴舞曼陀羅》入選法國獨立沙龍，成為藝術生涯的重要里程碑。歷經數十場
個展與百餘場聯展，傅鈺的繪畫語彙不斷轉化，從寫實描繪走向抽象詩性，逐步汲取東方哲思
的養分，形構出獨特的精神風景。
在《歲月痕》中，傅鈺以繪畫回望生命的軌跡。作品不僅映照時間的流轉，更承載心靈的深層感
知——色彩與線條成為思想與情感的延伸，讓觀者得以在畫面之中感受「歲月的觸動」與「心
靈的回聲」。
「藝術於我，不僅是形式上的探索，更是內在感知與思想的顯影。
從具象到抽象，我在時間的河流中，留下了一道道心靈的痕跡。」——傅鈺
《歲月痕》不僅是創作歷程的集結，更是傅鈺對生命、對藝術本質的思索與凝視。展覽以作品為
詩，記錄時間流動的痕跡，邀請觀眾一同在畫作間聆聽歲月與心靈的對話"
https://artemperor.tw/tidbits/18876,台灣，新北市,新北市美術館【拇指世代點擊以開啟】館校計畫,https://d2onjhd726mt7c.cloudfront.net/images/datas/000/120/572/odxwm21cw6sjllqsag6anu5k0xe1vfuw_800x420^.jpg,2025-10-04 ~ 2026-03-15,新北市美術館 探索基地 L2,https://ntcart.museum/exhibition/H2509001,胡鈞荃、馮志銘、蔡宜豫、PUZZLEMAN、三缺一劇團 賀湘儀、鄭先喻,"合作學校與藝術家
【復興國小】
教師：林岑怡、王燕昭、洪育慧
藝術家：胡鈞荃、馮志銘
【埔墘國小】
教師：林惠美、張福英
藝術家：蔡宜豫、PUZZLEMAN
【成福國小】
教師：謝基煌主任、陳彥樺
藝術家：三缺一劇團 賀湘儀、鄭先喻
「拇指世代」一詞的靈感源自法國哲學家 Michel Serres 的著作《拇指姑娘》（Petite Poucette）。他指出新世代透過手機和網路，以拇指操作並與世界互動，這不僅改變了日常，也重新形塑了知識與學習的方式。
新北市美術館館校計畫「拇指世代：點擊以開啟」從孩子最熟悉的數位使用習慣出發，思考科技如何影響我們的感受與學習方式。計畫由藝術家、學生、教師、美術館與策展團隊共同合作，透過討論與創作，讓當代藝術走進教室，也讓教室成為藝術發生的場域。
在這裡，「點擊」不只是手指碰觸螢幕的動作，更象徵孩子與家鄉歷史的連結。每一次點擊，都像是翻開一頁、展開一段對話，或觸發新的理解。
在這個過程中，孩子們逐漸培養三種能力：他們運用想像力，把生活與記憶重新組織成故事；藉由走入社區、觀察與訪談，建立對土地的情感與理解；並透過數位媒體與創作工具，學會把腦中的想法以多樣方式呈現。
教學歷程從藝術家與教師的共備討論開始，接著由藝術家把新的媒材與方法帶進課堂。孩子們在此基礎上展開創作，並在互相交流中修正和完善作品；之後再以策展的角度整理與詮釋，最後將成果帶入展覽，與觀眾分享。
這場展覽不只是靜態的作品呈現，而是將孩子的創作與情境空間交織成可被走入的故事場域。觀眾在其中不只是觀看者，更能與學生的想像、記憶和情感產生共鳴，成為共同的參與者，一起展開一場從指尖延伸、面向未來的敘事旅程。
拇指世代：點擊以開啟
Generation T: Tap to Play
｜策展人｜蔡家榛、李佳霖
｜參展藝術家｜胡鈞荃、馮志銘、蔡宜豫、PUZZLEMAN、三缺一劇團 賀湘儀、鄭先喻
｜合作學校｜復興國小、埔墘國小、成福國小
｜指導單位｜新北市政府
｜主辦單位｜新北市美術館"
https://artemperor.tw/tidbits/19043,台灣，台北市,臺北市立美術館【2025台北雙年展】地平線上的低吟,https://d2onjhd726mt7c.cloudfront.net/images/datas/000/121/320/p6v0mgoafnomqxkehcqlzspl790ysonu_800x420^.jpg,2025-11-01 ~ 2026-03-29,臺北市立美術館（臺北市中山區中山北路三段181號）,taipeibiennial.org/2025/tw/content/introduction,胡鈞荃、馮志銘、蔡宜豫、PUZZLEMAN、三缺一劇團 賀湘儀、鄭先喻,"2025台北雙年展「地平線上的低吟」（Whispers on the Horizon）將於2025年11月1日至2026年3月29日在臺北市立美術館（北美館）舉行。由策展人山姆．巴塔維爾與提爾．法爾拉特（Sam Bardaouil and Till Fellrath）共同策劃，本屆雙年展將展出來自全球35個城市的54位藝術家的作品，透過多元當代的創作語彙，探究「思慕」（yearning）這個難以明說卻又驅策行動的深層渴望。
以多元當代的全新創作，追尋「思慕」的多重意義
臺灣錯綜交織的歷史——從殖民統治、認同掙扎到政治更迭——形塑了這次雙年展的背景。「地平線上的低吟」挖掘「思慕」的本質及其錯綜複雜的地層：它不僅是欲望，更是一種灼燒於心的渴求；它在個人記憶與集體歷史中流轉、在過去與未來間縈繞，也在現實與虛妄、歸屬與離散、消逝與恆常間迴盪；它是一種難以捉摸的引力，驅使著人們盡力前行、奮力邁進，卻終將是個永難企及的追尋。
潛伏於記憶的三個物件，交織歷史與當代的對話
「地平線上的低吟」策展構想源自三個與臺灣歷史密切相關的物件──尪仔、日記與單車。尪仔，活在侯孝賢的電影《戲夢人生》（1993）的世界裡，呼應著李天祿動蕩不安的生命；日記，來自陳映真的短篇小說《我的弟弟康雄》（1960），記錄著一個年輕人對於理想的深切渴望。單車，存在於吳明益的作品《單車失竊記》（2015），追憶著消失在歷史中的父親身影。這些物件雖未現身展場，卻如銘刻於記憶的線索、潛流於空間的低語，提醒著人們：「思慕」雖關乎失落，亦是擁有，它不只是嚮往追尋，更包含我們所承載背負的信念。
此外，展覽亦從臺北市立美術館收藏的二十世紀初期畫作，包括陳澄波、陳進及陳植棋等人的畫作，以及國立故宮博物院的典藏文物中汲取靈感，為「思慕」注入更深層的歷史紋理與文化縱深。穿越時代更迭、文化變遷與政治動盪，這些典藏作品成了視覺與概念的橋樑，以及跨越時空的殘響——封存於顏料與瓷釉之中，或隨筆觸與器物流轉。
青壯年藝術家齊聚，跨領域媒材、回應現場空間的現地展演
2025台北雙年展將展出33件新委託創作和特定場域裝置，曾展出的作品也將回應美術館獨特的建築空間與城市脈絡。特別的是，近半數參展藝術家出生於1984年後，透過不同世代，帶著當代語境的思考，展現對於現今世界的即時視角，並以不同形式，回應過去與未來的連結，展開對「思慕」的多層次探索。展覽作品橫跨多種媒材與表現形式，作品風格多變，從視覺上的奇想，到結構上的重組，從親密細膩的個人體驗，到集體記憶的碰撞反思，讓「思慕」成為一種可以感知、得以進入，又能持續尋找、期待與探究的存在。
2025台北雙年展「地平線上的低吟」以臺灣為起點，其所關注的主題卻不止於此——「思慕」存在於每個地方、每個時代在不同文化脈絡中潛行，是遷徙的痛、是思念的家；是身份與認同的追尋，是默默生根、持續醞釀的渴望。「思慕」從不停歇，也難以抹煞；飄忽無形、游移不定，卻又頑強真切地深植人心。
「地平線上的低吟」穿梭於現實與想像，遊走在遺落與將成的各種時態之間，作品挖掘個人事件或構築虛擬世界，映照當前現況與異想未來。「思慕」不再只是抽象的情感，更是探尋自身定位的關鍵線索。於此，「地平線上的低吟」進一步揭示了思慕的真相：唯有在不斷追尋之中，我們才得以開始理解自己。這裡沒有禁忌、不是答案、亦非解方，唯有「低吟」。
引起內在共鳴、匯聚各方支持，共創當代藝術對話
2025 台北雙年展以「思慕」為動能，引起內在共鳴，廣獲各界響應。中國信託文教基金會致力推廣當代藝術，除了扶植具潛力的臺灣藝術家，更積極支持國內外指標性展演，已連續三屆作為台北雙年展的主要贊助夥伴，期盼透過在亞洲深具影響力的台北雙年展，提升臺灣當代藝術的國際能見度，深化跨文化的交流，更進一步拓展藝文教育至不同社群與世代，激發更多對話與討論。香奈兒支持2025台北雙年展，致力於培養出充滿活力的創作者和創新者網絡，並擁護追求讓未來更美好的創意勇氣，延續香奈兒一世紀以來對藝術的承諾。"
https://artemperor.tw/tidbits/19094,台灣，澎湖縣,澎湖縣政府文化局洪根深美術館【自然，而然－漁人島山海生活特展】,https://d2onjhd726mt7c.cloudfront.net/images/datas/000/121/548/izyvaq97qe7c5b1o07bm7c6hyu9q6fc0_800x420^.jpg,2025-10-20 ~ 2026-03-30,洪根深美術館特展室,https://www.phhcc.gov.tw,王秀茹、成功村、小赤村,"文化局所屬洪根深美術館下半年特展由秀藝術工作室王秀茹藝術家策展，王秀茹老師長期在臺灣花蓮、屏東、新竹、桃園、南投等原住民部落進行田野調查，創作作品關注於人與人、人與土地之間的關係與情感。今年來到本縣湖西鄉成功村、白沙鄉小赤村駐村，透過蹲點、訪談、工作坊帶著居民以創作的方式，將島嶼日常中「去山、去海」的生命力，轉化為藝術創作。
本展覽前期先於7月17日至8月10日以駐村方式，辦理耆老訪談、工作坊，與長者們一起回憶並描繪屬於這片土地的生活文化，展覽內容分為四大部分：山的種植、海的漁獵採集、勞動工具與居民創作。
「山的種植」：呈現因風大雨少而發展出的「菜宅」硓?石砌農耕文化與山邊的種植樣貌；「海的漁獵採集」：透過圖像與敘事，展現潮間帶捕撈與傳統漁法的多樣智慧。；「勞動工具」：重現村民日常使用的器具，從耙仔、手叉網到釣竿，映照勞動與自然的緊密關係；「居民創作」：展出成功村與小赤村村民參與工作坊所完成的作品，記錄島民共同書寫的生活記憶。
展覽作品以大尺幅複合媒材創作，結合版印、繪畫、刺繡與藍染，描繪澎湖「菜宅」的石砌景觀、山的耕作日常，以及潮間帶採集與漁獵的勞動節奏，真切呈現人與環境共生的姿態。王老師以藍染的暈染、刺繡的節奏、與複合媒材的層次交織出當代的「水墨性」，呈現自然意境與生命韻律，回應水墨藝術長久以來對天地萬物、山海風土的深刻感知與詩性詮釋。
本次展覽於114年10月20日起至115年3月30日展出，詳情請參考澎湖縣政府文化局網站(https://www.phhcc.gov.tw)或臉書訊息，相關資訊請洽06-9265203蔡小姐。"
https://artemperor.tw/tidbits/18029,台灣，新北市,財團法人看見・齊柏林基金會【共森】,https://d2onjhd726mt7c.cloudfront.net/images/datas/000/116/767/u2hyy31c2xaz79vsdmgy8f060h0nqtxr_800x420^.jpg,2025-03-21 ~ 2026-03-31,新北市淡水區中正路316-1號,https://www.chipolin.org/chipolin-space,齊柏林,"看見·齊柏林基金會攜手全家便利商店　續寫環境公益關懷新頁
聽見島嶼森林的呼喚　齊柏林空間《共森》盛大開展
看見．齊柏林基金會今宣布，與全家便利商店「全家一起看見台灣」新五年環境公益關懷計畫正式啟動，邁入下一個里程碑。這項合作不僅是基金會環境教育推廣的重要支柱，更是全家長期投入社會公益與環境議題的具體展現。全家公共事務暨品牌溝通室部長吳采樺表示：「全家以全台超過4300間店舖做為環境教育基地，運用全家愛心大平台資源，過去五年累積募款突破1.1億，支持基金會推動全民環境教育，喚起民眾關懷土地的意識，延續《看見台灣》的影響力。未來，我們也將持續攜手基金會，讓這股力量影響更多人！」
過去五年，在全家愛心大平台的大力支持下，基金會透過四大計畫—齊柏林空間年度主題環境影像展及「看見台灣』十週年北中南攝影巡迴展，培養關懷環境意識，創造180,000參觀人次，以「環境教育基地營」邀請近 14,000 名學生走進展館；走遍全台校園公益播放《看見台灣》與舉辦「飛閱台灣全家鄉」講座共超過 400 場教育推廣活動，影響超過60,000人；藉由「齊柏林環境紀錄獎」及「齊柏林飛閱台灣攝影獎」等繼續看見台灣系列計畫，鼓勵新世代影像人才創作，讓記錄台灣地景不中斷，喚醒更多人對環境的關注。
下一個五年，基金會與全家將繼續以「每一塊錢，都是對環境教育的支持」為理念，邀請民眾於3/19-5/27走進全家門市，或透過全家APP響應捐款，支持環境教育推動。除持續帶領更多學童走進齊柏林空間、巡迴全台校園公播及講座，基金會也將拓展更多元的全齡環境教育，如「十年一刻空拍計畫」見證並記錄環境變遷、「國際環境影像展」喚醒大眾對環境的永續行動，及「逐岸行腳—跟著齊柏林視野環島」以雙腳親自踏上環台之旅，讓土地的永續傳承不間斷。
在大眾及全家零錢捐善款支持下，齊柏林空間第六檔影像主題展《共森》特選定3 月 21 日國際森林日開展！面對氣候變遷的嚴峻挑戰，我們該如何與森林共生？基金會執行長萬冠麗表示：「我們看見氣候變遷對日常生活的影響越來越大，今年我們特別邀請 4 位創作者加入展示，嘗試挖掘邁向淨零碳排的可能解方，啟發更多人看見環境、加入改變的行列！」
本次展覽以「群森之源」、「森林之境」及「森野之續」為題，直視當代森林議題與困境，回顧台灣林業轉型的足跡，以及人與自然共存的日常。策展團隊在展場中依不同海拔林相，結合香氛創造多重感官體驗，更將台灣樹種轉化為小森靈，開發 MBTI 人格心理測驗，結合270 度環繞投影沉浸式劇場，觀眾可透過特殊手電筒找出藏於光影之中的森林精靈，在認識自己的同時，也深入了解台灣森林的豐富樣貌。歡迎社會大眾蒞臨參觀《共森》，一起看見，守護森林！
《共森》｜2025/03/21-2026春季
營業時間｜週一至週日10:00-18:00 （週二公休）
空間地址｜新北市淡水區中正路316-1號（淡水分局正對面）
空間電話｜02-2629-1996"
https://artemperor.tw/tidbits/17530,台灣，高雄市,高雄市立美術館【美術館的一百種想像】,https://d2onjhd726mt7c.cloudfront.net/images/datas/000/114/717/x0pwcoumwzmdm1xwyik1vip7eefm7wno_800x420^.jpg,2024-11-23 ~ 2026-03-31,兒美館 202展覽室 (馬卡道路330號),https://www.chipolin.org/chipolin-space,平安、吳修銘、吳秋敏、林芸巧、草棉谷、林家棟、洪添賢、黃馨瑩、鄭宜芳、鄭元欽、蘇子涵、黑碼藝識,"■寫給小朋友
你的家，是一棟房子；古董文物、藝術品的家，是一棟大房子，我們稱為美術館。設計房子的人，稱為建築師。
住家要舒服，三角形的格局可能不適合，否則很難佈置床鋪、餐桌，這是顧及空間的實用，滿足人們的日常生活需要；而藝術品的家，需求大不同，建築師要東想西想：種類、尺寸、預算、基地……除此，還要煩惱：強調造型特色或實用功能？玻璃、混凝土、金屬、木頭或石材，哪種材料才能表達想法？
建築的世界，沒有是非對錯，沒有標準答案，更沒有公式可套用。房子是規規矩矩的正方形，還是三角形、圓形、流動的曲線……哎呀，好像都可以！但別誤會，建築師不能像藝術家、小說家隨心所欲，他們得面面俱到才能實現好點子。
造形、光影、皮層、色彩，裡裡外外……建築從來都不只是眼睛看，還需要打開耳朵、用手觸摸，用身體感受在空間裡移動的樂趣。走進展覽，動動手，想一想：如果你是建築師，會造一座什麼樣子的美術館呢？
■給家長和老師的話
如何想像一座美術館的建築？
強調實用功能為藝術服務，或側重建築的美學？當今有些評論者認為，某些建築設計喧賓奪主，搶了藝術的風頭。建築與藝術的爭論，其實並非源自今日，十九世紀初已見端倪。本展的目的即在於美術館如雨後春筍成立的當前，思考建築的本質。
建築是什麼呢？問十個建築師能出現十一種答案。現代主義建築先驅柯比意說：「建築是光線下形狀正確、絕妙、又神奇的遊戲。」同時代的密斯•凡德羅則說：「當你小心翼翼地把兩塊磚頭疊在一起時，建築就出現了。」路易斯•康則認為每塊磚頭都有自己的意志；札哈•哈蒂則覺得：「建築與幸福感相關。我認為人們會希望在空間中感到舒適……一方面能遮風避雨，同時也能帶來愉悅。」
無論如何，回到現實，建築不是無中生有，也沒有所謂唯一的正確方式，手法各色各樣。設計前，建築師都要考慮一些問題，為設計做個概念註腳，諸如：收藏的種類、基地環境、大小與形狀、預算……針對細節進行詳盡分析後，從秩序中解放或從限制中想像，我們看到建築師的性情、風格與信念。
建築從來不只是物理空間，它更是時代的表徵，反映了區域的文化、社會的縮影和使用者的需求。「美術館的一百種想像」試圖從造型、光影、材料和色彩，進入建築的表情，從遊戲動手中思考建築的特性，想像建築的各種層面，最終思考究竟如何以建築，表現美術館的性格與精神。
/
指導單位  文化部、高雄市政府文化局
主辦單位  高雄市立美術館
塗料贊助  德國凱恩礦物塗料
指定木作除醛  聚和生醫
｜參展建築家｜
侯林建築師事務所˙草原市務所+中村至男˙蕭有志
｜參展藝術家｜
平安˙吳修銘˙吳秋敏˙林芸巧˙草棉谷˙林家棟˙洪添賢˙黃馨瑩˙鄭宜芳˙鄭元欽˙蘇子涵˙黑碼藝識
｜參展學校｜
正修科技大學建築與室內設計系黃韻珊+邱信邦˙郭慧晶˙張成毅˙劉鑫煒
中山國小四年四班 作品指導洪添賢 影片拍攝陳信燁 學校老師王錦娥+劉芳婷"
https://artemperor.tw/tidbits/18612,台灣，台中市,國立自然科學博物館【《名畫3D反毒特展》 】結合世界著名畫作、浮世繪名作 開啟全新立體感官體驗,https://d2onjhd726mt7c.cloudfront.net/images/datas/000/119/393/h71ip94cirw7vkjbkznqnc8eyqhy7ngq_800x420^.jpg,2025-06-20 ~ 2026-04-05,館前路1號,https://www.chipolin.org/chipolin-space,法務部、教育部、衛生福利部食品藥物管理署、內政部警政署刑事警察局,"從世界著名畫作認識毒品危害！國立自然科學博物館暑假前夕於人類文化廳2樓迴廊推出《名畫3D反毒特展》，以西洋經典畫作與日本浮世繪為基礎，透過3D立體改作的創新手法，生動描繪人物吸毒後的外貌變化，透過強烈的視覺體驗，引導觀眾深刻體會毒品對身心的破壞。
本次展覽由法務部、教育部、衛生福利部食品藥物管理署、內政部警政署刑事警察局共同指導，延續2021年《名畫遇見毒品特展》概念，今年推出《名畫3D反毒特展》，內容與呈現手法全面升級，不僅可再次與熟悉知名畫作重逢，更搭配3D立體技術，帶來前所未有的視覺參觀體驗與反毒省思，期盼結合藝術與教育，喚起大眾對毒品危害的重視。
特展融合多種3D立體技術，包括光柵立體、紅藍立體、色視差立體、UV直噴立體圖等。「毒害大腦逆透視展示室」展品更透過逆透視的視錯覺，讓大眾直觀感受毒品對大腦所造成的影響，打造沉浸式反毒學習體驗。
特展重新詮釋的經典名畫中，〈蒙娜麗莎遇見海洛因〉展現神秘微笑外貌被毒品侵蝕後的模樣，出現瞳孔縮小、面容憔悴、皮膚病變；〈年輕女子遇見甲基安非他命〉呈現吸毒導致的臉部消瘦、黑眼圈與皮膚毒瘡；莎士比亞肖像畫改作成手持大麻，眼神失焦、雙眼通紅，生動描繪吸毒後的醉茫狀態。
延伸至浮世繪領域，〈神奈川沖浪裏〉展現中樞神經興奮劑對腦部的亢奮、刺激效果；〈月光之海〉描繪中樞神經抑制劑對腦部造成的影響，由暈眩鬆弛轉成困倦；〈桑名．水手德藏的故事〉則表現出中樞神經迷幻劑對腦部的變化，從改變意識引發幻覺；而〈高島久遇見安非他命減肥藥〉畫中，這位寬政年間江戶三大美人之一則因施用毒品瘦身而面容消瘦、黑眼圈明顯、氣色不佳，顯示出吸毒對美貌與健康的摧毀。
毒品與藥品僅有一線之隔，具成癮性的藥品被歸類為管制藥品，由醫師合法醫療開列的管制藥品為藥品，而非醫療目的、濫用的管制藥品則為毒品。根據《毒品危害防制條例》，凡具有成癮性、濫用性及社會危害性的麻醉藥與精神物質，皆屬毒品範疇。吸食毒品不僅會對健康造成嚴重傷害，也可能導致家庭破碎、人生崩壞。
藝術能穿越年齡與語言的界線，也是促使社會對重要議題關注的強大媒介。《名畫3D反毒特展》即日起至2026年4月5日，於人類文化廳2樓迴廊展示區展出，邀請大家共同參與這場融合藝術創意與反毒教育的展覽，喚起對健康人生的珍惜與守護。"
https://artemperor.tw/tidbits/18611,台灣，台中市,國立自然科學博物館【《量力而微》特展】帶你走進顛覆直覺的量子世界,https://d2onjhd726mt7c.cloudfront.net/images/datas/000/119/392/qc8ue4qgmnxd8rntbahbm7xo9vzf4vqk_800x420^.jpg,2025-06-14 ~ 2026-04-14,館前路1號,https://www.chipolin.org/chipolin-space,台灣物理學會、物理研究推動中心,"什麼是「量子」？我們日常使用的手機晶片、LED燈、GPS衛星，其實都與量子原理密切相關！2025年適逢聯合國訂定的「國際量子科學與技術年」，國立自然科學博物館、台灣物理學會與物理研究推動中心共同推出《量力而微：量子科學特展》，融合科學、藝術與哲學視角，透過視覺化、生活化比喻、互動裝置與歷史故事，帶領大眾深入微觀宇宙，一探量子世界的奇異與革命性。
策這次特展以「微中見奇」為主軸，從量子概念誕生、理論爭辯到未來科技應用，讓觀眾循序漸進理解量子疊加、量子糾纏與不確定性等奇異現象，並進一步思索「真實」與「觀測」之間的微妙關係。
本次展場以「薛丁格的貓」為靈感發想主視覺，結合可愛貓咪形象、薛丁格方程式中的數學符號，呈現帶有幽默感、哲思張力的視覺語言，象徵量子科學中對現實的重新想像和理性之美。展覽分為4大主題單元，涵蓋量子歷史、奇異現象、科技應用與哲學思索，搭配一系列互動裝置，讓抽象難解的量子概念不再遙遠。
「AI化的愛因斯坦」結合自然語言處理與歷史語料訓練，觀眾可現場提問，聽他如何看待量子力學的不確定性、是否真的不信量子糾纏，體驗一場跨越百年的知識思辨。展場還設置「高質感量子電腦實體模型」，以立體模型與視覺動畫讓觀者一窺量子電腦的架構、運作原理與未來潛力，同時了解量子科技如何應用於醫療模擬、氣候預測、資安加密等尖端領域。
特展互動展具更設計了別具巧思，趣味性十足的「貓貓推杯子遊戲」，以擬真的貓咪推杯子互動裝置，結合隨機性與量子測量特性設計，詮釋海森堡提出的「不確定性原理」，從親手操作中體會「在量子世界裡，試圖掌握某件事，往往會干擾它原本的樣貌」。全新設計的「量子糾纏互動展具」，則可讓兩位觀眾同時操作分離的展品，只要其中一方做出選擇，另一方的狀態也會改變，彷彿兩者能瞬間感應彼此，直觀展現量子世界裡最超乎直覺的現象。
《量力而微：量子科學特展》即日起於科博館第二特展室展出，展至2026年4月14日，展覽收尾當天正逢「世界量子日」，日期取自普朗克常數（h ≈ 4.14 × 10⁻¹⁵ eV·s）的數值意涵。今年全球各地也陸續舉辦量子主題活動，共同紀念這個關鍵的里程碑。這不只是物理展，更是一場挑戰常識的思辨旅程；歡迎走進展場，一起發現量子世界的奧祕，重新想像我們所熟知的世界。"
https://artemperor.tw/tidbits/19129,台灣，高雄市,高雄市立美術館【馮．沃爾夫的花園堡壘】,https://d2onjhd726mt7c.cloudfront.net/images/datas/000/121/737/jj9ge87zxiljhhqn1iu95zdhxvam6cdk_800x420^.jpg,2025-11-15 ~ 2026-04-19,高雄市立美術館 本館 101-103展覽室（高雄市鼓山區美術館路80號）,https://www.kmfa.gov.tw/Exhibition.aspx,馮．沃爾夫 Von Wolfe,"從達文西的經典到AI的未來，開啟藝術的下一個世紀
踏上一場跨越時空、喚醒感官的奇幻旅程
《馮．沃爾夫的花園堡壘》呈現英國藝術家馮．沃爾夫（Von Wolfe）在亞洲的首次大型展覽。本展集結逾60件作品，橫跨近20年的創作歷程，帶來人工智慧與傳統油畫難得一見的融合，邀請觀眾走入一場古典與數位交織的藝術旅程。
馮．沃爾夫出身藝術世家，擁有深厚的藝術與哲學素養。展覽自他早期融合畢卡索與浮世繪風格的創作揭開序幕，延伸至對達文西、林布蘭等古典大師的再詮釋。這些作品以傳統油畫技法為基礎，透過視覺拼貼與跨文化挪用，重新編排藝術史中的經典圖像。畫面中，不同文化語境彼此對話，不僅挑戰觀眾對藝術分類的既定印象，也激發對文化、歷史與創作關係的省思。
展覽高潮呈現馮．沃爾夫近年與AI共創的精彩成果。他透過訓練AI模型，使其吸收自身創作的視覺結構與語感，生成圖像後，再親手以油畫技法細膩重繪，發展出融合筆觸與演算邏輯的獨特美學。這些作品兼具精緻與張力，結合歷史典故、當代語彙與超現實意象，探討科技與人文、權力與尊嚴、觀看與性別等多重議題，同時回應當代人對自由與自我認同的深層渴望。
展名《花園堡壘》同樣富含意涵。「花園」呼應美術館周邊的綠意，也讓人聯想到伊甸園的美麗與誘惑；「堡壘」則隱喻台灣在國際地緣政治與科技產業中的關鍵角色。展覽中的同名作品〈花園堡壘〉描繪一座古典花園環繞著量子AI超級電腦，象徵未來知識所帶來的機會與風險。
除了靜態畫作，展覽亦將呈現AI生成的動態影像，讓畫中角色彷彿「活」了起來。這些作品不僅在視覺上令人驚艷，也邀請觀眾思考：當創作邁向演算與感知交會的邊界，我們將如何重新觀看世界？無論是熟悉當代藝術的觀眾，或初次踏入美術館的朋友，都能在這場充滿感官與思維衝擊的展覽中，發現屬於自己的觀看角度與啟發。
▐ 藝術家介紹
英國藝術家馮．沃爾夫出身藝術世家，擁有德國與波蘭血統，並受過正統哲學訓練，將創作視為一種思辨實踐。他的作品紮根於傳統油畫技法，同時結合人工智慧，創造出筆觸細膩、敘事張力強烈的畫面。馮．沃爾夫擅長遊走於數位與實體之間，無論是畫布上的筆觸或螢幕中的圖像，他皆能轉化重構，編織出嶄新的視覺語言。其作品曾於多座國際重要美術館展出，包括法國凱布朗利博物館、斯德哥爾摩國家博物館等。"
https://artemperor.tw/tidbits/19114,台灣，高雄市,Mind the G【GDAP #A - Binary Oceans 二元海 by Lottevont 】@ 昇恆昌 KHH 東區文化藝廊,https://d2onjhd726mt7c.cloudfront.net/images/datas/000/121/650/diw0j0e9inzbigj34r5bm6p6pmmm6tg1_800x420^.jpg,2025-10-31 ~ 2026-04-30,高雄國際機場東區文化藝廊 (出境廳3樓-鄰近21號登機門),https://www.gdaptw.org/,Lottevont,"[前言]
昇恆昌致力於推廣台灣藝術文化，本次東區藝文展覽以「海洋保育」為主題，特別邀請 AI 藝術家合作，以人工智慧創作為核心，呈現一場融合科技與藝術的全新展覽。
[展覽介紹]
台灣，科技島；四面環海、山嶺起伏。
當經濟曲線不斷上升，便利成為日常標準配備，海洋卻成了隱形的代價。
塑膠袋、寶特瓶、吸管，幾分鐘的方便，卻換來生態的失衡。
《Binary Oceans 二元海》系列作品，企圖將這一切拆解為強烈對比：
一邊是垃圾與數據淹沒的絕望；一邊是銀色光澤般的重生；這是一場關於選擇的對撞。
海洋不是浪漫藍色的背景，而是我們最珍貴的「共存場域」。
海，要乾淨，還是要窒息？Trash vs. Treasure  你選哪一邊？
本次展出之作品，共分為三大重點：
《Trash 殘境》 與 《Treasure 奢境》為靜態作品：
分別呈現塑膠垃圾堆積的窒息海洋及點綴著珠寶光澤的生機海洋。
《Transition 轉境》 則是主題作品，透過動態影像，描繪從絕望走向重生的過程。
藉由這三者的對應關係，作者希望以直觀的視覺衝擊，讓觀者在截然不同的世界之間遊走，並被迫面對一個核心提問：我們要選擇哪一種未來？
呼應「台灣是科技島」的概念，作品結合海洋與程式碼元素。以表現在科技高速推進的今天，人類仍必須與其他生命共存，而「共生」已成為當下最迫切的議題。
同時，亦融合代表台灣的三大意象：四面環海的多山島嶼、半導體與科技成就、以及 AI 革命的核心地位。以前述「金三角」為基礎，透過山、海與生物連同程式碼交織，再由生成式 AI 賦予畫面流動感，塑造出一個充滿生命力的「數位海洋」。象徵台灣在海洋環繞下的韌性，以及持續生生不息的力量。
[藝術家簡介]
Lottevont ，來自台灣台中，現居荷蘭。
以 AI 創作活躍於台、荷兩地之間，現職為AI視覺創意總監。
創作核心圍繞科技與環境的「共生」主題，作品在自然與科技之間展開對話，如同一場並肩走秀的時尚演出。自由奔放的構圖，卻同時帶著精密的結構；既充滿動感，又散發靜謐氛圍。旅居歐洲各國逾十年的她，擅長將東方與西方元素交融，透過生成式 AI 工具雕塑出深具未來感的夢境場景。
其影像作品曾刊登於法國、義大利與西班牙的生成式AI專業雜誌；其 AI 動態創作亦曾在倫敦、米蘭與台北展映。從精心策劃的國際數位藝術展會，到台北十公尺高的 LED 光廊（由操刀紐約時代廣場跨年倒數的團隊打造），她讓城市天際線化身為具有張力的光影詩篇。
同時，她亦是 Luma AI、Higgsfield AI、Meshy AI 與 Leonardo AI 的創意合作夥伴。
Lottevont 將生成式工具轉化為鮮明有力的視覺語言，在全球舞台上綻放。她的作品不僅重新定義當代影像的可能性，也不斷挑戰我們對未來視覺的想像。
指導單位｜高雄國際機場
主辦單位｜財團法人昇恆昌基金會
協辦單位｜昇恆昌、GDAP (社團法人台灣美學產值協會)"
https://artemperor.tw/tidbits/18613,台灣，台中市,國立自然科學博物館【《鯨掘》揭開臺灣鯨豚的萬年記憶】一窺清修中的巨大鬚鯨化石,https://d2onjhd726mt7c.cloudfront.net/images/datas/000/119/394/8zw8o4q6ip3qkfvwsqg9hytfys2x8enx_800x420^.jpg,2025-06-27 ~ 2026-05-03,館前路1號,https://www.gdaptw.org/,海洋委員會海洋保育署、財團法人國立自然科學博物館文教基金會,"2022年於屏東恆春出土、萬眾矚目的鬚鯨化石，今夏首度與大眾見面！在暑假即將展開之際，國立自然科學博物館隆重推出《鯨掘》特展，透過多媒體技術、沉浸式空間設計與現場化石清修，呈現這件「臺灣史上最完整鬚鯨化石」從地層深處現身至重見天日的壯闊歷程。展覽主軸圍繞化石的發現、挖掘與清修，並延伸探討臺灣鯨豚的自然史、文化意涵與當代海洋環境，觀眾將可一覽珍貴的鯨豚化石、考古與文史標本，深入體驗遠古鯨豚的時代旅程。
教育部終身教育司副司長顏寶月今(6月27日)出席開幕式時表示，鯨豚的演化歷程令人驚嘆，展現了自然生命的奇妙與韌性。她期盼透過本次特展，引發社會對海洋生態與環境保育的關注，從中拓展視野。
《鯨掘》特展空間視覺以藍色調營造海洋氛圍，從恆春墾丁鵝鑾鼻神社著名的鯨骨鳥居發想，打造入口意象，象徵觀眾將踏上一段時空交錯的「鯨」奇之旅。展覽共分為5大單元：「臺灣的前世今生」、「化石寶庫」、「鯨生鯨世」、「新白鯨記」、「而鯨而後」，從地質、古生物、文化歷史到當代海洋環境等面向，深度剖析鯨豚與臺灣的緊密關聯。
這次策展團隊特別在展場內打造一間化石清修展演室，展期間安排專業清修師駐點，持續清理這具長達18公尺的鯨魚化石。觀眾可透過玻璃櫥窗近距離觀察古生物化石的清修實況，並藉由一連串「牠生存在什麼年代？怎麼死亡的？屬於什麼物種？幾歲了？為什麼會在這裡？」的科學提問，進一步探索古鯨背後的時代故事。
臺灣周邊海域紀錄顯示有超過30種鯨豚在此繁衍生息，是全球鯨豚多樣性的重要棲地。過去海洋保育教育多聚焦在現代人類活動對鯨豚的影響，這次特展則將時間軸拉長至10萬年前，揭示恆春西台地曾是數以萬計鯨豚的長眠之地，也反映此區自古以來即為鯨豚洄游與棲息的重地。以多樣性角度來看，鯨豚化石類群對比於現生物種，增添了灰鯨科、露脊鯨科這些目前未在臺灣海域有科學紀錄的種類，讓我們得以一窺過往海洋的樣貌。
在文化層面上，鯨豚經常與自然力量、傳說信仰連結，扮演重要角色。這次特展不僅從地質學、生物學角度出發，也透過文化、民俗與歷史視角，傳遞鯨豚之於臺灣的重要性。觀眾可在「新白鯨記」單元中一覽臺中考古遺址出土帶的人工刻劃痕鯨豚骨、恆春史前文物、大板埒捕鯨文書等，並回顧恆春南灣曾為捕鯨基地的歷史，以及史前文化中鯨豚資源的利用。
特展特別攜手優必達台灣有限公司，導入「全臺首創AI智慧導覽系統」，結合輪式機器人與虛擬人技術，以語音互動引導參觀、講解鯨魚演化故事，增加觀展沉浸感與互動性。展場還設置一座沉浸式科技藝術劇場，邀請國立臺北教育大學藝術與造形設計學系李炳曄副教授聯手打造，運用環場投影、新媒體藝術，演繹鯨魚從誕生到鯨落的生命循環，同時帶出海洋污染與生態破壞議題，引導觀眾反思人類與自然的關係。
此外，科博館今年再次攜手親子天下，推出實境解謎遊戲「達克比勇闖海洋風暴」，《鯨掘》展場在遊戲中化身為期間限定關卡，玩家可解鎖獨家劇情，體驗更完整的海洋探索任務。特展期間亦將舉辦「化石獵人」營隊活動，帶領民眾前往化石寶庫產地，實地感受化石挖掘的樂趣與挑戰。
《鯨掘》特展即日起至2026年5月3日於科博館第四特展室展出，期待透過這具沉睡萬年的古巨鯨，再次開啟人們對土地、海洋的深度探尋，共同思索我們與自然之間的永續關係。"
https://artemperor.tw/tidbits/18428,台灣，南投縣,中台世界博物館【一瞬一旅館藏佛塔經幢特展】中台世界博物館 館藏佛塔經幢特展,https://d2onjhd726mt7c.cloudfront.net/images/datas/000/118/372/gk5o8mqjuyfqiw84xpzrntyngqsin9t7_800x420^.jpg,2025-07-29 ~ 2026-05-24,南投縣埔里鎮中台路8號,https://lihi.cc/V7fHD,中台世界博物館,"「人生如逆旅，我亦是行人。」生命無常，於宇宙間猶如一瞬，但每一瞬間都是不可重來的精彩旅程。
如果生命會無盡流轉，此期終了將去往何方？在這一瞬之旅，我們如何把握當下，又如何好好道別？佛教以「緣起」說明生命和宇宙萬物之間，相互交織、彼此影響，生滅循環如同輪轉。這樣的觀點浸潤著建築與造像藝術，無論是象徵不生不滅的佛塔、記錄修行者行誼的塔銘，還是為生者、亡者滅罪增福的經幢，都展現出對生命的關懷與智慧，蘊藏豐富的文化內涵。
此次展覽將館藏造像、塔銘、佛塔與經幢，分成四個單元：一、法界緣起；二、銘記於世；三、永恆之道；四、善住之願。以「覺者的生命教育」為核心，從「生、死和世界的關聯」到「如何面對生命的無常和懷念」，接著思考「無常中是否有永恆的存在」以及「如何把握當下」，探索覺者的生命領悟與實踐，如何超脫生死的束縛。邀請觀者在佛塔與經幢間，踏入流轉不息的世界，凝視古老的銘刻，窺見古人如何回應生命課題，啟發對我們自身的省思——如何安住於現世、善生於未來。
展覽結合手作裝置與情境體驗，搭配工作坊、講座等多元活動，讓觀眾在參與中認識塔幢的歷史與美學，開啟一場與生命的對話。
■ 展覽資訊 ■
一瞬一旅：館藏佛塔經幢特展
展 期｜2025年07月29日(二)-2026年05月24日(日)  09:00-17:00
（週一休館，連假開館時間請留意官網公告）
地 點｜本館3F特展室301B/302B（南投縣埔里鎮中台路8號）"
https://artemperor.tw/tidbits/17924,台灣，苗栗縣,苗栗縣苗北藝文中心【模樣萬千】生物模型創作聯展,https://d2onjhd726mt7c.cloudfront.net/images/datas/000/116/330/3o913n41rhceg8f70by52od884vuww3x_800x420^.jpg,2025-04-03 ~ 2026-06-01,苗栗縣竹南鎮公園路206號--苗北藝文中心,https://www.miaobeiac.org/mod/course/index.php?REQUEST_ID=SAJTHC1UVXxKWXA2XS9BWQxbBEg,李永丞、楊書瑋、陳捷璘、陳旭暉、黃御欽、江允中、李子奇、胡紹宗、賴奕辛、張瑞山,"本次在苗北藝文中心的「模樣萬千—生物模型創作聯展」集結台灣多位傑出生物模型藝術創作者，以熱情與創意呈現古今中外生物的多樣面貌。展覽涵蓋古生物如恐龍、現生動物及奇幻生物創作，展現生物世界的多元魅力。創作者從自然汲取靈感，運用精湛雕塑技藝與獨特視角，細膩再現生命動態與細節，表達對自然的熱愛與敬意。
展覽以生物模型藝術為主軸，融合真實與想像，呈現創作者的獨特風格與技藝。從遠古恐龍到當代動物，再到奇幻生物，作品帶領觀眾探索自然與藝術交融的魅力。本展旨在喚起對自然世界的讚歎與反思，邀請您走入充滿生命力與想像力的模型世界，體驗生命的奇蹟與自然的可能性，並帶領觀眾從真實走向奇幻，探索自然與藝術交融的魅力。"
https://artemperor.tw/tidbits/18932,台灣，高雄市,金馬賓館當代美術館【Dust ＆ Gold 塵與金】藤村真、道川省三雙個展,https://d2onjhd726mt7c.cloudfront.net/images/datas/000/120/802/f4eb5v5z7pdf9416g17x7acmpb40h69k_800x420^.jpg,2025-09-28 ~ 2026-08-30,金馬賓館當代美術館（高雄市鼓山區鼓山一路111號）,www.alien.com.tw ,藤村真、道川省三,"當代藝術形態的發展觀察，一直是金馬賓館當代美術館策展著重的面向。2025 年以「材質」為策展脈絡，繼年初上檔《天穹之眼》展覽，提出「材料✕智慧」應用於生活的型態，從智能材料擴張感知後，今秋再推《Dust and Gold 塵與金》展覽，關注「材質✕生態」，體現回到土地與礦物的倫理實作，從微觀的礦物、土壤肌理，到藝術家藤村真（Makoto Fujimura）與道川省三（Shozo Michikawa）的創作行動，經由藝術家的視野，看見「材質」不只是創作媒介，而是一種思考世界的方法。
策展人邵雅曼說：「從 2025 年倫敦設計雙年展以『Surface Reflections』為總題，以礦物、紙、菌絲等為敘事主角，到倫敦 Tate Modern、紐約 Guggenheim 相繼推出聚焦於當代藝術中物質如何被使用與表現，在這樣一個國際座標下，我們邀請觀者把每一件作品視為可被閱讀、修復與再生的材料地圖，從來源、使用到以藝術行動建立文化生態，重新思考人與物、技術與生態的關係。」
《Dust and Gold 塵與金》是當代抽象表現主義藝術家藤村真與陶藝雕塑家道川省三首度在台灣的大型展出，展件橫跨 1992-2025，涵蓋繪畫、聲音裝置與陶藝雕塑。由館長邵雅曼發起兼策展，邀請獨立策展人李晏禎共同策劃、藝術史學家張志龍擔任學術主持，展期分為兩部曲 ——《光之篇章》2025.09.28 (日) – 2026.04.06 (一) 及《力之篇章》2026.04.15 (三) – 2026.08.30 (日) ；《光之篇章》邀請觀者從「光如何誕生」看見修復的可能，《力之篇章》則從「力如何成形」引領觀者探索作品背後的手勢與時間的姿態；藤村真以礦物與金箔的緩時層疊，回應修復與希望；道川省三以陶土扭切與火痕，呈現大地勁道與無常之美。展覽下半場《力之篇章》的開場行動，更將由舞踏藝術家胡嘉以舞踏導入「身體慢觀」的視角，在材質、身體與時間的對話中，讀取塵與金的內涵 —— 從裂縫修復的視覺語彙昇華至文化修復的實作精神。
藤村真以精神高度和思想深度著稱，作品融合東方與西方藝術的內在特質，主題含括動盪世界的修補與再造，歌詠生命的寧靜與綻放。藉由礦物媒材的緩時運用，展現內斂多彩的精緻美感。其作品多次在北美、歐洲和亞洲展出，在國際藝術文化圈備受敬重。2003 至 2009 年，曾受美國總統邀請，擔任國家藝術委員會委員，為藝術政策提供諮詢和建議，並參與國家藝術獎章得主的推薦評選。道川省三為享譽國際的陶藝雕塑家，作品展現翻騰螺旋的舞動紋理，擺脫框架而饒富韻味，洋溢著大自然旺盛的生命力，兼具藝術與實用價值。累積 45 年的技巧磨練，在拉坯輪前快速的拉拋雕切，產生不斷變化的新形態，被讚譽為魔幻式的行為藝術。作品遍佈英國、法國、義大利、日本、德國、美國等數十間美術館、博物館，更在世界各地超過 50 場的特展中，擁有高達二十多部作品專書之出版。
兩位藝術家在創作媒材、特徵與藝術哲學上帶來引人思索的對話意趣。藤村真以天然礦物顏料反覆上色、層層堆疊，呈現金屬光澤與靜謐流動感，帶來富有靈性與時間的層次。道川省三則以「扭轉」與「自然崩解」為創作方式，利用速度呈現土壤雕塑強烈的動態與偶發的自然痕跡。在藝術哲學上，兩位對材料均有一份衍生的態度 —— 藤村真珍視材料的靈性，將創作視為時間的沉澱與恩典的彰顯；道川省三藉土壤與動力學引導對話，讓自然意志超越人為操作。
策展人邵雅曼感性說道：「每一次策展，我都問自己，為何而策？如同藤村真深信藝術家理應餵養人的靈魂、道川省三的作品賦予罹癌者克服病魔的力量，美術館存在的意義也是如此。兩位藝術家的作品型態所帶來的視覺意識，不僅在現今動盪不安的社會氣氛中帶來修復的生機，藤村真更透過藝術，傳承越來越稀少的礦物材質，並以己之力，透過自創組織關注人道救援，發揚藝術的人文價值，而道川省三亦藉由主辦國際雙年展匯集藝術家，為人口外移的城鎮注入新生，使藝術成為凝聚人心的文化載體。藉由展覽來促成藝術行動的善循環，是構成策展背後的動力之一。」
藝術座談｜2025.9.26 (五) 13:45 - 14:30｜金馬賓館當代美術館 3F 方冊
由金馬賓館當代美術館館長暨《塵與金》展覽發起人與策展人邵雅曼，偕巴塞爾藝術展台灣貴賓代表暨共同策展人李晏禎主持，參展藝術家藤村真與道川省三，及藝術史研究家、文學評論家暨《塵與金》學術主持張志龍共同與談，話題將從展覽發起的背景開始，談策展思維與空間建構，接續從藝術史、材料、精神性到創作經驗，描繪出《塵與金》的面貌輪廓。希冀自「塵」所象徵的無常與日常，及「金」所象徵的信念與光之間，啟發人對生命、時間與信念的體悟，並將體悟帶到生活中，持續迴響。
展覽資訊
展覽名稱｜Dust ＆ Gold 塵與金—藤村真、道川省三雙個展
展出地點｜金馬賓館當代美術館一樓
展覽期間｜
《光之篇章》2025.09.28 (日) – 2026.04.06 (一)
《力之篇章》2026.04.15 (三) – 2026.08.30 (日)
策展人｜邵雅曼、李晏禎
學術主持｜張志龍
策展團隊｜金馬賓館當代美術館
展覽協力｜永添藝術、ALIEN MODE、正藝國際、財團法人卓越藝術傳播基金會
文化夥伴｜然一酒店、高雄市立美術館
聲響藝術｜沖田純之介、 陳麗娟
清酒合作｜鷹之目、威登酒藏
特別感謝｜連振宇、高熊音樂、御盟集團，以及展期間參與跨域演出的音樂家與舞蹈家"
https://artemperor.tw/tidbits/18770,台灣，台南市,國立臺南生活美學館【?迌物】遊戲與生活美學,https://d2onjhd726mt7c.cloudfront.net/images/datas/000/120/097/681cgwqjnscw6pm07ndj6tkzi5nlmxs2_800x420^.jpg,2025-09-26 ~ 2026-08-30,國立臺南生活美學館（臺南市中西區中華西路二段34號）,https://www.tncsec.gov.tw/Default.aspx,王德瑜、陳宣誠-共感地景創作、李維睦、吳沛宸、周建和-街頭物理工作室、阿伯樂戲工場、臨書楷、張恩慈、曾偉豪、黃子欽、黃千倫、葉成仁、楊雨樵、楊思菁、楊雅嵐、蕭聖健,"回到日常的藝術實踐，將美學館化身為一個當代生活文化的實驗場。
物件創作 ╳ 身體表演 ╳ 音聲表達 ╳ 光影遊戲
由策展人吳瑪悧教授規劃，本次遊戲展匯集18位藝術家與遊戲相關的作品與裝置，並由跨齡、跨世代及青少年民眾參與22場工作坊，共同創作完成展出。開幕以物件劇場揭幕，展現遊戲與藝術的創造性連結，也呼應『生活美學就在時刻的玩興中』的策展理念。展覽邀請觀眾在互動、感官與想像之間穿梭，體驗藝術如何融入日常片刻，轉化為一場場有趣且啟發思考的生活遊戲。
✧ 展覽資訊✧
｜時間｜2025/9/26（五）—  2026/8/30（日）09:00-17:00(週一休館)
｜開幕｜114年9月26日(五)上午10點
｜地點｜本館第二、第三展覽室"
https://artemperor.tw/tidbits/18986,台灣，台北市,北投中心新村【永不退場 : 從軍眷球場到全民的籃球傳奇】,https://d2onjhd726mt7c.cloudfront.net/images/datas/000/121/039/j0j3yfxlvhqm74cgyz5vtr4hhudugckw_800x420^.jpg,2025-09-26 ~ 2026-08-30,北投中心新村（臺北市北投區新民路22巷9號）,https://www.tncsec.gov.tw/Default.aspx,王德瑜、陳宣誠-共感地景創作、李維睦、吳沛宸、周建和-街頭物理工作室、阿伯樂戲工場、臨書楷、張恩慈、曾偉豪、黃子欽、黃千倫、葉成仁、楊雨樵、楊思菁、楊雅嵐、蕭聖健,"本展循著田野調查與歷史檔案，從七虎籃球場出發，重溫一場場奔馳於水泥場上的籃球夢，探索籃球如何成為軍民共享的記憶媒介，也牽引我們回望著眷村，以及臺灣籃球歷史的文化舞台。
指導單位｜臺北市政府文化局
主辦單位｜財團法人台北市文化基金會、北投中心新村
執行單位｜大寬文化有限公司
協力單位｜庄頭文化工作室
北投中心新村  小檔案
北投中心新村是國防部通過全臺13處眷村保存區之一，也是目前臺北市少數規模完整、唯一擁有溫泉公共浴室的軍醫眷村，「三軍總醫院北投分院」的發展息息相關，加之完整保存不同時期之眷舍建築類型，揉合北投特有的歷史脈絡、溫泉文化與生活記憶，使中心新村成為北投重要的歷史現場。2016年中心新村眷戶已全數遷村至康莊社區，由臺北市政府文化局啟動修復工程。2021年由財團法人台北市文化基金會進駐營運，策辦展演及教育推廣活動，以推動聚落空間再利用與眷村文化保存，同時串聯新北投周邊自然與人文景點，活化社區及在地文史資源，展現北投多元豐富的社區故事。"
https://artemperor.tw/tidbits/18987,台灣，台北市,北投中心新村【心窗閃爍微光印象的相憶之窗】,https://d2onjhd726mt7c.cloudfront.net/images/datas/000/121/040/5d6arn4yzcmcj8947aharcq2sopevzjb_800x420^.jpg,2025-09-26 ~ 2026-09-27,北投中心新村（臺北市北投區新民路22巷9號）,https://www.tncsec.gov.tw/Default.aspx,王德瑜、陳宣誠-共感地景創作、李維睦、吳沛宸、周建和-街頭物理工作室、阿伯樂戲工場、臨書楷、張恩慈、曾偉豪、黃子欽、黃千倫、葉成仁、楊雨樵、楊思菁、楊雅嵐、蕭聖健,"本展為《心窗》系列展覽的最終章，聚焦在7處眷村（大屯新村、健行新村、華夏一村、福興新村、實踐一村、慈光五村、婦聯三村）的歷史與沿革，透過新完成的眷戶故事箱，一窺眷戶燦爛的故事與回憶，也為下一段尚未書寫的眷村故事，點亮一縷微光。
指導單位｜臺北市政府文化局
主辦單位｜財團法人台北市文化基金會、北投中心新村
執行單位｜山峸製作設計有限公司
協力單位｜玖博藝文有限公司、客氣影像製作
北投中心新村  小檔案
北投中心新村是國防部通過全臺13處眷村保存區之一，也是目前臺北市少數規模完整、唯一擁有溫泉公共浴室的軍醫眷村，「三軍總醫院北投分院」的發展息息相關，加之完整保存不同時期之眷舍建築類型，揉合北投特有的歷史脈絡、溫泉文化與生活記憶，使中心新村成為北投重要的歷史現場。2016年中心新村眷戶已全數遷村至康莊社區，由臺北市政府文化局啟動修復工程。2021年由財團法人台北市文化基金會進駐營運，策辦展演及教育推廣活動，以推動聚落空間再利用與眷村文化保存，同時串聯新北投周邊自然與人文景點，活化社區及在地文史資源，展現北投多元豐富的社區故事。"
https://artemperor.tw/tidbits/9135,台灣，台北市,國立臺灣博物館【發現臺灣-重訪臺灣博物學與博物學家的年代】Discovering Taiwan: Re-visiting the Age of Natural History and Naturalist of Taiwan,https://d2onjhd726mt7c.cloudfront.net/images/datas/000/074/352/h42plf84ordn1sg2916rd21peumfzerk_800x420^.jpg,2017-11-21 ~ 2026-12-26,國立臺灣博物館本館 - 三樓東展間、三樓西展間,https://www.tncsec.gov.tw/Default.aspx,王德瑜、陳宣誠-共感地景創作、李維睦、吳沛宸、周建和-街頭物理工作室、阿伯樂戲工場、臨書楷、張恩慈、曾偉豪、黃子欽、黃千倫、葉成仁、楊雨樵、楊思菁、楊雅嵐、蕭聖健,"「臺博館新世紀常設展首部曲—發現臺灣」是國立臺灣博物館(臺博館)21世紀以來首度推出的全新常設展，同時也是本館預定陸續推出的三場常設展中之「首部曲」。作為臺博館新世紀常設展的「首部曲」，本展覽將時間回溯至臺博館的源起，也就是一百多年前，當時稱為「臺灣總督府博物館」初創立的20世紀初，臺灣博物學與博物學家擅場的「發現年代」，重新審視那些奠定今日臺博館收藏基礎、形塑臺博館風貌的博物學發現、發現者、與發現傳統。因此，這不是一部介紹臺灣自然世界的博物學展覽，而是一個回顧臺灣自然世界是如何被近代博物學所「發現」的展覽。故展名為「發現臺灣」。
「發現臺灣」內容主要分為三大主題單元：發現之道、臺灣新象、過去的未來。"
https://artemperor.tw/tidbits/11153,台灣，台北市,國立臺灣博物館【博物臺灣常設展 Exploring Taiwan】臺博館新世紀常設展第三部曲,https://d2onjhd726mt7c.cloudfront.net/images/datas/000/085/760/cwb6av5r513eqvfxszwyvl7uydzwjpnf_800x420^.jpg,2021-02-27 ~ 2026-12-31,臺北市中正區襄陽路2號,https://www.tncsec.gov.tw/Default.aspx,撒古流、陳敬寶,"「博物臺灣」常設展所在的二樓東、西展廳，位居臺博本館最軸心的區位，傳統上這兩間展廳是常設展的主要空間。從日本時期的「臺灣總督府博物館」、經歷戰後的「臺灣省立博物館」，到目前的「國立臺灣博物館」，都以展出代表館藏特色、反映臺博館主要關懷的展示，可說是臺博館的「門面」及代表博物館定位的展示。
「自然臺灣」以臺灣這座島嶼的環境與生命為主角，描述過去、現在、未來所展現的生命樣貌，以及生命與環境互相擾動交融的現象。展示脈絡分別以四個面向展開，「亙古紀實」嘗試回溯時間軸上臺灣島的樣貌，並以化石標本描繪遠古生命的樣態。「島嶼地貌」以影像瀏覽及多媒體互動的方式，收納臺灣的地理特色、環境條件，與這個年輕島嶼在立體空間上所呈現的各式地形與地貌。「生態走讀」透過各類生物標本與圖像，展示生物多樣性、臺灣特有及以臺灣命名的生物、不同生態系中最具代表性的生命故事。「變動續曲」則以環顧的視野，呈現自然環境給予人類的維生資源，並透過「生命之歌」藝術裝置、「生聲不息」聲景裝置、臺灣雲豹及黑熊銅雕象徵鏈結過去、構築永續的未來，經由視覺、聽覺、觸覺體驗開啟觀者對臺灣的多元理解，深思環境永續的議題。
「浮生臺灣」意在強調本展的主角：古往今來臺灣的芸芸眾生，以及他（她）們在各自時空所留下的浮光掠影。浮生臺灣的故事，分別以四個主題展開，「時代印記」以時間為經，文物為緯，交織串聯不同時代的文物故事，勾勒出館藏文物裡的臺灣故事。「何以為家」不以個別的館藏品呈現臺灣人的「家」，而是透過藝術家撒古流與陳敬寶的作品，勾勒臺灣人多樣家庭形式的一些面相。「神靈世界」透過臺灣原住民與漢民族對超自然世界的信仰，與現世生生不息的關係，呈現臺灣人神靈世界的切面。「相遇生根」強調臺灣作為一個歷史上不同來源的人群長期相遇聚合，彼此互動下的結果。
這是關於臺灣與臺灣人的故事，透過臺博館百年的蒐藏來陳述。以此為家的生物與人們，在這個島嶼上共同生活，也一同吟唱一首生命之歌「生聲不息」，是否得以永續的唱和，端看我們的反思與具體行動。展覽透過標本、模型、影像、聲音及藝術裝置等具象或抽象的軟硬體展示，從時間與空間等多元視角觀看臺灣環境與生物的交互關係，形成一個在臺灣時間串流上不斷演出的生命互動故事。在這個故事裡，臺灣歷史在收藏中凝聚成一件件「看得見」的時代印記，臺灣人「家」的形式與意義在結合藏品的藝術創作裡被思考與再現，不同人群的信仰與神靈觀在博物館物件裡呈現而反思，最後，成就了這不同人群在此相遇、互動而生根的浮生故事。這是一個臺灣博物館裡的臺灣故事。"
https://artemperor.tw/tidbits/18625,台灣，台北市,臺北表演藝術中心【「親．建築」計畫】高德亮《晚風》,https://d2onjhd726mt7c.cloudfront.net/images/datas/000/119/464/n8u7tzkllyfr3jgd5c4r2se36w1ig3x9_800x420^.jpg,2025-07-24 ~ 2026-12-31,臺北表演藝術中心（臺北市士林區劍潭路1號）,https://tpac.org.taipei/,高德亮,"▐ 作品介紹
⼤量垂掛的尼龍線佔據了半⼾外廣場的上⽅空間，在風、建築氣流與⼈的⾏進之間產⽣細微⽽無序的擺動，在氣流中展現出柔軟⽽不確定的特質，線材時⽽纏繞、錯身、又鬆開，結構在每⼀次空氣流動中暫時成形，再悄然消散。
這些⼯業製成的線材本為穩定、⼯業化的⼈⼯產物，隨著時間推移，原本緊捲的尼龍線逐漸鬆開，慢慢下垂，呈現出⼀種近乎無聲的沉降。這些變化不為⼈察，卻不斷發⽣，像是某種隱微的時間刻痕，被物質記錄在⾃身形體之中，本來無機的⼈造物體在開放空間中獲得了某種近似⾃然變化般的動態。
穿越其間的⽔平雷射光原為定位與測量之⽤，它們筆直⽽精準，嘗試以科學⼯具去「測量」這個總在變動的空間。當它們照向這些不斷變動的線體時，準確與模糊、穩定與游移，開始產⽣某種微妙的拉扯。光無法如預期般標定位置，細碎的光點像是⼀道浮動的空氣紋理，讓這些細微的變動被看⾒、被感知，暗⽰著物質隨時間⽽流變的詩意想像。
作品所處的空間，是由雷姆．庫哈斯與大衛．希艾萊特設計的臺北表演藝術中⼼⼀樓，⼀座被抬升的開放廣場，⼀個城市中供⼈⾃由穿梭、暫留與停頓的共⽤空間，也是⼀個宏觀尺度的都市⼤廳。⽽《晚風》以細密的尼龍線介入這個尺度，將微觀的風、光與晃動引入其中，使⼈們在巨⼤的空間中能以另⼀種尺度感受身體所在之處，讓身體與空間之間產⽣幽微卻詩意的感知經驗，邀請觀眾⼀同完整⼀段難以預演的即興展演，像風⼀般的⾃由，於此地⾃由穿梭。
▐ 展覽論述
「親．建築 」計畫由策展人黃偉倫策劃，邀請視覺藝術家回應場館獨特的建築語彙與其所處城市肌理。計畫以建築本體為創作場域，轉化公共空間為感知與關係的載體，讓日常場域生成新的觀看與互動方式。
首件作品為藝術家高德亮的《晚風》，大面積蜷曲的尼龍線暫置臺北表演藝術中心入口上方，入夜亮起測量用之水平雷射光，紅外線在尼龍線圈上軟化為游走的光點，成為周遭氣流動作生命的證明，身處作品下我們似乎獲得了繁星點點的紅色夜空，遠處望來作品卻又像為士林夜市旁加了獨有的小夜燈，交織出動態參與的空間體驗，使雷姆．庫哈斯與大衛．希艾萊特的建築成為日常生活中流動的劇場，也讓市民成為這座公共空間的即時主角。
▐ 藝術家介紹
高德亮 （右）
⽣活與⼯作於臺北，致⼒於光藝術、空間與地景裝置，創作媒材多元。作品結合建築空間的佈局與⾝體感知，透過觀察與捕捉空間中的既存元素，轉化為創作的材料，藉由光線、⼈與物的詩意互動，以及對環境的測量，探索觀者對於⾃⾝的存在與想像。
2015 實踐大學建築設計系（B.Arch）
2021 國立臺北藝術大學-新媒體藝術系（M.F.A.）
▐ 策展人介紹
黃偉倫（左）
草率季創辦人，對於創意產業的經營策略和藝術策展有深度著墨，企劃始終具有野生、率性的氣息，自然地納入具創造性的材質實驗與次文化的拼接。
▐ 展覽時間
2025.07.24 開展
每日晚上8:00至凌晨01:00
▐ 基本作品資訊
《晚風》
材質：尼⿓線、⽔平雷射光、動⼒機構模組
年代：2025
尺⼨：27 x 21 x 3 ⽶
藝術家 高德亮
策展人 黃偉倫
臺北表演藝術中心委託創作"
https://artemperor.tw/tidbits/17683,台灣，台中市,國立臺灣美術館【再現席德進眼中的歷史場域】線上展,https://d2onjhd726mt7c.cloudfront.net/images/datas/000/115/452/k3q92896doqmg9plt37lrsts62ivxukw_800x420^.jpg,2024-12-24 ~ 2026-12-31,線上展,https://shiydj.ntmofa.gov.tw/masonry,席德進,"「席德進眼中的歷史場域」線上展覽，帶領觀眾透過席德進的繪畫，走進臺灣傳統建築的文化。本次展覽以席德進的建築寫生為核心，精選215件經典之作，並以「藝文場館科藝創新計畫」的支持為基礎，運用數位科技增加藏品價值，展現席德進對古建築研究與保存的重大貢獻。
國美館長陳貺怡表示，國美館自十年前便積極探索科技與藝術的結合，並在疫情時期更加深刻體會到線上展覽的價值與必要性。線上展覽不僅能跨越時間與空間的限制，讓觀眾無需親臨現場即可欣賞精采的藝術品，更以新的展示方式為觀眾帶來了豐富的藝術體驗。本次線上展覽聚焦於席德進關於臺灣傳統建築的畫作，展覽中的作品，雖以數位方式呈現，但依然能夠帶給人強烈的情感共鳴。陳館長進一步提到，席德進的這批關於臺灣傳統建築的畫作，從構想到現場踏查寫生，無不展現其對保存臺灣文化資產的深切關懷與努力。此次展覽將透過展示技術與互動設計，為觀眾呈現作品的多重詮釋，並提供觀眾與作品之間互動的機會，進一步增進對這些作品的理解與感動。
策展人李乾朗教授在成果發表會現場更進一步分享席德進日常音樂喜好，也表示與席德進父子般兩個世代的往來和溝通，很多是在建築文化的交流上。評審委員楊永源教授表示，席德進留下非常多關於建築的作品與文獻，過去較欠缺全面且地圖式的整理研究，透過席德進的日記，以及和席德進在杭州藝專的好友翁祖亮的訪談，得以更完整的將席德進對建築文化的觀察研究進行爬梳與推廣保存。
席德進於1948年來臺，憑藉對臺灣自然風貌與人文風情的深刻體察，融合傳統文化元素與當地特色，形成了他獨特的藝術風格。1966年他自歐洲遊學創作返臺後，更是以極大的熱情投身於鄉間巷弄的觀察與紀錄，創作出大量描繪臺灣傳統建築的作品。這些作品不僅忠實呈現了臺灣的歷史場域，更反映出席德進對鄉土文化的深厚情感與古老建築物的保存理念。
此次典藏精品展規劃「藝術風格演變」、「建築繪畫詮釋」以及「傳統保存觀點」三大主題，透過精選數位典藏作品的多媒體呈現，讓大眾從更寬廣、豐富的角度認識席德進與其作品特色。展覽特別邀請和席德進具有亦師亦友關係的李乾朗教授作為策展人，解析席德進創作過程與理念，並挑選30幅代表性畫作，運用AI視覺演算進行全新的詮釋。觀眾將能近距離欣賞畫作中古建築的細節、筆觸與色彩變化，並體驗席德進筆下歷史場域的生命力與文化厚度。
本次展覽運用數位科技重新展現對席德進作品風貌的記憶，打破時間與空間的限制，讓觀眾穿梭於藝術與歷史的交匯點。展覽不僅是數位轉譯應用，更是挑戰傳統展覽模式，體現了藝術與科技共融的發展。
「席德進眼中的歷史場域」線上展覽即日起正式上線，邀請您親身感受席德進眼中充滿生命力的作品歷史場域，共同見證臺灣傳統建築之美與文化價值的永恆意義。"
https://artemperor.tw/tidbits/18412,台灣，台南市,Be Art Store【99隻狸】江鳳娌枯筆/絹印版畫特展,https://d2onjhd726mt7c.cloudfront.net/images/datas/000/118/284/ni3w1iive74oz2rqwaosuuhfx3a5rqfc_800x420^.jpg,2024-09-17 ~ 2026-12-31,台南市中西區忠義路二段1號(府前路側),https://be-art-store.weeblysite.com/,江鳳娌,"99隻狸來自大雪山，整天愛嘻笑奔跑，從這山到那山
像穿梭山裡的微風、翱翔天空的老鷹、笑聲清亮的溪水聲
99隻狸沒能擁有一座山，
當然也就沒有一座山能夠困住任何一隻狸，
每隻狸有自己獨特的個性，誰健忘誰愛哭愛笑誰都好可愛
喜歡每天一點點的不一樣，更喜歡彼此最初的模樣
百分百不會是狸的目標，
因為她知道，永遠還有一個樣子，她想去追求去探索
99隻狸，永遠在奔跑的路上。
江鳳娌作品使用各式取自大自然的筆繪製原稿，再製版，絹印成版畫
紙張特別選用無酸手工紙，四周毛邊呈現，無刀工裁切，
堅持紙張製成最原始模樣，每一張紙都是獨一無二的
大尺寸至日本京都購得（當時台灣買不到這個尺寸）
小尺寸為台灣廣興紙寮製紙。
Be Art Store
營業時間:週二至周日10:00-18:00
地址:台南市中西區忠義路二段1號(府前路側)
電話:06-2215838"
https://artemperor.tw/tidbits/18410,台灣，台南市,Be Art Store【當代＆傳統の版畫Party】日本傳統經典版畫與當代潮流版畫精選特展,https://d2onjhd726mt7c.cloudfront.net/images/datas/000/118/270/2lvcx1ebli2f6komuhyths91prn8aa0y_800x420^.jpg,2025-05-28 ~ 2026-12-31,台南市中西區忠義路二段1號(府前路側),https://be-art-store.weeblysite.com/,草間彌生 KUSAMA Yayoi • 奈良美智 NARA Yoshitomo • 中村萌 NAKAMURA Moi •  村上隆 MURAKAMI Takashi • 岩本正勝 MR. 元永定正 MOTONAGA Sadamasa •  中村綾花 NAKAMURA Ayaka • 杉原幸信 SUGIHARA  Yukinobu •  石部巧  ISHIBE Takuma 杉浦康益 SUGIURA  Yasuyoshi  •  橫溝美由紀 YOKOMIZO Miyuki •  山本麻友香 YAMAMOTO,"日本傳統經典版畫與當代潮流版畫精選特展，於Be Art Store展售中。
Be Art Store offers a collection of items celebrating the essence of ""artful beauty,"" meticulously curated from both domestic and international artists and designers,
showcasing an array of limited-edition peripherals.
Be Art Store
營業時間:週二至周日10:00-18:00
地址:台南市中西區忠義路二段1號(府前路側)
電話:06-2215838"
https://artemperor.tw/tidbits/19020,國際，印度,世界文創產學經貿協會【印度「2026國際慶典藝術大賽暨線上展覽」徵件】Call for Entries「International Fiesta Art Competition ＆ Online Exhibition 2026」,https://d2onjhd726mt7c.cloudfront.net/images/datas/000/121/191/37puwazgn0z57fzuf84r9t8v9so14bd6_800x420^.jpg,2025-10-01 ~ 2026-12-31,"Mirzapur, Uttar Pradesh, India",https://www.ewnews.net/29/3600.html,吳慧蓮、Dr. Rakesh Kumar Chaudhary、Rajiv Kapoor、Sreeja Pallam、Jaspal Singh、Jaspreet Singh、Ayşe Sezer、Keziban Ertuğrul、Abdul Salam Khan、,"印度「2026國際慶典藝術大賽暨線上展覽」徵件
Call for Entries「International Fiesta Art Competition ＆ Online Exhibition 2026」
【記者 吳慧蓮 印度報導】
公開徵件與比賽資訊：
藝術大賽暨展覽目的：
本次藝術大賽暨展覽的主要目標是促進全球藝術合作，為傑出藝術家提供曝光機會，並創造文化交流的平台。透過展出多元類型與媒材的卓越創作者作品，激勵全球新興藝術家與藝術愛好者，激發創作靈感。
展覽形式：
本展覽將採完全虛擬線上形式，無地域限制，方便全球藝術愛好者共同參與。展覽將於專屬線上平台舉辦，以確保全球觀眾皆可便捷瀏覽參與。
一、	競賽名稱：「2026國際慶典藝術大賽暨線上展覽」
二、相關單位：
主辦單位：「印度賓達斯藝術集團」
策展人/創辦人：拉克什·庫馬爾·喬杜里 博士
協辦單位：「世界文創產學經貿協會」WCECA
媒體協辦：八方新聞、E郵報、國際聯合報社…等
品牌大使(台灣)：吳慧蓮
聯絡窗口：
中文郵箱email：wceca@qq.com 或 Line ID：wceca
英文郵箱email：bindaas.artistg@gmail.com
三、媒材項目Categories：
Ａ.平面類 ( 油畫、水彩、水墨、膠彩、壓克力、版畫、電繪、攝影及其它平面類創作 )
B. 立體類 ( 木雕、金工、石雕、紙雕、陶藝、裝置、織品…及其它立體類創作 )
C. 其他藝術相關創作：複合媒材、拼貼藝術、傳統與民俗藝術
四、參賽資格：年滿18歲之全球藝術創作者
五、獎勵項目︰
Ａ. 本次藝術大賽設置10項金獎，獲獎者將獲贈作品目錄、紀念品、證書及獎金。
B. 本次藝術大賽設置10項銀獎，獲獎者將獲贈作品目錄、紀念品、證書及獎金。
C. 本次藝術大賽設置10項銅獎，獲獎者將獲贈作品目錄、紀念品、證書及獎金。
D. 本次比賽將為各類別及類型設置優異獎證書及佳作獎證書，以表彰參賽者的優秀表現。
六、徵件相關時程︰
徵件起訖時間︰2025年10月01日起至2025年11月30日 11:00止
得獎公佈時間︰2026年01月01日
洽詢方式：郵箱：wceca@qq.com 或 Line ID：wceca
七、展出方式及網址：
展覽時間︰2026年01月10日 ~ 2026年01月30日
展覽方式︰線上聯展
參考網址︰Fiesta ART INDIA 2022 INTERNATIONAL ONLINE ART EXHIBITION
https://www.bindaasart.com/copy-of-womens-day-art-exhibition
八、徵件所需資料：(請依照規定格式填寫)
Ａ.填寫報名表，可電子填寫或列印後手動填寫
B. 個人資料：簡歷、藝術家個人照片（僅接受JPEG格式）
C. 作品清冊：
作品須以數位格式提交（僅接受JPEG檔案）
作品為高品質圖片（解析度通常為300 dpi，大小在1至10 MB之間，僅限JPEG格式）
作品圖檔須標示申請人姓名、作品名稱、媒材、尺寸、年份。
D. 繳交競賽費用：
中文參賽者請洽：郵箱email：wceca@qq.com 或 Line ID：wceca
兩件作品報名費用為 50 美元（USD），繳費方式為 Paypal，
帳號為 bindaas.artistg@gmail.com。
E. 參賽者須提供轉帳繳費收據（截圖或收據）
九、條款與細則：
1. 參賽者須於報名表中如實填寫資料，並提交原創藝術作品圖檔。
2. 繳交報名費後，報名方視為有效。
3. 報名資料審核通過後，主辦單位擁有最終參賽資格決定權。
4. 若發現資料不符，主辦單位有權隨時取消參賽資格。
5. 主辦單位得使用通過審核作品之影像作宣傳用途。
6. 參賽者可於不同組別多件作品報名，每件作品均需獨立繳費。
十、評審團：
	本次 Fiesta 藝術大獎的評選過程是一個完全透明的流程，由一群具有成就的藝術家和策展人組成的評審團進行。
	藝術家需在線上註冊並填寫個人資料，通過電子郵件提交作品圖像。資料經審核，並利用Google圖片檢查確認作品非抄襲後，表單方能被本團隊接受並批准。
	經審查，通過本次比賽審核的作品將被存入我們的資料庫，並建立帶有參考編號與詳細資料的評審檔案。作品的高清大幅圖像在移除任何識別藝術家的資訊後，將以數位格式（存於隨身碟中）寄送給評審委員。實體評審表格亦會同步寄出，表格上標示與數碼圖像編號對應的參考號碼。所有參賽作品將依據十項評分標準進行評分，總分為100分。
	每位評審獨立進行評分後，主辦單位會收回評分表和隨身碟，將評分資料輸入Excel表格並彙總。最後依總分排序，選出得獎作品。
	得獎者將透過電子郵件通知。
	獲獎名單及獎狀會送交負責人簽署， BAG 獎狀及獎金將一併郵寄給得獎者。
	所有比賽作品的挑選與獎金分配，全由 BAG 唯一決定。
**********************************************************
Call for Entries「International Fiesta Art Competition ＆ Online Exhibition 2026」
Competition ＆ Submission Information：
Objective:
The primary goal of this exhibition is to foster global artistic collaboration, provide exposure to eminent artists, and create a space for cultural exchange. It will also serve as an inspiration for emerging artists and art enthusiasts worldwide by showcasing works from distinguished creators across various genres and mediums.
Event Format:
This will be a fully virtual exhibition, allowing for widespread participation without geographical limitations. The exhibition will be hosted on a dedicated online platform, making it accessible to a global audience.
Competition Name：「International Fiesta Art Competition ＆ Online Exhibition 2026」
Associated Organizations：
Organizer：Bindaas Artist Group, India
Curator / Founder：Dr. Rakesh Kumar Chaudhary
Co-organizer：World Culture Exchange ＆ Commerce Association, WCECA
Media Partners：8 New、Ewnews、IAP, etc.
Brand Ambassador ( R.O.C. / Taiwan )： Anasha (Wu, Hui-Lien )
Registration Window：
Chinese email：wceca@qq.com or Line ID：wceca
English email：bindaas.artistg@gmail.com
Participation Categories：
Painting, Drawing, Printmaking, Sculpture, Digital Art, Photography, Mixed Media, Collage, Traditional ＆ Folk Art
Application Requirements：
Any Artists from around the world above the age of 18 are eligible to apply for the contest.
Awards:
10 Gold Awards (Catalogue + Momento + Certificate + Cash Prize)
10 Silver Awards (Catalogue + Momento + Certificate + Cash Prize)
10 Bronze Awards (Catalogue + Momento + Certificate + Cash Prize)
Merit certificates and Honorable Mention certificates per category and genre.
Relevant Time︰
Submission Deadline︰30th November 2025
Result Announcement︰1st January 2026
Contact Window：
email：wceca@qq.com or Line ID：wceca
email：bindaas.artistg@gmail.com
Exhibition Format ＆ URL：
Group Online Exhibition Dates: 10th January 2026 to 30 January 2026
For past exhibition details, please visit︰
https://www.bindaasart.com/copy-of-womens-day-art-exhibition
How to Apply：
Ａ. Complete the filled registration form by Digitally or fill manually after taking a printout.
B.  A brief CV and an Artist’s Profile Photograph (only in JPEG file) are required for submission.
C.  Artworks are to be submitted in digital format (only in JPEG files).
Artworks should be of good quality (300 resolution, size between 1 to 10 mb (only in JPEG files).
Each artwork file must be labeled with the following information: artist’s name, artwork title, medium, size, and year of creation.
D.  Make your payment of the competition fee：
50$ For two artworks by Paypal at bindaas.artistg@gmail.com
E.  Participants are requested to send the registration fee transfer receipt (screenshot/receipt slip)
Terms and Conditions：
1. It is mandatory for the participants to fill up the correct information in the form along with their original work of art.
2. The entry shall be considered valid only after the entry fee is deposited.
3. The entry shall be approved after verifying the information in the form. BAG has the sole right to confirm/reject the entries.
4. BAG shall disqualify an entry at any stage of the contest if any discrepancy in information is observed.
5. BAG shall be allowed to use the image of the artwork of the approved entries for promotional purposes.
6. Artists can make multiple entries in different categories. He/she shall have to treat each entry as separate and pay a fee for each entry.
JURY：
	The Fiesta Art Award selection process is a completely transparent process undertaken by an accomplished panel of artists and curators.
	Artists register and fill in their profile details online by email and send their artwork image. The details are then checked, and Google image-check is used to verify that it is not a copy. Following this, the form is accepted and approved by our team.
	The artworks thus approved are stored in our database, and judging files are created with the reference number and details. A large image of the artwork is sent to the judges in digital format (in a pendrive) after removing any identifying information of the artist. Along with these images, physical judging sheets are sent, marked with reference numbers corresponding to the numbers on the images. The entries are scored on 10 evaluation parameters, resulting in a score of 100.
	Each judge does the evaluation independently, and the sheets and pen drives are then collected from them, and the scoring data is entered into an Excel sheet and compiled. The awardees are then selected by sorting the total scores on the computer.
	The grant awardees are informed by email.
	The list of grant winners and award certificates is then sent to the respective Patrons’ heads to sign. This certificate goes to the award winner along with the BAG Award certificate and the grant amount details.
	The selection of the artworks for a contest and the grants remains solely at the discretion of BAG and BAG only."
https://artemperor.tw/tidbits/18970,台灣，新北市,朱銘美術館【木雕修護101】,https://d2onjhd726mt7c.cloudfront.net/images/datas/000/120/975/u6rqeh26bjgwk8mi6beomhk690aspn1q_800x420^.jpg,2025-10-04 ~ 2027-01-03,208新北市金山區西勢湖2號（朱銘美術館 本館）,https://www.juming.org.tw/mainssl/modules/MySpace/BlogInfo.php?xmlid=375846,吳慧蓮、Dr. Rakesh Kumar Chaudhary、Rajiv Kapoor、Sreeja Pallam、Jaspal Singh、Jaspreet Singh、Ayşe Sezer、Keziban Ertuğrul、Abdul Salam Khan、,"朱銘美術館長期投入修護研究，2024年完成159件修護案例，包含國內外委託案，朱銘美術館自創館以來持續發展修復制度與研究技術，積極對應臺灣潮濕氣候所帶來的保存挑戰。2024年完成159件作品修護，包含新北市美術館、基隆市文化觀光局與新加坡Ho Bee Land等委託案，展現高度信任與修護團隊的專業實力。同年面對山陀兒颱風造成的139件災損作品，團隊即刻修護，也凸顯修護不僅是保存藝術，更是一場與自然和時間的抗衡。
「保持老樣子，變樣就不好了。」朱銘先生的一句話，正是藝術修護精神的寫照。《木雕修護101》是一場從入門角度出發的展覽，帶領觀眾了解修護這門兼具科學與藝術的專業。
展名「101」取自美國大學入門課程代碼，象徵基礎知識的學習起點。從作品診斷、清潔到視覺整飾，每一環節都講求謹慎與尊重，強調「最少干預」原則，維護作品的原貌與歷史痕跡。《木雕修護101》不只是專業分享，更是一場尊重藝術、敬畏時間的集體行動。它揭示了美術館營運背後未被看見的專業工作，也傳遞藝術不只是創作，更需後續的守護與呵護。本展不只是技術介紹，更是一場藝術保存意識的推廣。讓我們一起走進修護的世界，認識藝術延續生命的關鍵工程。"
https://artemperor.tw/tidbits/7559,台灣，台中市,國立自然科學博物館【科博館《古代人說故事》展考古成果!  】南屯山仔腳遺址出土的鐵刀首亮相,https://d2onjhd726mt7c.cloudfront.net/images/datas/000/060/398/bazvw2q790cntw8g3cm65ofgytcjair9_800x420^.jpg,2018-07-05 ~ 2028-12-31,館前路1號,https://www.juming.org.tw/mainssl/modules/MySpace/BlogInfo.php?xmlid=375846,孫維新 屈慧麗 李天德 劉克竑,"想要了解東海岸舊石器時代八仙洞，新石器時代的卑南、麒麟文化及中部大坌坑、牛罵頭、大馬璘、營埔及番仔園文化嗎?科博館更新常設展區，推出《古代人說故事》，展覽內容生動活潑，並以動畫影像剪輯及多媒體互動方式呈現，除了認識歷史課本寫的考古學是什麼外，更能讓您親身體驗臺灣古代人的生活方式!
目前中部地區是臺灣考古學研究的重心之一，近二十年來考古工作者在各地獲得豐碩的挖掘成果，因此科博館決定依據最新考古發掘資料，更新該常設展區，除了展示臺中安和遺址發現栽種的稻米、母與子、戴鯊魚牙玉飾的青年及南屯山仔腳出土完整的鐵刀， 此外還有民間蒐藏家蔡坤玉先生提供一件澎湖海溝帶人工鋸痕的鹿角，結合張鈞翔博士澎湖原人的研究，證明19至45萬年前就有獵人到臺灣。歡迎民眾踴躍參觀!"
https://artemperor.tw/tidbits/11589,台灣，桃園市,中原建築第57屆畢業籌備會【中原建築第57屆畢業設計線上展】《Turnaround time 轉迴時間》正式上線！,https://d2onjhd726mt7c.cloudfront.net/images/datas/000/087/972/2pvdsqtkb5iuomftdya7h4rwnoe53lhe_800x420^.jpg,2021-07-20 ~ 2031-07-20,線上,https://www.juming.org.tw/mainssl/modules/MySpace/BlogInfo.php?xmlid=375846,中原建築第57屆畢業生,"• Date
2021-07-20 ...till the end of the world
• Opening Hours
24/7
• Address
https://cyar57.xyz/#0
In order to see what's happening, you have to go back twice as far as you intend to jump forward. That is the rule.
--Bruce Sterling (American science fiction author who define the cyberpunk genre with William Gibson)
2021
今年不是重來的一年，而是整備的一年。疫情猝不及防的吆喝世界停止，無法跳過的當下終於成為所有人共同捱過的今日；世界不會因為疫情重新來過，然而突來的空白卻很容易使現實淡忘昨日在今天的影響，讓扭轉時間的幻想趁虛而入，因此必須更謹慎爬梳累積到今日的脈絡，緊抓著高速運轉的齒輪難得停頓的片刻，看清楚當下，計劃下一步。
特展主題訂為Turnaround Time（轉迴時間），原意指資訊工程中一項任務從被處理器承接到完成的反應時間，單看字面的話卻容易被誤解成操控時間回到過去的意思。名詞的雙面性代表對於當前時代的另一種解讀：雖然疫情限制人類不能隨意投擲幻想，但也同時帶來一段終於能直面困境的時間。另一方面也說明，對於我們而言，畢業設計是學習歷程中一段面對自我懷疑與掙扎的整備時間，同時期望自身透過對在地歷史脈絡的執著，在特殊的時空背景下能藉由設計打開更多接近建築的視角。
中原建築系成立於民國四十九年。如今時光飛逝，已成立滿一甲子，過去幾年學長姐們除了將中原建築一貫關懷社會的精神實踐於中壢大觀園，使頹敗的老舊眷村再次被注入活水，讓五年的建築學習轉為一顆顆關懷社會環境的種子，更將讓這些種子在台北松山菸廠萌芽。
今年，繼續帶著這種精神成就我們的畢業展覽，在初期策畫時，便以致敬2016-2018年學長姐的畢展--SUMMER SHOW為概念之一，在松菸展場設計帶入中原建築系館與「大觀園」的元素。2020年的疫情下，策畫實體畢展同時，我們也規劃作品集網站，其相較實體展更能完整的呈現同學們的設計過程。也創立【CYAR57-TAT 】podcast 節目，多方面紀錄五年來的建築生活及畢業設計分享，邀請老師與同學們在節目上介紹與討論作品與生活，在無法碰面的時刻，透過聲音將大家凝聚在一起。
五月中的疫情來得突然，實體展覽取消，卻也讓我們有機會記錄下系館今日的樣貌── 中原建築畢展首次與artogo平台合作，以建築系館空間作為展場，適逢創系六十周年後的第一屆展覽，希望這項紀錄能夠連結每個世代中原建築人的回憶；集結了陪伴我們五年的系館靜物，展出同學的實體模型，讓觀者能夠身歷其境，呈現了疫情之下非日常的日常。同時主動線上串連松菸學園祭的各校建築系，在podcast頻道以【archid-19】系列邀請各校分享生活，也藉此更加了解彼此的異同。
感謝所有支持中原建築的企業及校友，在疫情下我們付出更多的時間與精力，不斷溝通調整，並尋求多方媒體協助，呈現中原建築系學生的專業能力及熱情，也讓參觀者了解學校特色，中原建築誠摯邀請您參與我們的線上展覽，永久為您完整呈現！
展覽詳細資訊、其他活動：
▫️作品集網站
https://cyar57.xyz/#0
▫️VR虛擬線上展
https://artogo.tw/exhibition/turnaroundtime/space
▫️artogo 網頁作品瀏覽
https://artogo.tw/exhibition/turnaroundtime
▫️新一代2021年度線上展覽
https://www.yodex.com.tw/schools/45
特別企劃
▫️Podcast
【CYAR57-TAT 】中原學生作品分享，邀請邱裕文 / 阮慶岳、詹偉雄老師與學生對談
【archid-19】邀請松菸學園祭各校分享生活
available on ⬇️
Google Podcast (https://reurl.cc/8yNWrd)
Apple Podcast (https://reurl.cc/g8a2k4)
Spotify (https://reurl.cc/qm05DD)
▫️線上座談
阮慶岳、詹偉雄老師
https://youtu.be/33nKf5xzP30
相關網站
▫️Facebook粉絲專頁：https://www.facebook.com/2021CYARexpo
▫️Instagram粉絲專頁：https://www.instagram.com/cyar_57th_2021/
▫️VR虛擬線上展：https://artogo.tw/exhibition/turnaroundtime/space
▫️artogo 網頁作品瀏覽：https://artogo.tw/exhibition/turnaroundtime
▫️新一代2021年度線上展覽：https://www.yodex.com.tw/schools/45"
https://artemperor.tw/tidbits/16136,台灣，台中市,國立自然科學博物館【《奇幻自然》常設展區】讓你「哇」不完！,https://d2onjhd726mt7c.cloudfront.net/images/datas/000/107/973/n1ryjqow12dhrwn2lq7bo23qpgw16fh0_800x420^.jpg,2024-01-19 ~ 2053-12-31,台中市北區館前路1號,https://www.juming.org.tw/mainssl/modules/MySpace/BlogInfo.php?xmlid=375846,國立自然科學博物館、御匠設計工程股份有限公司,"國立自然科學博物館迎來生命科學廳的華麗轉身，全新常設展《奇幻自然》即日起開幕，展區規劃5大主題，由科博館內近20名研究人員共同策劃，深入淺出呈現自然界的規則與奧祕。踏進展場首先映入眼簾是一件逾400歲的巨大臺灣雲杉標本，觀眾可在體驗區用嗅覺、觸覺感受它的氣味及紋理，還有身長近4公尺，可手動操作的機械魷魚，吸睛又酷炫。
《奇幻自然》常設展區位於生命科學廳地下1樓，展區面積253坪，從規劃評估、設計提案凝聚20名共同策展人、知名御匠設計公司及其合作團隊心血，歷經3年多溝通琢磨，才將它的前身《數與形》改頭換面。
《奇幻自然》包含5單元：〈哇自然！嗨科學〉、〈圓不圓：蛋科學〉、〈動一動：生物力學〉、〈追呀追：計算與行為〉、〈說故事：探索自然，發現科學〉，細緻介紹自然界的多樣性、形態、功能、行為和科學探究，觀眾可盡情探索琳瑯滿目的科學故事。
博物館常設展一般會展出10年至20年，拜科技所賜，如今學界每隔幾年就可能「發現新物種」或「建立新理論」，因此展示櫃特別設計成「前開式」，方便未來依據學術發現與時俱進、即時更新展品或標本，也能配合講座或導覽需求與觀眾互動。
國立自然科學博物館生命科學廳1988年完工，由首任館長漢寶德邀請英籍設計師James Gardner設計、英國Beck ＆ Politzer公司製作，以大自然的奧祕為主題，展示遠古生物到現代人類的精彩演化，深受大眾歡迎。當時《數與形》就有多種趣味互動裝置，搭配簡單易懂、延伸性數科概念，為無數人打開自然科學視野。"
https://artemperor.tw/tidbits/19132,台灣，台中市,國立自然科學博物館【全臺首座礦物常設展！】《大地瑰寶》帶您探索礦物之美與科學奧秘,https://d2onjhd726mt7c.cloudfront.net/images/datas/000/121/742/mg3bdli73tfp7g222tj99nmukcmrhnef_800x420^.jpg,2025-09-17 ~ 2055-12-31,台中市北區館前路1號,https://www.juming.org.tw/mainssl/modules/MySpace/BlogInfo.php?xmlid=375846,國立自然科學博物館、御匠設計工程股份有限公司,"歷時5年籌劃，國立自然科學博物館即日起隆重推出臺灣首座大型礦物常設展《大地瑰寶》，展區分為3廳、近600坪，匯聚本館30餘年珍稀礦物蒐藏，現場精選1700餘件礦物標本，包括巨大鐘乳石群、隨紫外線不同波段綻放絢麗光彩的螢光礦物、巨大心型的紫水晶洞、臺灣獨有寶藏北投石，以及曾為臺灣創造經濟奇蹟的九份金瓜石、自然金和豐田閃玉，亦有人類首度成功登月，由阿波羅11號帶回的月岩，規模浩大，每件展品皆有精彩故事，可完整呈現礦物從地球孕育、環境變遷到人類應用的壯麗篇章。
《大地瑰寶》以「探索大地寶藏」為核心概念，入口設計如岩洞般意象，引領觀眾步入8大單元：「礦物演化」、「礦物無所不在」、「晶體對稱之美」、「晶體色澤之美」、「臺灣寶藏」、「世界礦區－晶體大觀」、「礦物世界」、「礦物與生活」，觀眾將透過情境設計、多媒體互動與創新展示，認識礦物的演化、特性、美學價值以及與人類生活的緊密關聯。
《大地瑰寶》自2019年起展開籌劃，地質學組研究團隊以館藏標本為核心，依照演化進程、物理特性的晶型與色澤、生長環境與自然元素，以及臺灣礦產資源、世界特色礦區等規劃參觀動線。在其中的挑高區，本館典藏重達5噸、高3公尺的鐘乳石林矗立其中，相當壯觀，也塑造鐘乳石原生的洞穴景觀，得以理解鐘乳石生長脈絡，是本次亮點展品之一，期盼引導觀眾能逐步深入兼具知識性與美感的礦物國度。"
